caso,accepted,latent_pod_modes,latent_pod_energy_capture,polynomial_order,method,alpha,smooth_window,use_time_poly,use_time_sine,use_state_sine,integrator,frequency,library_size,n_possible_terms,n_nonzero_terms,sparsity,derivative_l2_error,one_step_l2_error,free_integration_success,free_trajectory_l2_error,aic,derivative_rmse,derivative_mae,derivative_max_abs,derivative_rel_l2,derivative_r2,one_step_rmse,one_step_mae,one_step_max_abs,one_step_rel_l2,one_step_r2,free_rmse,free_mae,free_max_abs,free_rel_l2,free_r2,train_derivative_rmse,train_derivative_mae,train_derivative_max_abs,train_derivative_rel_l2,train_derivative_r2,val_derivative_rmse,val_derivative_mae,val_derivative_max_abs,val_derivative_rel_l2,val_derivative_r2,train_one_step_rmse,train_one_step_mae,train_one_step_max_abs,train_one_step_rel_l2,train_one_step_r2,val_one_step_rmse,val_one_step_mae,val_one_step_max_abs,val_one_step_rel_l2,val_one_step_r2,overfit_derivative_r2_gap,overfit_one_step_r2_gap,integration_message
Laminar,True,4,0.9094789895001764,1,alasso,0.001,21,True,False,False,RK45,0.9990138609081209,8,32,32,0.0,0.9120489009024767,0.047824091629308146,True,0.6336838402156747,-3589.290630294731,25.20853036771833,14.890152749263194,246.79273114411043,0.9120489009024767,0.16815822731179497,0.04782409162930891,0.02237300842588598,1.4691996720875247,0.047824091629308146,0.9977128562598314,0.6336838402156846,0.4742378319213454,2.7228438961893624,0.6336838402156747,0.5984447906495027,25.339927776076248,14.271224945443873,246.79273114411043,0.8894474077514093,0.20848874329983802,24.67527199509381,17.36895860355956,108.70873429030725,1.0309619045096168,-0.0711551402863475,0.04982430078565813,0.021050641928815634,1.4691996720875247,0.04702088626646831,0.9977809275368934,0.038793018955485856,0.02766908624665272,0.21600523494225932,0.05441706979207004,0.996598280154985,0.2796438835861855,0.0011826473819084304,
Laminar,True,4,0.9094789895001764,1,alasso,0.001,21,True,False,False,Radau,0.9990138609081209,8,32,32,0.0,0.9120489009024767,0.047824091629308146,True,0.6336840389216984,-3589.2881192040454,25.20853036771833,14.890152749263194,246.79273114411043,0.9120489009024767,0.16815822731179497,0.04782409162930891,0.02237300842588598,1.4691996720875247,0.047824091629308146,0.9977128562598314,0.6336840389217083,0.47423799547457157,2.7228435315254935,0.6336840389216984,0.5984445388158708,25.339927776076248,14.271224945443873,246.79273114411043,0.8894474077514093,0.20848874329983802,24.67527199509381,17.36895860355956,108.70873429030725,1.0309619045096168,-0.0711551402863475,0.04982430078565813,0.021050641928815634,1.4691996720875247,0.04702088626646831,0.9977809275368934,0.038793018955485856,0.02766908624665272,0.21600523494225932,0.05441706979207004,0.996598280154985,0.2796438835861855,0.0011826473819084304,
Laminar,True,4,0.9094789895001764,1,alasso,0.001,21,True,True,False,RK45,0.9990138609081209,10,40,37,0.07499999999999996,0.8945925463226098,0.04761873916517167,True,0.7025687214698647,-2752.920563685621,24.726046320973897,14.57499194216274,246.84087793996534,0.8945925463226098,0.19969592611998277,0.04761873916517242,0.022197906156578746,1.4730277319667946,0.04761873916517167,0.9977324556803193,0.7025687214698757,0.5299266538427829,2.2969997197346235,0.7025687214698647,0.5063971916121842,24.941716571764655,14.104482462439025,246.84087793996534,0.87546994394242,0.23317011528508924,23.842742540558927,16.459382408456225,105.95668138679713,0.9961778440875763,-9.417429338265393e-05,0.04968815655727253,0.02098473941535998,1.4730277319667946,0.0468924023303606,0.9977930381392451,0.03822385573502018,0.027056638955159876,0.21834037071233137,0.05361867370109552,0.9966973665676757,0.2332642895784719,0.0010956715715694232,
Laminar,True,4,0.9094789895001764,1,alasso,0.001,21,True,True,False,Radau,0.9990138609081209,10,40,37,0.07499999999999996,0.8945925463226098,0.04761873916517167,True,0.7025691486147481,-2752.9156950157226,24.726046320973897,14.57499194216274,246.84087793996534,0.8945925463226098,0.19969592611998277,0.04761873916517242,0.022197906156578746,1.4730277319667946,0.04761873916517167,0.9977324556803193,0.7025691486147589,0.529926976044166,2.2969992166070288,0.7025691486147481,0.5063965914147327,24.941716571764655,14.104482462439025,246.84087793996534,0.87546994394242,0.23317011528508924,23.842742540558927,16.459382408456225,105.95668138679713,0.9961778440875763,-9.417429338265393e-05,0.04968815655727253,0.02098473941535998,1.4730277319667946,0.0468924023303606,0.9977930381392451,0.03822385573502018,0.027056638955159876,0.21834037071233137,0.05361867370109552,0.9966973665676757,0.2332642895784719,0.0010956715715694232,
Laminar,True,4,0.9094789895001764,1,alasso,0.001,51,True,False,False,RK45,0.9990138609081209,8,32,32,0.0,0.8243279554796863,0.0479335581071349,True,0.6823865909811638,-2996.3287337891097,16.613242726061625,11.830784523299666,78.17416414215188,0.8243279554796863,0.32044638512633805,0.04793355810713565,0.02227458636858829,1.4848171300177961,0.0479335581071349,0.9977023740071899,0.6823865909811746,0.5228014961321401,2.46613049224955,0.6823865909811638,0.5343485404490911,16.379062664264538,11.54859703648826,78.17416414215188,0.7782144879687541,0.39355173116613984,17.51978952602326,12.960945407979352,67.25318411186772,1.0891119758318182,-0.2125890238866297,0.0499409702763658,0.02090007267221311,1.4848171300177961,0.04713099123064899,0.9977705229282896,0.03886831026523621,0.02777951372257088,0.21614481506233807,0.054522684992117314,0.996585062906406,0.6061407550527695,0.0011854600218835776,
Laminar,True,4,0.9094789895001764,1,alasso,0.001,51,True,False,False,Radau,0.9990138609081209,8,32,32,0.0,0.8243279554796863,0.0479335581071349,True,0.6823868125324605,-2996.32613382229,16.613242726061625,11.830784523299666,78.17416414215188,0.8243279554796863,0.32044638512633805,0.04793355810713565,0.02227458636858829,1.4848171300177961,0.0479335581071349,0.9977023740071899,0.6823868125324711,0.5228017171954322,2.466129744768101,0.6823868125324605,0.5343482380817741,16.379062664264538,11.54859703648826,78.17416414215188,0.7782144879687541,0.39355173116613984,17.51978952602326,12.960945407979352,67.25318411186772,1.0891119758318182,-0.2125890238866297,0.0499409702763658,0.02090007267221311,1.4848171300177961,0.04713099123064899,0.9977705229282896,0.03886831026523621,0.02777951372257088,0.21614481506233807,0.054522684992117314,0.996585062906406,0.6061407550527695,0.0011854600218835776,
Laminar,False,4,0.9094789895001764,1,alasso,0.001,51,True,True,False,RK45,0.9990138609081209,10,40,38,0.050000000000000044,0.7842997408505644,0.04769048906958376,True,1.436874496011231,2978.6618883812857,15.806526853933374,11.310968657494824,75.43979323089913,0.7842997408505644,0.38484038938293397,0.0476904890695845,0.022042823543538866,1.4811623658082065,0.04769048906958376,0.9977256172523038,1.4368744960112536,1.0415208203723858,4.898249930727224,1.436874496011231,-1.0646083172875938,15.647747991664701,11.180620706135645,75.43979323089913,0.743467708794204,0.4464977915771027,16.427061771597042,11.833012202688328,60.56792401939832,1.0211829129910994,-0.06604526207808026,0.04973183594941547,0.02075302080823287,1.4811623658082065,0.04693362405746476,0.9977891562836928,0.03844343048020671,0.02720848349843938,0.22185140015412608,0.05392668309441194,0.9966593140089718,0.5125430536551829,0.0011298422747210157,
Laminar,False,4,0.9094789895001764,1,alasso,0.001,51,True,True,False,Radau,0.9990138609081209,10,40,38,0.050000000000000044,0.7842997408505644,0.04769048906958376,True,1.4368753080041696,2978.6664137853013,15.806526853933374,11.310968657494824,75.43979323089913,0.7842997408505644,0.38484038938293397,0.0476904890695845,0.022042823543538866,1.4811623658082065,0.04769048906958376,0.9977256172523038,1.436875308004192,1.0415213815261724,4.898253012942686,1.4368753080041696,-1.0646106507521416,15.647747991664701,11.180620706135645,75.43979323089913,0.743467708794204,0.4464977915771027,16.427061771597042,11.833012202688328,60.56792401939832,1.0211829129910994,-0.06604526207808026,0.04973183594941547,0.02075302080823287,1.4811623658082065,0.04693362405746476,0.9977891562836928,0.03844343048020671,0.02720848349843938,0.22185140015412608,0.05392668309441194,0.9966593140089718,0.5125430536551829,0.0011298422747210157,
Laminar,False,4,0.9094789895001764,1,alasso,0.01,21,True,False,False,RK45,0.9990138609081209,8,32,27,0.15625,0.9183013156871668,0.04797400469638163,True,0.8487710685952616,-1259.0379448594615,25.38134367610066,15.056563523972683,261.3029533021586,0.9183013156871668,0.15671400058348228,0.047974004696382376,0.022430408512252375,1.4871681893837727,0.04797400469638163,0.9976984948733915,0.8487710685952748,0.5913660000539143,3.2834789756132263,0.8487710685952616,0.27958767311563526,25.472967171827595,14.357351690748573,261.3029533021586,0.8941171742450443,0.2001557592126869,25.011027780260978,17.85690691603524,109.91586053822907,1.0449901763679736,-0.10050382473175268,0.04997900208284628,0.021064127091579433,1.4871681893837727,0.04716688313919217,0.997767125984828,0.038922243751369705,0.027902365602047487,0.21398983168668761,0.05459834041564657,0.9965755792296314,0.3006595839444396,0.0011915467551966152,
Laminar,False,4,0.9094789895001764,1,alasso,0.01,21,True,False,False,Radau,0.9990138609081209,8,32,27,0.15625,0.9183013156871668,0.04797400469638163,True,0.8487713898990331,-1259.0349134176397,25.38134367610066,15.056563523972683,261.3029533021586,0.9183013156871668,0.15671400058348228,0.047974004696382376,0.022430408512252375,1.4871681893837727,0.04797400469638163,0.9976984948733915,0.8487713898990462,0.5913662588790258,3.283478896087429,0.8487713898990331,0.2795871276888412,25.472967171827595,14.357351690748573,261.3029533021586,0.8941171742450443,0.2001557592126869,25.011027780260978,17.85690691603524,109.91586053822907,1.0449901763679736,-0.10050382473175268,0.04997900208284628,0.021064127091579433,1.4871681893837727,0.04716688313919217,0.997767125984828,0.038922243751369705,0.027902365602047487,0.21398983168668761,0.05459834041564657,0.9965755792296314,0.3006595839444396,0.0011915467551966152,
Laminar,True,4,0.9094789895001764,1,alasso,0.01,21,True,True,False,RK45,0.9990138609081209,10,40,34,0.15000000000000002,0.895322718260216,0.04762375832838448,True,0.73068755329115,-2444.664828931841,24.74622787203392,14.586742823428446,246.87762120931848,0.895322718260216,0.19838896675028528,0.047623758328385224,0.022192041612158857,1.473100940962045,0.04762375832838448,0.9977319776426795,0.7306875532911614,0.5400286158538846,2.232634844962444,0.73068755329115,0.4660956994653762,24.972756613894358,14.125381235094876,246.87762120931848,0.8765594689502544,0.2312602833808738,23.81739624709036,16.434495984704387,105.94818924738416,0.9951188461161734,0.0020310180410119116,0.04969751727539178,0.020981025780141386,1.473100940962045,0.04690123635823692,0.9977922065248221,0.03820641031189212,0.02704216001938883,0.21838918683366093,0.05359420206074701,0.996700380533095,0.22922926533986188,0.001091825991727191,
Laminar,True,4,0.9094789895001764,1,alasso,0.01,21,True,True,False,Radau,0.9990138609081209,10,40,34,0.15000000000000002,0.895322718260216,0.04762375832838448,True,0.7306880241874876,-2444.659668125914,24.74622787203392,14.586742823428446,246.87762120931848,0.895322718260216,0.19838896675028528,0.047623758328385224,0.022192041612158857,1.473100940962045,0.04762375832838448,0.9977319776426795,0.7306880241874989,0.5400289743216314,2.232634469358584,0.7306880241874876,0.466095011308969,24.972756613894358,14.125381235094876,246.87762120931848,0.8765594689502544,0.2312602833808738,23.81739624709036,16.434495984704387,105.94818924738416,0.9951188461161734,0.0020310180410119116,0.04969751727539178,0.020981025780141386,1.473100940962045,0.04690123635823692,0.9977922065248221,0.03820641031189212,0.02704216001938883,0.21838918683366093,0.05359420206074701,0.996700380533095,0.22922926533986188,0.001091825991727191,
Laminar,False,4,0.9094789895001764,1,alasso,0.01,51,True,False,False,RK45,0.9990138609081209,8,32,29,0.09375,0.8276418515324193,0.04803427152366223,True,3.191170112200101,9350.384348223717,16.68002993026478,11.884061593746326,76.77490887249988,0.8276418515324193,0.31497163052133237,0.04803427152366298,0.022235376050875902,1.4964268483125256,0.04803427152366223,0.997692708759191,3.1911701122001506,2.117572518354362,13.456533169225308,3.191170112200101,-9.183566684999521,16.4252493965365,11.598129873051294,76.77490887249988,0.7804089471354801,0.3901267053987484,17.663631968613764,13.029218135129936,67.25317094994354,1.0980538941479898,-0.2325821628328153,0.05005811556358821,0.02084356264338257,1.4964268483125256,0.04724154522017378,0.9977600514038618,0.03888706533630235,0.0278095887478867,0.21614481884718728,0.054548993746595345,0.9965817665017109,0.6227088682315637,0.0011782849021508834,
Laminar,False,4,0.9094789895001764,1,alasso,0.01,51,True,False,False,Radau,0.9990138609081209,8,32,29,0.09375,0.8276418515324193,0.04803427152366223,True,3.191170211560847,9350.38459756199,16.68002993026478,11.884061593746326,76.77490887249988,0.8276418515324193,0.31497163052133237,0.04803427152366298,0.022235376050875902,1.4964268483125256,0.04803427152366223,0.997692708759191,3.1911702115608978,2.1175724083682548,13.456535636401123,3.191170211560847,-9.183567319153624,16.4252493965365,11.598129873051294,76.77490887249988,0.7804089471354801,0.3901267053987484,17.663631968613764,13.029218135129936,67.25317094994354,1.0980538941479898,-0.2325821628328153,0.05005811556358821,0.02084356264338257,1.4964268483125256,0.04724154522017378,0.9977600514038618,0.03888706533630235,0.0278095887478867,0.21614481884718728,0.054548993746595345,0.9965817665017109,0.6227088682315637,0.0011782849021508834,
Laminar,False,4,0.9094789895001764,1,alasso,0.01,51,True,True,False,RK45,0.9990138609081209,10,40,33,0.17500000000000004,0.8069079055906256,0.047862443537057896,True,6.70511288719803,15304.1857857275,16.262164596073106,11.609227529304578,76.42103513531782,0.8069079055906256,0.34886414401736854,0.04786244353705864,0.02224127639469971,1.479502492868052,0.047862443537057896,0.9977091864986619,6.705112887198135,4.499206131388213,28.460542173303562,6.70511288719803,-43.95853883007051,16.20504431429945,11.516769107361903,76.42103513531782,0.7699463957163987,0.40636962118888853,16.48894825378013,11.979523509184993,60.848558962353955,1.0250300658799845,-0.07409272244560539,0.04992022216542227,0.0209786713777092,1.479502492868052,0.04711141053308704,0.997772375028018,0.038535011445588394,0.02729800948774671,0.22606240392109966,0.054055148677111725,0.9966433785080369,0.4804623436344939,0.001128996519981107,
Laminar,False,4,0.9094789895001764,1,alasso,0.01,51,True,True,False,Radau,0.9990138609081209,10,40,33,0.17500000000000004,0.8069079055906256,0.047862443537057896,True,6.705110295375572,15304.182690280997,16.262164596073106,11.609227529304578,76.42103513531782,0.8069079055906256,0.34886414401736854,0.04786244353705864,0.02224127639469971,1.479502492868052,0.047862443537057896,0.9977091864986619,6.705110295375678,4.499205155826779,28.460517511187295,6.705110295375572,-43.95850407315291,16.20504431429945,11.516769107361903,76.42103513531782,0.7699463957163987,0.40636962118888853,16.48894825378013,11.979523509184993,60.848558962353955,1.0250300658799845,-0.07409272244560539,0.04992022216542227,0.0209786713777092,1.479502492868052,0.04711141053308704,0.997772375028018,0.038535011445588394,0.02729800948774671,0.22606240392109966,0.054055148677111725,0.9966433785080369,0.4804623436344939,0.001128996519981107,
Laminar,True,4,0.9094789895001764,1,alasso,0.1,21,True,False,False,RK45,0.9990138609081209,8,32,23,0.28125,0.9219655422716256,0.04803114826437049,True,0.6890752454852598,-2936.217672262339,25.48262088507172,15.065841381715048,264.520030784294,0.9219655422716256,0.14997077632744416,0.048031148264371236,0.02239422483839628,1.4911194736669204,0.04803114826437049,0.997693008796406,0.6890752454852707,0.4685431038702896,3.604548157198843,0.6890752454852598,0.525175306059414,25.624018498746437,14.371811003700575,264.520030784294,0.8994191708550038,0.19064169286291255,24.908279908111073,17.845433045663018,110.28056925374042,1.0406972493446345,-0.09148043180329712,0.05006414927092381,0.021027957933021754,1.4911194736669204,0.047247239434882654,0.9977595113911727,0.038836615582354204,0.027866123794421268,0.2165138745148597,0.054478225142977794,0.9965906299721168,0.2821221246662097,0.0011688814190559116,
Laminar,True,4,0.9094789895001764,1,alasso,0.1,21,True,False,False,Radau,0.9990138609081209,8,32,23,0.28125,0.9219655422716256,0.04803114826437049,True,0.6890752705955528,-2936.217380446279,25.48262088507172,15.065841381715048,264.520030784294,0.9219655422716256,0.14997077632744416,0.048031148264371236,0.02239422483839628,1.4911194736669204,0.04803114826437049,0.997693008796406,0.6890752705955636,0.46854312369876183,3.6045479683502726,0.6890752705955528,0.5251752714536507,25.624018498746437,14.371811003700575,264.520030784294,0.8994191708550038,0.19064169286291255,24.908279908111073,17.845433045663018,110.28056925374042,1.0406972493446345,-0.09148043180329712,0.05006414927092381,0.021027957933021754,1.4911194736669204,0.047247239434882654,0.9977595113911727,0.038836615582354204,0.027866123794421268,0.2165138745148597,0.054478225142977794,0.9965906299721168,0.2821221246662097,0.0011688814190559116,
Laminar,False,4,0.9094789895001764,1,alasso,0.1,21,True,True,False,RK45,0.9990138609081209,10,40,26,0.35,0.916786344852093,0.04791469912923268,True,1.377693813964018,2617.850903135932,25.339470714832494,14.897181106562106,256.5980637070863,0.916786344852093,0.15949413352803643,0.04791469912923344,0.02241146850562962,1.4753205192089716,0.04791469912923268,0.9977041816073551,1.3776938139640398,1.05283230387521,3.2966414380430797,1.377693813964018,-0.8980402450347824,25.387074438889393,14.2463775785397,256.5980637070863,0.8911022852788374,0.20554068202832143,25.14791467327129,17.503649236291846,112.02305891415159,1.0507094718613879,-0.11258303987489016,0.049881180781756074,0.021027373698139788,1.4753205192089716,0.047074565852236384,0.9977758580074216,0.03905895044004904,0.027954768209626408,0.2112690904243243,0.05479010629567366,0.9965514817827359,0.3181237219032116,0.0012243762246857415,
Laminar,False,4,0.9094789895001764,1,alasso,0.1,21,True,True,False,Radau,0.9990138609081209,10,40,26,0.35,0.916786344852093,0.04791469912923268,True,1.3776949881135778,2617.8577280091886,25.339470714832494,14.897181106562106,256.5980637070863,0.916786344852093,0.15949413352803643,0.04791469912923344,0.02241146850562962,1.4753205192089716,0.04791469912923268,0.9977041816073551,1.3776949881135994,1.052833248668661,3.296642834991049,1.3776949881135778,-0.8980434802733308,25.387074438889393,14.2463775785397,256.5980637070863,0.8911022852788374,0.20554068202832143,25.14791467327129,17.503649236291846,112.02305891415159,1.0507094718613879,-0.11258303987489016,0.049881180781756074,0.021027373698139788,1.4753205192089716,0.047074565852236384,0.9977758580074216,0.03905895044004904,0.027954768209626408,0.2112690904243243,0.05479010629567366,0.9965514817827359,0.3181237219032116,0.0012243762246857415,
Laminar,False,4,0.9094789895001764,1,alasso,0.1,51,True,False,False,RK45,0.9990138609081209,8,32,24,0.25,0.8505754887391276,0.048251749349630876,True,1.0181916642340678,192.36963089209118,17.1422271407,12.164449914711556,78.85896711883858,0.8505754887391276,0.2764819051379399,0.04825174934963163,0.022330494528440183,1.5174591880573873,0.048251749349630876,0.9976717686847003,1.0181916642340836,0.7750713801361979,4.561720124365736,1.0181916642340678,-0.036714265115773026,17.013641960315677,11.984736035643714,78.85896711883858,0.8083651023277465,0.34564978412919034,17.647823248051008,12.884204000378265,63.24030634354641,1.0970711502136576,-0.23037686016775938,0.0503289883783765,0.020960586140206582,1.5174591880573873,0.04749717710292977,0.9977357443454259,0.0388343200398295,0.027816977623315732,0.21610081953548965,0.05447500506108829,0.9965910330001595,0.5760266442969497,0.0011447113452663915,
Laminar,False,4,0.9094789895001764,1,alasso,0.1,51,True,False,False,Radau,0.9990138609081209,8,32,24,0.25,0.8505754887391276,0.048251749349630876,True,1.0181919326021114,192.37174158606592,17.1422271407,12.164449914711556,78.85896711883858,0.8505754887391276,0.2764819051379399,0.04825174934963163,0.022330494528440183,1.5174591880573873,0.048251749349630876,0.9976717686847003,1.0181919326021274,0.7750716212225269,4.5617206768625564,1.0181919326021114,-0.036714811616055165,17.013641960315677,11.984736035643714,78.85896711883858,0.8083651023277465,0.34564978412919034,17.647823248051008,12.884204000378265,63.24030634354641,1.0970711502136576,-0.23037686016775938,0.0503289883783765,0.020960586140206582,1.5174591880573873,0.04749717710292977,0.9977357443454259,0.0388343200398295,0.027816977623315732,0.21610081953548965,0.05447500506108829,0.9965910330001595,0.5760266442969497,0.0011447113452663915,
Laminar,False,4,0.9094789895001764,1,alasso,0.1,51,True,True,False,RK45,0.9990138609081209,10,40,28,0.30000000000000004,0.8280053878139563,0.04798049402306073,True,1.1726144431305643,1331.160467834487,16.687356524546527,11.915521659288418,80.0995438532078,0.8280053878139563,0.31436970987482826,0.047980494023061475,0.022332370503025705,1.4796686541118313,0.04798049402306073,0.997697872193303,1.1726144431305827,0.9237267777682048,2.863116412775364,1.1726144431305643,-0.37502463223844673,16.356246766259364,11.578241808102096,80.0995438532078,0.7771304416623448,0.3952401091830192,17.952348344131483,13.266327463289635,67.41173902204193,1.1160018530391647,-0.2732051806673579,0.04995038453908046,0.020905304103064765,1.4796686541118313,0.04713987579038006,0.9977696823014041,0.03910896068080345,0.028047771434869247,0.213026324252643,0.05486025837031818,0.9965426453121103,0.6684452898503771,0.0012270369892937172,
Laminar,False,4,0.9094789895001764,1,alasso,0.1,51,True,True,False,Radau,0.9990138609081209,10,40,28,0.30000000000000004,0.8280053878139563,0.04798049402306073,True,1.1726154528376336,1331.1673633070566,16.687356524546527,11.915521659288418,80.0995438532078,0.8280053878139563,0.31436970987482826,0.047980494023061475,0.022332370503025705,1.4796686541118313,0.04798049402306073,0.997697872193303,1.1726154528376518,0.9237275889126388,2.863118426683003,1.1726154528376336,-0.3750270002336511,16.356246766259364,11.578241808102096,80.0995438532078,0.7771304416623448,0.3952401091830192,17.952348344131483,13.266327463289635,67.41173902204193,1.1160018530391647,-0.2732051806673579,0.04995038453908046,0.020905304103064765,1.4796686541118313,0.04713987579038006,0.9977696823014041,0.03910896068080345,0.028047771434869247,0.213026324252643,0.05486025837031818,0.9965426453121103,0.6684452898503771,0.0012270369892937172,
Laminar,True,4,0.9094789895001764,1,tlsa_norm,0.001,21,True,False,False,RK45,0.9990138609081209,8,32,32,0.0,0.9139876297588551,0.04789099365900783,True,0.731846972239024,-2435.9682002814156,25.26211576780205,14.906969889049163,256.17576245416427,0.9139876297588551,0.16461800110253721,0.04789099365900856,0.02235105818925782,1.4807827048237334,0.04789099365900783,0.9977064527263528,0.7318469722390355,0.5146607297686149,2.901415737218315,0.731846972239024,0.4644000092245564,25.37277199440675,14.238272217443175,256.17576245416427,0.8906002604790034,0.20643558699916242,24.813992328532873,17.585104063831146,109.43457152479664,1.0367578033019376,-0.08323271133559573,0.04989621531389572,0.020998973593421053,1.4807827048237334,0.047088754451266604,0.9977745170618743,0.0388358948974838,0.027766156995584063,0.2150120649113102,0.054477214199257835,0.9965907565052124,0.28966829833475816,0.001183760556661806,
Laminar,True,4,0.9094789895001764,1,tlsa_norm,0.001,21,True,False,False,Radau,0.9990138609081209,8,32,32,0.0,0.9139876297588551,0.04789099365900783,True,0.731847313808032,-2435.9644627733283,25.26211576780205,14.906969889049163,256.17576245416427,0.9139876297588551,0.16461800110253721,0.04789099365900856,0.02235105818925782,1.4807827048237334,0.04789099365900783,0.9977064527263528,0.7318473138080435,0.5146609934024522,2.901415724428616,0.731847313808032,0.46439950927195117,25.37277199440675,14.238272217443175,256.17576245416427,0.8906002604790034,0.20643558699916242,24.813992328532873,17.585104063831146,109.43457152479664,1.0367578033019376,-0.08323271133559573,0.04989621531389572,0.020998973593421053,1.4807827048237334,0.047088754451266604,0.9977745170618743,0.0388358948974838,0.027766156995584063,0.2150120649113102,0.054477214199257835,0.9965907565052124,0.28966829833475816,0.001183760556661806,
Laminar,True,4,0.9094789895001764,1,tlsa_norm,0.001,21,True,True,False,RK45,0.9990138609081209,10,40,40,0.0,0.9038474087325887,0.047741344899225796,True,0.7217467412736026,-2531.2564516767693,24.98184563160314,14.808098762240279,247.45986045313393,0.9038474087325887,0.18305144020345743,0.04774134489922654,0.022407624054845636,1.4732315516346772,0.047741344899225796,0.9977207639872131,0.7217467412736138,0.5232220806229644,2.285236666402955,0.7217467412736026,0.47908164146091914,25.17267722026942,14.317538807222235,247.45986045313393,0.8835768080156117,0.2189026500879533,24.202489267147428,16.772791382087544,106.17297660841301,1.0112084857136754,-0.030501317749312085,0.04978821406643904,0.021177893819953386,1.4732315516346772,0.04698683000289062,0.9977841408301593,0.038467088179333156,0.02733269364558911,0.21543757144165443,0.05395986903093213,0.9966552010949523,0.24940396783726537,0.0011289397352070019,
Laminar,True,4,0.9094789895001764,1,tlsa_norm,0.001,21,True,True,False,Radau,0.9990138609081209,10,40,40,0.0,0.9038474087325887,0.047741344899225796,True,0.7217470296963113,-2531.2532515395765,24.98184563160314,14.808098762240279,247.45986045313393,0.9038474087325887,0.18305144020345743,0.04774134489922654,0.022407624054845636,1.4732315516346772,0.047741344899225796,0.9977207639872131,0.7217470296963227,0.5232222620080891,2.2852375854869313,0.7217470296963113,0.47908122512453555,25.17267722026942,14.317538807222235,247.45986045313393,0.8835768080156117,0.2189026500879533,24.202489267147428,16.772791382087544,106.17297660841301,1.0112084857136754,-0.030501317749312085,0.04978821406643904,0.021177893819953386,1.4732315516346772,0.04698683000289062,0.9977841408301593,0.038467088179333156,0.02733269364558911,0.21543757144165443,0.05395986903093213,0.9966552010949523,0.24940396783726537,0.0011289397352070019,
Laminar,True,4,0.9094789895001764,1,tlsa_norm,0.001,51,True,False,False,RK45,0.9990138609081209,8,32,32,0.0,0.8279508069688315,0.04798141863831978,True,0.7618090670798142,-2114.6510572197767,16.68625651960041,11.916094133105414,77.41093267683482,0.8279508069688315,0.31446009828973265,0.047981418638320526,0.02228266761369892,1.4928019900275367,0.04798141863831978,0.9976977834654542,0.7618090670798261,0.56358495250468,2.9807023175955947,0.7618090670798142,0.41964694531496505,16.418798700038046,11.612682298303252,77.41093267683482,0.7801024567351753,0.39060564302812717,17.717004577791343,13.13125853148807,67.32252612948034,1.1013717849109097,-0.24004218194841376,0.049990951593167604,0.020884846133378522,1.4928019900275367,0.04717816029826714,0.9977660581387463,0.03890652020463837,0.027880942642382153,0.2148631402316432,0.054576284144624204,0.9965783454198119,0.6306478249765409,0.001187712718934364,
Laminar,True,4,0.9094789895001764,1,tlsa_norm,0.001,51,True,False,False,Radau,0.9990138609081209,8,32,32,0.0,0.8279508069688315,0.04798141863831978,True,0.7618093623889404,-2114.6479529839185,16.68625651960041,11.916094133105414,77.41093267683482,0.8279508069688315,0.31446009828973265,0.047981418638320526,0.02228266761369892,1.4928019900275367,0.04798141863831978,0.9976977834654542,0.7618093623889521,0.5635852243710967,2.9807021650900456,0.7618093623889404,0.4196464953765382,16.418798700038046,11.612682298303252,77.41093267683482,0.7801024567351753,0.39060564302812717,17.717004577791343,13.13125853148807,67.32252612948034,1.1013717849109097,-0.24004218194841376,0.049990951593167604,0.020884846133378522,1.4928019900275367,0.04717816029826714,0.9977660581387463,0.03890652020463837,0.027880942642382153,0.2148631402316432,0.054576284144624204,0.9965783454198119,0.6306478249765409,0.001187712718934364,
Laminar,False,4,0.9094789895001764,1,tlsa_norm,0.001,51,True,True,False,RK45,0.9990138609081209,10,40,40,0.0,0.8075090382486664,0.04781947547614568,True,1.2109106533749214,1612.5124425626243,16.274279631954407,11.679033826771468,76.43586821380643,0.8075090382486664,0.3478936123733056,0.04781947547614642,0.02227942842820709,1.479943171259053,0.04781947547614568,0.9977132977651862,1.21091065337494,0.9261739975623704,3.494262166003301,1.2109106533749214,-0.4663046104569244,16.1683589057365,11.578558102603857,76.43586821380643,0.768203370671197,0.4090543312380408,16.691756966106567,12.081439102062754,63.869353644683045,1.0376376030350205,-0.10067719717544654,0.049866625157192444,0.020999422541918406,1.479943171259053,0.0470608292145646,0.9977771558536987,0.03854594745817413,0.02740585200279326,0.2191144075915893,0.054070489214562735,0.9966414730583032,0.5097315284134873,0.001135682795395554,
Laminar,False,4,0.9094789895001764,1,tlsa_norm,0.001,51,True,True,False,Radau,0.9990138609081209,10,40,40,0.0,0.8075090382486664,0.04781947547614568,True,1.2109111269538293,1612.5155744362623,16.274279631954407,11.679033826771468,76.43586821380643,0.8075090382486664,0.3478936123733056,0.04781947547614642,0.02227942842820709,1.479943171259053,0.04781947547614568,0.9977132977651862,1.2109111269538482,0.9261742827212338,3.4942636444985347,1.2109111269538293,-0.4663057573806384,16.1683589057365,11.578558102603857,76.43586821380643,0.768203370671197,0.4090543312380408,16.691756966106567,12.081439102062754,63.869353644683045,1.0376376030350205,-0.10067719717544654,0.049866625157192444,0.020999422541918406,1.479943171259053,0.0470608292145646,0.9977771558536987,0.03854594745817413,0.02740585200279326,0.2191144075915893,0.054070489214562735,0.9966414730583032,0.5097315284134873,0.001135682795395554,
Laminar,True,4,0.9094789895001764,1,tlsa_norm,0.01,21,True,False,False,RK45,0.9990138609081209,8,32,32,0.0,0.9139876297588551,0.04789099365900783,True,0.731846972239024,-2435.9682002814156,25.26211576780205,14.906969889049163,256.17576245416427,0.9139876297588551,0.16461800110253721,0.04789099365900856,0.02235105818925782,1.4807827048237334,0.04789099365900783,0.9977064527263528,0.7318469722390355,0.5146607297686149,2.901415737218315,0.731846972239024,0.4644000092245564,25.37277199440675,14.238272217443175,256.17576245416427,0.8906002604790034,0.20643558699916242,24.813992328532873,17.585104063831146,109.43457152479664,1.0367578033019376,-0.08323271133559573,0.04989621531389572,0.020998973593421053,1.4807827048237334,0.047088754451266604,0.9977745170618743,0.0388358948974838,0.027766156995584063,0.2150120649113102,0.054477214199257835,0.9965907565052124,0.28966829833475816,0.001183760556661806,
Laminar,True,4,0.9094789895001764,1,tlsa_norm,0.01,21,True,False,False,Radau,0.9990138609081209,8,32,32,0.0,0.9139876297588551,0.04789099365900783,True,0.731847313808032,-2435.9644627733283,25.26211576780205,14.906969889049163,256.17576245416427,0.9139876297588551,0.16461800110253721,0.04789099365900856,0.02235105818925782,1.4807827048237334,0.04789099365900783,0.9977064527263528,0.7318473138080435,0.5146609934024522,2.901415724428616,0.731847313808032,0.46439950927195117,25.37277199440675,14.238272217443175,256.17576245416427,0.8906002604790034,0.20643558699916242,24.813992328532873,17.585104063831146,109.43457152479664,1.0367578033019376,-0.08323271133559573,0.04989621531389572,0.020998973593421053,1.4807827048237334,0.047088754451266604,0.9977745170618743,0.0388358948974838,0.027766156995584063,0.2150120649113102,0.054477214199257835,0.9965907565052124,0.28966829833475816,0.001183760556661806,
Laminar,True,4,0.9094789895001764,1,tlsa_norm,0.01,21,True,True,False,RK45,0.9990138609081209,10,40,40,0.0,0.9038474087325887,0.047741344899225796,True,0.7217467412736026,-2531.2564516767693,24.98184563160314,14.808098762240279,247.45986045313393,0.9038474087325887,0.18305144020345743,0.04774134489922654,0.022407624054845636,1.4732315516346772,0.047741344899225796,0.9977207639872131,0.7217467412736138,0.5232220806229644,2.285236666402955,0.7217467412736026,0.47908164146091914,25.17267722026942,14.317538807222235,247.45986045313393,0.8835768080156117,0.2189026500879533,24.202489267147428,16.772791382087544,106.17297660841301,1.0112084857136754,-0.030501317749312085,0.04978821406643904,0.021177893819953386,1.4732315516346772,0.04698683000289062,0.9977841408301593,0.038467088179333156,0.02733269364558911,0.21543757144165443,0.05395986903093213,0.9966552010949523,0.24940396783726537,0.0011289397352070019,
Laminar,True,4,0.9094789895001764,1,tlsa_norm,0.01,21,True,True,False,Radau,0.9990138609081209,10,40,40,0.0,0.9038474087325887,0.047741344899225796,True,0.7217470296963113,-2531.2532515395765,24.98184563160314,14.808098762240279,247.45986045313393,0.9038474087325887,0.18305144020345743,0.04774134489922654,0.022407624054845636,1.4732315516346772,0.047741344899225796,0.9977207639872131,0.7217470296963227,0.5232222620080891,2.2852375854869313,0.7217470296963113,0.47908122512453555,25.17267722026942,14.317538807222235,247.45986045313393,0.8835768080156117,0.2189026500879533,24.202489267147428,16.772791382087544,106.17297660841301,1.0112084857136754,-0.030501317749312085,0.04978821406643904,0.021177893819953386,1.4732315516346772,0.04698683000289062,0.9977841408301593,0.038467088179333156,0.02733269364558911,0.21543757144165443,0.05395986903093213,0.9966552010949523,0.24940396783726537,0.0011289397352070019,
Laminar,True,4,0.9094789895001764,1,tlsa_norm,0.01,51,True,False,False,RK45,0.9990138609081209,8,32,32,0.0,0.8279508069688315,0.04798141863831978,True,0.7618090670798142,-2114.6510572197767,16.68625651960041,11.916094133105414,77.41093267683482,0.8279508069688315,0.31446009828973265,0.047981418638320526,0.02228266761369892,1.4928019900275367,0.04798141863831978,0.9976977834654542,0.7618090670798261,0.56358495250468,2.9807023175955947,0.7618090670798142,0.41964694531496505,16.418798700038046,11.612682298303252,77.41093267683482,0.7801024567351753,0.39060564302812717,17.717004577791343,13.13125853148807,67.32252612948034,1.1013717849109097,-0.24004218194841376,0.049990951593167604,0.020884846133378522,1.4928019900275367,0.04717816029826714,0.9977660581387463,0.03890652020463837,0.027880942642382153,0.2148631402316432,0.054576284144624204,0.9965783454198119,0.6306478249765409,0.001187712718934364,
Laminar,True,4,0.9094789895001764,1,tlsa_norm,0.01,51,True,False,False,Radau,0.9990138609081209,8,32,32,0.0,0.8279508069688315,0.04798141863831978,True,0.7618093623889404,-2114.6479529839185,16.68625651960041,11.916094133105414,77.41093267683482,0.8279508069688315,0.31446009828973265,0.047981418638320526,0.02228266761369892,1.4928019900275367,0.04798141863831978,0.9976977834654542,0.7618093623889521,0.5635852243710967,2.9807021650900456,0.7618093623889404,0.4196464953765382,16.418798700038046,11.612682298303252,77.41093267683482,0.7801024567351753,0.39060564302812717,17.717004577791343,13.13125853148807,67.32252612948034,1.1013717849109097,-0.24004218194841376,0.049990951593167604,0.020884846133378522,1.4928019900275367,0.04717816029826714,0.9977660581387463,0.03890652020463837,0.027880942642382153,0.2148631402316432,0.054576284144624204,0.9965783454198119,0.6306478249765409,0.001187712718934364,
Laminar,False,4,0.9094789895001764,1,tlsa_norm,0.01,51,True,True,False,RK45,0.9990138609081209,10,40,40,0.0,0.8075090382486664,0.04781947547614568,True,1.2109106533749214,1612.5124425626243,16.274279631954407,11.679033826771468,76.43586821380643,0.8075090382486664,0.3478936123733056,0.04781947547614642,0.02227942842820709,1.479943171259053,0.04781947547614568,0.9977132977651862,1.21091065337494,0.9261739975623704,3.494262166003301,1.2109106533749214,-0.4663046104569244,16.1683589057365,11.578558102603857,76.43586821380643,0.768203370671197,0.4090543312380408,16.691756966106567,12.081439102062754,63.869353644683045,1.0376376030350205,-0.10067719717544654,0.049866625157192444,0.020999422541918406,1.479943171259053,0.0470608292145646,0.9977771558536987,0.03854594745817413,0.02740585200279326,0.2191144075915893,0.054070489214562735,0.9966414730583032,0.5097315284134873,0.001135682795395554,
Laminar,False,4,0.9094789895001764,1,tlsa_norm,0.01,51,True,True,False,Radau,0.9990138609081209,10,40,40,0.0,0.8075090382486664,0.04781947547614568,True,1.2109111269538293,1612.5155744362623,16.274279631954407,11.679033826771468,76.43586821380643,0.8075090382486664,0.3478936123733056,0.04781947547614642,0.02227942842820709,1.479943171259053,0.04781947547614568,0.9977132977651862,1.2109111269538482,0.9261742827212338,3.4942636444985347,1.2109111269538293,-0.4663057573806384,16.1683589057365,11.578558102603857,76.43586821380643,0.768203370671197,0.4090543312380408,16.691756966106567,12.081439102062754,63.869353644683045,1.0376376030350205,-0.10067719717544654,0.049866625157192444,0.020999422541918406,1.479943171259053,0.0470608292145646,0.9977771558536987,0.03854594745817413,0.02740585200279326,0.2191144075915893,0.054070489214562735,0.9966414730583032,0.5097315284134873,0.001135682795395554,
Laminar,True,4,0.9094789895001764,1,tlsa_norm,0.1,21,True,False,False,RK45,0.9990138609081209,8,32,32,0.0,0.9139876297588551,0.04789099365900783,True,0.731846972239024,-2435.9682002814156,25.26211576780205,14.906969889049163,256.17576245416427,0.9139876297588551,0.16461800110253721,0.04789099365900856,0.02235105818925782,1.4807827048237334,0.04789099365900783,0.9977064527263528,0.7318469722390355,0.5146607297686149,2.901415737218315,0.731846972239024,0.4644000092245564,25.37277199440675,14.238272217443175,256.17576245416427,0.8906002604790034,0.20643558699916242,24.813992328532873,17.585104063831146,109.43457152479664,1.0367578033019376,-0.08323271133559573,0.04989621531389572,0.020998973593421053,1.4807827048237334,0.047088754451266604,0.9977745170618743,0.0388358948974838,0.027766156995584063,0.2150120649113102,0.054477214199257835,0.9965907565052124,0.28966829833475816,0.001183760556661806,
Laminar,True,4,0.9094789895001764,1,tlsa_norm,0.1,21,True,False,False,Radau,0.9990138609081209,8,32,32,0.0,0.9139876297588551,0.04789099365900783,True,0.731847313808032,-2435.9644627733283,25.26211576780205,14.906969889049163,256.17576245416427,0.9139876297588551,0.16461800110253721,0.04789099365900856,0.02235105818925782,1.4807827048237334,0.04789099365900783,0.9977064527263528,0.7318473138080435,0.5146609934024522,2.901415724428616,0.731847313808032,0.46439950927195117,25.37277199440675,14.238272217443175,256.17576245416427,0.8906002604790034,0.20643558699916242,24.813992328532873,17.585104063831146,109.43457152479664,1.0367578033019376,-0.08323271133559573,0.04989621531389572,0.020998973593421053,1.4807827048237334,0.047088754451266604,0.9977745170618743,0.0388358948974838,0.027766156995584063,0.2150120649113102,0.054477214199257835,0.9965907565052124,0.28966829833475816,0.001183760556661806,
Laminar,True,4,0.9094789895001764,1,tlsa_norm,0.1,21,True,True,False,RK45,0.9990138609081209,10,40,40,0.0,0.9038474087325887,0.047741344899225796,True,0.7217467412736026,-2531.2564516767693,24.98184563160314,14.808098762240279,247.45986045313393,0.9038474087325887,0.18305144020345743,0.04774134489922654,0.022407624054845636,1.4732315516346772,0.047741344899225796,0.9977207639872131,0.7217467412736138,0.5232220806229644,2.285236666402955,0.7217467412736026,0.47908164146091914,25.17267722026942,14.317538807222235,247.45986045313393,0.8835768080156117,0.2189026500879533,24.202489267147428,16.772791382087544,106.17297660841301,1.0112084857136754,-0.030501317749312085,0.04978821406643904,0.021177893819953386,1.4732315516346772,0.04698683000289062,0.9977841408301593,0.038467088179333156,0.02733269364558911,0.21543757144165443,0.05395986903093213,0.9966552010949523,0.24940396783726537,0.0011289397352070019,
Laminar,True,4,0.9094789895001764,1,tlsa_norm,0.1,21,True,True,False,Radau,0.9990138609081209,10,40,40,0.0,0.9038474087325887,0.047741344899225796,True,0.7217470296963113,-2531.2532515395765,24.98184563160314,14.808098762240279,247.45986045313393,0.9038474087325887,0.18305144020345743,0.04774134489922654,0.022407624054845636,1.4732315516346772,0.047741344899225796,0.9977207639872131,0.7217470296963227,0.5232222620080891,2.2852375854869313,0.7217470296963113,0.47908122512453555,25.17267722026942,14.317538807222235,247.45986045313393,0.8835768080156117,0.2189026500879533,24.202489267147428,16.772791382087544,106.17297660841301,1.0112084857136754,-0.030501317749312085,0.04978821406643904,0.021177893819953386,1.4732315516346772,0.04698683000289062,0.9977841408301593,0.038467088179333156,0.02733269364558911,0.21543757144165443,0.05395986903093213,0.9966552010949523,0.24940396783726537,0.0011289397352070019,
Laminar,True,4,0.9094789895001764,1,tlsa_norm,0.1,51,True,False,False,RK45,0.9990138609081209,8,32,32,0.0,0.8279508069688315,0.04798141863831978,True,0.7618090670798142,-2114.6510572197767,16.68625651960041,11.916094133105414,77.41093267683482,0.8279508069688315,0.31446009828973265,0.047981418638320526,0.02228266761369892,1.4928019900275367,0.04798141863831978,0.9976977834654542,0.7618090670798261,0.56358495250468,2.9807023175955947,0.7618090670798142,0.41964694531496505,16.418798700038046,11.612682298303252,77.41093267683482,0.7801024567351753,0.39060564302812717,17.717004577791343,13.13125853148807,67.32252612948034,1.1013717849109097,-0.24004218194841376,0.049990951593167604,0.020884846133378522,1.4928019900275367,0.04717816029826714,0.9977660581387463,0.03890652020463837,0.027880942642382153,0.2148631402316432,0.054576284144624204,0.9965783454198119,0.6306478249765409,0.001187712718934364,
Laminar,True,4,0.9094789895001764,1,tlsa_norm,0.1,51,True,False,False,Radau,0.9990138609081209,8,32,32,0.0,0.8279508069688315,0.04798141863831978,True,0.7618093623889404,-2114.6479529839185,16.68625651960041,11.916094133105414,77.41093267683482,0.8279508069688315,0.31446009828973265,0.047981418638320526,0.02228266761369892,1.4928019900275367,0.04798141863831978,0.9976977834654542,0.7618093623889521,0.5635852243710967,2.9807021650900456,0.7618093623889404,0.4196464953765382,16.418798700038046,11.612682298303252,77.41093267683482,0.7801024567351753,0.39060564302812717,17.717004577791343,13.13125853148807,67.32252612948034,1.1013717849109097,-0.24004218194841376,0.049990951593167604,0.020884846133378522,1.4928019900275367,0.04717816029826714,0.9977660581387463,0.03890652020463837,0.027880942642382153,0.2148631402316432,0.054576284144624204,0.9965783454198119,0.6306478249765409,0.001187712718934364,
Laminar,False,4,0.9094789895001764,1,tlsa_norm,0.1,51,True,True,False,RK45,0.9990138609081209,10,40,40,0.0,0.8075090382486664,0.04781947547614568,True,1.2109106533749214,1612.5124425626243,16.274279631954407,11.679033826771468,76.43586821380643,0.8075090382486664,0.3478936123733056,0.04781947547614642,0.02227942842820709,1.479943171259053,0.04781947547614568,0.9977132977651862,1.21091065337494,0.9261739975623704,3.494262166003301,1.2109106533749214,-0.4663046104569244,16.1683589057365,11.578558102603857,76.43586821380643,0.768203370671197,0.4090543312380408,16.691756966106567,12.081439102062754,63.869353644683045,1.0376376030350205,-0.10067719717544654,0.049866625157192444,0.020999422541918406,1.479943171259053,0.0470608292145646,0.9977771558536987,0.03854594745817413,0.02740585200279326,0.2191144075915893,0.054070489214562735,0.9966414730583032,0.5097315284134873,0.001135682795395554,
Laminar,False,4,0.9094789895001764,1,tlsa_norm,0.1,51,True,True,False,Radau,0.9990138609081209,10,40,40,0.0,0.8075090382486664,0.04781947547614568,True,1.2109111269538293,1612.5155744362623,16.274279631954407,11.679033826771468,76.43586821380643,0.8075090382486664,0.3478936123733056,0.04781947547614642,0.02227942842820709,1.479943171259053,0.04781947547614568,0.9977132977651862,1.2109111269538482,0.9261742827212338,3.4942636444985347,1.2109111269538293,-0.4663057573806384,16.1683589057365,11.578558102603857,76.43586821380643,0.768203370671197,0.4090543312380408,16.691756966106567,12.081439102062754,63.869353644683045,1.0376376030350205,-0.10067719717544654,0.049866625157192444,0.020999422541918406,1.479943171259053,0.0470608292145646,0.9977771558536987,0.03854594745817413,0.02740585200279326,0.2191144075915893,0.054070489214562735,0.9966414730583032,0.5097315284134873,0.001135682795395554,
URANS,True,4,0.9999999999999998,1,alasso,0.001,21,True,False,False,RK45,0.9990138609081209,8,32,27,0.15625,0.8892344731014877,0.029907569371733618,True,0.7417408146553051,-2338.4332690730234,19.899995346420926,10.603101703426894,166.55195185145993,0.8892344731014877,0.20904854549649887,0.029907569371734107,0.011876408133566387,0.8085797182112869,0.029907569371733618,0.9991055372942749,0.7417408146553172,0.6126789694333981,2.9934079260263515,0.7417408146553051,0.4498205638744671,19.90467409632975,10.602074057206869,166.55195185145993,0.8890002745935105,0.209465318918718,14.483567283707306,11.630747923452134,25.354807370788365,12.890868736456774,-183.90914783014358,0.029919659826766105,0.011877662070736178,0.8085797182112869,0.029933370543594465,0.9991039933277193,0.013081447986048635,0.010622470963773771,0.022975300949925614,0.0094508856121257,0.9999106713729605,184.1186131490623,-0.0008066780452412603,
URANS,True,4,0.9999999999999998,1,alasso,0.001,21,True,False,False,Radau,0.9990138609081209,8,32,27,0.15625,0.8892344731014877,0.029907569371733618,True,0.7417412313584624,-2338.4287702536526,19.899995346420926,10.603101703426894,166.55195185145993,0.8892344731014877,0.20904854549649887,0.029907569371734107,0.011876408133566387,0.8085797182112869,0.029907569371733618,0.9991055372942749,0.7417412313584744,0.6126793405133981,2.9934083289641293,0.7417412313584624,0.4498199457028149,19.90467409632975,10.602074057206869,166.55195185145993,0.8890002745935105,0.209465318918718,14.483567283707306,11.630747923452134,25.354807370788365,12.890868736456774,-183.90914783014358,0.029919659826766105,0.011877662070736178,0.8085797182112869,0.029933370543594465,0.9991039933277193,0.013081447986048635,0.010622470963773771,0.022975300949925614,0.0094508856121257,0.9999106713729605,184.1186131490623,-0.0008066780452412603,
URANS,True,4,0.9999999999999998,1,alasso,0.001,21,True,True,False,RK45,0.9990138609081209,10,40,36,0.09999999999999998,0.8810828120246424,0.029776038078264986,True,0.5598786395274168,-4572.922152820196,19.717571000085105,10.18209637689669,165.83590180223945,0.8810828120246424,0.2234834685101591,0.029776038078265465,0.011540794392547725,0.8097699070845266,0.029776038078264986,0.9991133875563617,0.5598786395274258,0.4072897573950877,2.830664322324698,0.5598786395274168,0.6865359090009191,19.723000909456175,10.182360033287198,165.83590180223945,0.8808862249871083,0.22383013970543675,13.21453272466802,9.91843998638835,20.489847443777762,11.761384707960213,-152.9256287542872,0.0297886492549713,0.01154365198920761,0.8097699070845266,0.029802299936061902,0.999111822918342,0.011637510311530182,0.008683197732661279,0.01826230008266716,0.008407691478917612,0.9999293032939716,153.14945889399263,-0.0008174803756295645,
URANS,True,4,0.9999999999999998,1,alasso,0.001,21,True,True,False,Radau,0.9990138609081209,10,40,36,0.09999999999999998,0.8810828120246424,0.029776038078264986,True,0.5598790270463162,-4572.916610100661,19.717571000085105,10.18209637689669,165.83590180223945,0.8810828120246424,0.2234834685101591,0.029776038078265465,0.011540794392547725,0.8097699070845266,0.029776038078264986,0.9991133875563617,0.5598790270463252,0.4072902235535836,2.8306650763005807,0.5598790270463162,0.6865354750736606,19.723000909456175,10.182360033287198,165.83590180223945,0.8808862249871083,0.22383013970543675,13.21453272466802,9.91843998638835,20.489847443777762,11.761384707960213,-152.9256287542872,0.0297886492549713,0.01154365198920761,0.8097699070845266,0.029802299936061902,0.999111822918342,0.011637510311530182,0.008683197732661279,0.01826230008266716,0.008407691478917612,0.9999293032939716,153.14945889399263,-0.0008174803756295645,
URANS,False,4,0.9999999999999998,1,alasso,0.001,51,True,False,False,RK45,0.9990138609081209,8,32,32,0.0,0.8449392515593073,0.030055819905757772,True,0.8730762865783424,-1022.9445992491967,15.33058179308912,8.854942785340606,121.80026089748463,0.8449392515593073,0.28577652876433646,0.03005581990575826,0.011595864757008658,0.8223324477098498,0.030055819905757772,0.9990966476897927,0.8730762865783565,0.6989227712907095,2.5712649808134698,0.8730762865783424,0.2377377978145484,15.33029438214069,8.850650331099843,121.80026089748463,0.8445167781947517,0.28649044959175174,15.615345324898897,13.147397026103697,26.05112383574607,4.48801578211657,-19.163338602377948,0.030068151331159643,0.011597412954371403,0.8223324477098498,0.030081930094382252,0.9990950774816143,0.012725487969602612,0.01004766739426351,0.022055629144097644,0.009193717032507482,0.9999154666829136,19.4498290519697,-0.000820389201299343,
URANS,False,4,0.9999999999999998,1,alasso,0.001,51,True,False,False,Radau,0.9990138609081209,8,32,32,0.0,0.8449392515593073,0.030055819905757772,True,0.8730767553344461,-1022.9402997418922,15.33058179308912,8.854942785340606,121.80026089748463,0.8449392515593073,0.28577652876433646,0.03005581990575826,0.011595864757008658,0.8223324477098498,0.030055819905757772,0.9990966476897927,0.8730767553344603,0.6989231658463688,2.5712655801665,0.8730767553344461,0.23773697929465198,15.33029438214069,8.850650331099843,121.80026089748463,0.8445167781947517,0.28649044959175174,15.615345324898897,13.147397026103697,26.05112383574607,4.48801578211657,-19.163338602377948,0.030068151331159643,0.011597412954371403,0.8223324477098498,0.030081930094382252,0.9990950774816143,0.012725487969602612,0.01004766739426351,0.022055629144097644,0.009193717032507482,0.9999154666829136,19.4498290519697,-0.000820389201299343,
URANS,True,4,0.9999999999999998,1,alasso,0.001,51,True,True,False,RK45,0.9990138609081209,10,40,38,0.050000000000000044,0.832495919872798,0.029924947351774353,True,0.7090281090523988,-2677.631738311201,15.104809923873056,8.470477547440021,120.48755646802775,0.832495919872798,0.30665821516585445,0.029924947351774846,0.011283251322293414,0.822910446278429,0.029924947351774353,0.9991044975259935,0.7090281090524102,0.5569229610017973,2.0959789262316098,0.7090281090523988,0.49727914057356415,15.104896288091586,8.46649567431525,120.48755646802775,0.8321000256228415,0.30731737049794483,15.018197134386961,12.452350672210653,22.41215659382749,4.316389061892419,-17.650688087062896,0.029937608241389736,0.011285417092469127,0.822910446278429,0.029951327183098717,0.9991029179997901,0.01172984507895452,0.009117481146580647,0.01855944152583744,0.008474400097556796,0.9999281769945918,17.95800545756084,-0.0008252589948016809,
URANS,True,4,0.9999999999999998,1,alasso,0.001,51,True,True,False,Radau,0.9990138609081209,10,40,38,0.050000000000000044,0.832495919872798,0.029924947351774353,True,0.709028824868149,-2677.6236536533975,15.104809923873056,8.470477547440021,120.48755646802775,0.832495919872798,0.30665821516585445,0.029924947351774846,0.011283251322293414,0.822910446278429,0.029924947351774353,0.9991044975259935,0.7090288248681604,0.5569236805393613,2.0959797517489354,0.709028824868149,0.4972781255060761,15.104896288091586,8.46649567431525,120.48755646802775,0.8321000256228415,0.30731737049794483,15.018197134386961,12.452350672210653,22.41215659382749,4.316389061892419,-17.650688087062896,0.029937608241389736,0.011285417092469127,0.822910446278429,0.029951327183098717,0.9991029179997901,0.01172984507895452,0.009117481146580647,0.01855944152583744,0.008474400097556796,0.9999281769945918,17.95800545756084,-0.0008252589948016809,
URANS,True,4,0.9999999999999998,1,alasso,0.01,21,True,False,False,RK45,0.9990138609081209,8,32,27,0.15625,0.9026376103848521,0.030077385625927506,True,0.5509056245385466,-4720.303652748018,20.199941398485368,10.927506701661674,165.70177400408642,0.9026376103848521,0.18502535324046054,0.030077385625927995,0.012047693039748428,0.8151884051731452,0.030077385625927506,0.9990953508739092,0.5509056245385556,0.44897143222630265,2.586161178993052,0.5509056245385466,0.6965029928517844,20.207029020934627,10.92815243364205,165.70177400408642,0.9025043194071856,0.1852662345436259,11.029427992924493,10.28177472128396,15.906892961931831,9.816566990021158,-106.22925634727059,0.030090891932173784,0.012050703929237403,0.8151884051731452,0.03010468111630167,0.9990937081747031,0.009591555823192814,0.009036803550771473,0.014035220011128668,0.006929561392897046,0.9999519761317294,106.41452258181423,-0.0008582679570262597,
URANS,True,4,0.9999999999999998,1,alasso,0.01,21,True,False,False,Radau,0.9990138609081209,8,32,27,0.15625,0.9026376103848521,0.030077385625927506,True,0.5509058273198935,-4720.300705105711,20.199941398485368,10.927506701661674,165.70177400408642,0.9026376103848521,0.18502535324046054,0.030077385625927995,0.012047693039748428,0.8151884051731452,0.030077385625927506,0.9990953508739092,0.5509058273199023,0.4489716142166984,2.586161220711221,0.5509058273198935,0.6965027694249744,20.207029020934627,10.92815243364205,165.70177400408642,0.9025043194071856,0.1852662345436259,11.029427992924493,10.28177472128396,15.906892961931831,9.816566990021158,-106.22925634727059,0.030090891932173784,0.012050703929237403,0.8151884051731452,0.03010468111630167,0.9990937081747031,0.009591555823192814,0.009036803550771473,0.014035220011128668,0.006929561392897046,0.9999519761317294,106.41452258181423,-0.0008582679570262597,
URANS,True,4,0.9999999999999998,1,alasso,0.01,21,True,True,False,RK45,0.9990138609081209,10,40,30,0.25,0.8879229456326946,0.029870262308035127,True,0.6682669827492388,-3167.764624242982,19.870644942995096,10.275414109510944,166.3244192476277,0.8879229456326946,0.21137996560199046,0.029870262308035606,0.011628519961318898,0.813188183004511,0.029870262308035127,0.9991077674296491,0.6682669827492498,0.5176259335320768,3.214895784674759,0.6682669827492388,0.5534192397672144,19.874762051315766,10.27413544627857,166.3244192476277,0.8876643162099472,0.2118395091495915,15.205472192797483,11.554077341884827,25.19542966323053,13.533388720725679,-202.8013879586103,0.02988212732853853,0.011630012336746374,0.813188183004511,0.029895820846058553,0.9991062398957602,0.013537697079419325,0.010136144533843507,0.022787351685717105,0.00978050951895017,0.9999043315790693,203.0132274677599,-0.0007980916833091323,
URANS,True,4,0.9999999999999998,1,alasso,0.01,21,True,True,False,Radau,0.9990138609081209,10,40,30,0.25,0.8879229456326946,0.029870262308035127,True,0.6682673081455187,-3167.7607249439866,19.870644942995096,10.275414109510944,166.3244192476277,0.8879229456326946,0.21137996560199046,0.029870262308035606,0.011628519961318898,0.813188183004511,0.029870262308035127,0.9991077674296491,0.6682673081455296,0.5176262142946627,3.214896317707512,0.6682673081455187,0.5534188048639284,19.874762051315766,10.27413544627857,166.3244192476277,0.8876643162099472,0.2118395091495915,15.205472192797483,11.554077341884827,25.19542966323053,13.533388720725679,-202.8013879586103,0.02988212732853853,0.011630012336746374,0.813188183004511,0.029895820846058553,0.9991062398957602,0.013537697079419325,0.010136144533843507,0.022787351685717105,0.00978050951895017,0.9999043315790693,203.0132274677599,-0.0007980916833091323,
URANS,True,4,0.9999999999999998,1,alasso,0.01,51,True,False,False,RK45,0.9990138609081209,8,32,25,0.21875,0.8690313694006059,0.03022523658769383,True,0.6933646618056756,-2882.523279117786,15.76770929362026,9.352916129363596,116.34295598016303,0.8690313694006059,0.2444659291252813,0.030225236587694316,0.011776362678472643,0.8279889862421932,0.03022523658769383,0.9990864350732179,0.6933646618056868,0.5890996212145866,1.8099251949380113,0.6933646618056756,0.5192454457590862,15.768512774461614,9.348455226189758,116.34295598016303,0.8686573964766605,0.24511591381264475,14.942620457193762,13.813819303201651,18.73970290152657,4.294667523691009,-17.463447190549964,0.030238300464312785,0.011777690741601078,0.8279889862421932,0.030252157198561693,0.9990848069846491,0.011121004397913194,0.010448299550037527,0.014016558760166012,0.008034534140923632,0.9999354394760098,17.708563104362607,-0.0008506324913607477,
URANS,True,4,0.9999999999999998,1,alasso,0.01,51,True,False,False,Radau,0.9990138609081209,8,32,25,0.21875,0.8690313694006059,0.03022523658769383,True,0.693365054151545,-2882.5187477290283,15.76770929362026,9.352916129363596,116.34295598016303,0.8690313694006059,0.2444659291252813,0.030225236587694316,0.011776362678472643,0.8279889862421932,0.03022523658769383,0.9990864350732179,0.6933650541515562,0.5890999442512596,1.8099246415400987,0.693365054151545,0.51924490168141,15.768512774461614,9.348455226189758,116.34295598016303,0.8686573964766605,0.24511591381264475,14.942620457193762,13.813819303201651,18.73970290152657,4.294667523691009,-17.463447190549964,0.030238300464312785,0.011777690741601078,0.8279889862421932,0.030252157198561693,0.9990848069846491,0.011121004397913194,0.010448299550037527,0.014016558760166012,0.008034534140923632,0.9999354394760098,17.708563104362607,-0.0008506324913607477,
URANS,False,4,0.9999999999999998,1,alasso,0.01,51,True,True,False,RK45,0.9990138609081209,10,40,31,0.22499999999999998,0.8446823987199354,0.03002854136603746,True,0.833072587598951,-1400.5370811012092,15.32592145395171,8.672585048640677,121.68329265214925,0.8446823987199354,0.2862106959371561,0.03002854136603795,0.011428382573987926,0.8250419846246577,0.03002854136603746,0.9990982867034282,0.8330725875989645,0.6745948311680895,2.7511942483618834,0.833072587598951,0.30599006379116656,15.325068169974552,8.667613528503436,121.68329265214925,0.8442288761003307,0.28697684816782343,16.156666325167038,13.644105185881507,25.638969170363218,4.643597176049674,-20.58553261625151,0.03004089135637356,0.011429588206057124,0.8250419846246577,0.030054657627682915,0.9990967175547006,0.012643432405181529,0.010222750504789775,0.021621511930925763,0.009134434776138832,0.9999165533313116,20.872509464419334,-0.0008198357766109332,
URANS,False,4,0.9999999999999998,1,alasso,0.01,51,True,True,False,Radau,0.9990138609081209,10,40,31,0.22499999999999998,0.8446823987199354,0.03002854136603746,True,0.8330732620053661,-1400.5305982995092,15.32592145395171,8.672585048640677,121.68329265214925,0.8446823987199354,0.2862106959371561,0.03002854136603795,0.011428382573987926,0.8250419846246577,0.03002854136603746,0.9990982867034282,0.8330732620053797,0.6745953956983022,2.751194524100116,0.8330732620053661,0.30598894013171685,15.325068169974552,8.667613528503436,121.68329265214925,0.8442288761003307,0.28697684816782343,16.156666325167038,13.644105185881507,25.638969170363218,4.643597176049674,-20.58553261625151,0.03004089135637356,0.011429588206057124,0.8250419846246577,0.030054657627682915,0.9990967175547006,0.012643432405181529,0.010222750504789775,0.021621511930925763,0.009134434776138832,0.9999165533313116,20.872509464419334,-0.0008198357766109332,
URANS,True,4,0.9999999999999998,1,alasso,0.1,21,True,False,False,RK45,0.9990138609081209,8,32,22,0.3125,0.9113996314601641,0.030260368321522634,True,0.5815845621342552,-4296.327166381383,20.396024865667876,10.91438565727476,164.29052364297732,0.9113996314601641,0.1691264290024006,0.030260368321523127,0.011952198858810577,0.818667044675532,0.030260368321522634,0.9990843101090457,0.5815845621342647,0.4360807268426052,2.4727652033787573,0.5815845621342552,0.6617593970870961,20.40184995157252,10.913470152038753,164.29052364297732,0.9112055852503468,0.16948040534923214,13.354651054360863,11.829890893283133,19.379106863166776,11.886094799076638,-156.207189735355,0.030273215142894595,0.011953648321813259,0.818667044675532,0.030287087876833138,0.999082692307756,0.011748436373062098,0.010502735856129583,0.017371014483614555,0.00848783165300689,0.9999279491414887,156.37667014070422,-0.0008452568337327104,
URANS,True,4,0.9999999999999998,1,alasso,0.1,21,True,False,False,Radau,0.9990138609081209,8,32,22,0.3125,0.9113996314601641,0.030260368321522634,True,0.5815844418708975,-4296.328822321259,20.396024865667876,10.91438565727476,164.29052364297732,0.9113996314601641,0.1691264290024006,0.030260368321523127,0.011952198858810577,0.818667044675532,0.030260368321522634,0.9990843101090457,0.581584441870907,0.4360805988690196,2.4727651094213385,0.5815844418708975,0.661759536973706,20.40184995157252,10.913470152038753,164.29052364297732,0.9112055852503468,0.16948040534923214,13.354651054360863,11.829890893283133,19.379106863166776,11.886094799076638,-156.207189735355,0.030273215142894595,0.011953648321813259,0.818667044675532,0.030287087876833138,0.999082692307756,0.011748436373062098,0.010502735856129583,0.017371014483614555,0.00848783165300689,0.9999279491414887,156.37667014070422,-0.0008452568337327104,
URANS,False,4,0.9999999999999998,1,alasso,0.1,21,True,True,False,RK45,0.9990138609081209,10,40,27,0.32499999999999996,0.8941271124799367,0.030037718228501126,True,0.9573781446561763,-294.80309538262003,20.00948671659157,10.464303054904226,166.98708293339897,0.8941271124799367,0.2003208444552832,0.030037718228501615,0.01171840961766337,0.8194787625591555,0.030037718228501126,0.9990977354836251,0.9573781446561919,0.7401229702289447,3.818514835508497,0.9573781446561763,0.08342708813466881,20.013938802060064,10.4633735319429,166.98708293339897,0.8938803521535614,0.20076237615418924,14.906101016381685,11.393826016231952,27.830760619005964,13.266938165896146,-194.85534799535202,0.030049643675086387,0.011719645110129153,0.8194787625591555,0.030063413957155366,0.9990961911410585,0.013627027980215698,0.010482917151879722,0.025509398268785066,0.009845047949707612,0.9999030648432572,195.0561103715062,-0.0008068737021986738,
URANS,False,4,0.9999999999999998,1,alasso,0.1,21,True,True,False,Radau,0.9990138609081209,10,40,27,0.32499999999999996,0.8941271124799367,0.030037718228501126,True,0.9573788017175077,-294.7975993877893,20.00948671659157,10.464303054904226,166.98708293339897,0.8941271124799367,0.2003208444552832,0.030037718228501615,0.01171840961766337,0.8194787625591555,0.030037718228501126,0.9990977354836251,0.957378801717523,0.7401236322426674,3.818515078019926,0.9573788017175077,0.08342583002192083,20.013938802060064,10.4633735319429,166.98708293339897,0.8938803521535614,0.20076237615418924,14.906101016381685,11.393826016231952,27.830760619005964,13.266938165896146,-194.85534799535202,0.030049643675086387,0.011719645110129153,0.8194787625591555,0.030063413957155366,0.9990961911410585,0.013627027980215698,0.010482917151879722,0.025509398268785066,0.009845047949707612,0.9999030648432572,195.0561103715062,-0.0008068737021986738,
URANS,False,4,0.9999999999999998,1,alasso,0.1,51,True,False,False,RK45,0.9990138609081209,8,32,22,0.3125,0.8821500518203375,0.030552442845965894,True,1.0316303750210671,293.3726368265912,16.005734729747296,9.506933472318336,115.53271473033895,0.8821500518203375,0.22148304610921865,0.030552442845966383,0.011908104778006306,0.8442269385511411,0.030552442845965894,0.9990665482361439,1.0316303750210838,0.766064528086245,3.240663618630696,1.0316303750210671,-0.06426123066614076,16.007439216710427,9.503526996945002,115.53271473033895,0.8818194000366552,0.22206640959364732,14.199207956741787,12.913408845651832,17.492398111847777,4.0810028902658875,-15.671992148112157,0.030565933840737778,0.01191047962510372,0.8442269385511411,0.030579940713339655,0.9990648672257801,0.010435710974319666,0.009533257680592905,0.014023019462602981,0.007539433769463854,0.999943150963763,15.894058557705804,-0.0008782837379828212,
URANS,False,4,0.9999999999999998,1,alasso,0.1,51,True,False,False,Radau,0.9990138609081209,8,32,22,0.3125,0.8821500518203375,0.030552442845965894,True,1.031630309552105,293.37212862571135,16.005734729747296,9.506933472318336,115.53271473033895,0.8821500518203375,0.22148304610921865,0.030552442845966383,0.011908104778006306,0.8442269385511411,0.030552442845965894,0.9990665482361439,1.0316303095521218,0.7660644844782959,3.240662269029576,1.031630309552105,-0.06426109558660542,16.007439216710427,9.503526996945002,115.53271473033895,0.8818194000366552,0.22206640959364732,14.199207956741787,12.913408845651832,17.492398111847777,4.0810028902658875,-15.671992148112157,0.030565933840737778,0.01191047962510372,0.8442269385511411,0.030579940713339655,0.9990648672257801,0.010435710974319666,0.009533257680592905,0.014023019462602981,0.007539433769463854,0.999943150963763,15.894058557705804,-0.0008782837379828212,
URANS,True,4,0.9999999999999998,1,alasso,0.1,51,True,True,False,RK45,0.9990138609081209,10,40,25,0.375,0.8506478396948335,0.03011200955333325,True,0.7880539125453853,-1857.4157064266751,15.434158443331409,8.922495928441634,120.51306240086653,0.8506478396948335,0.27609303763844917,0.030112009553333735,0.01154194554969827,0.8285406045186249,0.03011200955333325,0.9990932668806599,0.7880539125453979,0.6492031960782637,2.5996329928416118,0.7880539125453853,0.3789710309218911,15.434668533275419,8.919149502630779,120.51306240086653,0.8502665517898238,0.2767417170894392,14.9153400440538,12.268921739297163,26.356340140793968,4.2868268437593535,-17.396092113106878,0.030124676573987312,0.011544586659565616,0.8285406045186249,0.03013848123996425,0.9990916719483652,0.011988067903639271,0.008900835682349801,0.02248905685891378,0.008660956997155243,0.9999249799394972,17.672833830196318,-0.0008333079911320151,
URANS,True,4,0.9999999999999998,1,alasso,0.1,51,True,True,False,Radau,0.9990138609081209,10,40,25,0.375,0.8506478396948335,0.03011200955333325,True,0.788054555923416,-1857.4091685882283,15.434158443331409,8.922495928441634,120.51306240086653,0.8506478396948335,0.27609303763844917,0.030112009553333735,0.01154194554969827,0.8285406045186249,0.03011200955333325,0.9990932668806599,0.7880545559234288,0.6492037351407897,2.599633016101601,0.788054555923416,0.3789700168883283,15.434668533275419,8.919149502630779,120.51306240086653,0.8502665517898238,0.2767417170894392,14.9153400440538,12.268921739297163,26.356340140793968,4.2868268437593535,-17.396092113106878,0.030124676573987312,0.011544586659565616,0.8285406045186249,0.03013848123996425,0.9990916719483652,0.011988067903639271,0.008900835682349801,0.02248905685891378,0.008660956997155243,0.9999249799394972,17.672833830196318,-0.0008333079911320151,
URANS,True,4,0.9999999999999998,1,tlsa_norm,0.001,21,True,False,False,RK45,0.9990138609081209,8,32,32,0.0,0.894380777735206,0.0299842956631935,True,0.6498786728257876,-3387.2044823748943,20.015163439156996,10.656318415939655,165.46366890435013,0.894380777735206,0.19986703964646002,0.029984295663193983,0.011807464517442603,0.8140000464153414,0.0299842956631935,0.9991009420135821,0.6498786728257981,0.5363127765010208,2.5818776650180473,0.6498786728257876,0.5776577106061798,20.02123923281427,10.656006964334239,165.46366890435013,0.8942064104911022,0.20017919828449682,12.544076135042024,10.967770021355577,19.892595067473508,11.164655482275357,-137.7026240072902,0.029997243186509252,0.011809573508228262,0.8140000464153414,0.03001098945599705,0.9990993405116905,0.011065514614130337,0.009698473731783688,0.01779617529340971,0.007994444725766176,0.99993608213594,137.9028032055747,-0.0008367416242495151,
URANS,True,4,0.9999999999999998,1,tlsa_norm,0.001,21,True,False,False,Radau,0.9990138609081209,8,32,32,0.0,0.894380777735206,0.0299842956631935,True,0.6498790508723254,-3387.1998239733784,20.015163439156996,10.656318415939655,165.46366890435013,0.894380777735206,0.19986703964646002,0.029984295663193983,0.011807464517442603,0.8140000464153414,0.0299842956631935,0.9991009420135821,0.649879050872336,0.5363130753865905,2.5818776819463674,0.6498790508723254,0.5776572192372722,20.02123923281427,10.656006964334239,165.46366890435013,0.8942064104911022,0.20017919828449682,12.544076135042024,10.967770021355577,19.892595067473508,11.164655482275357,-137.7026240072902,0.029997243186509252,0.011809573508228262,0.8140000464153414,0.03001098945599705,0.9990993405116905,0.011065514614130337,0.009698473731783688,0.01779617529340971,0.007994444725766176,0.99993608213594,137.9028032055747,-0.0008367416242495151,
URANS,True,4,0.9999999999999998,1,tlsa_norm,0.001,21,True,True,False,RK45,0.9990138609081209,10,40,40,0.0,0.8859160722138671,0.02983711481442323,True,0.6935555543685703,-2850.3188730741126,19.82573353559517,10.259646488551612,166.71319110993758,0.8859160722138671,0.2149407971731747,0.029837114814423714,0.011617647642867115,0.8115426799280453,0.02983711481442323,0.9991097465795509,0.6935555543685815,0.5323334307867129,3.2794724862143525,0.6935555543685703,0.5189806930044902,19.83058307111511,10.259168457307947,166.71319110993758,0.8856911552659612,0.2153395688082691,14.16845066512933,10.737677732215268,22.97326586015561,12.61040420122212,-175.9505998879069,0.029849399985447517,0.011619811734908924,0.8115426799280453,0.029863078505626778,0.999108196541987,0.012529739754593445,0.009453555601058636,0.0206453049116897,0.009052295838859617,0.9999180473270517,176.16593945671517,-0.0008098507850646808,
URANS,True,4,0.9999999999999998,1,tlsa_norm,0.001,21,True,True,False,Radau,0.9990138609081209,10,40,40,0.0,0.8859160722138671,0.02983711481442323,True,0.6935559490170744,-2850.314316345668,19.82573353559517,10.259646488551612,166.71319110993758,0.8859160722138671,0.2149407971731747,0.029837114814423714,0.011617647642867115,0.8115426799280453,0.02983711481442323,0.9991097465795509,0.6935559490170857,0.53233380433356,3.2794732607568067,0.6935559490170744,0.5189801455830103,19.83058307111511,10.259168457307947,166.71319110993758,0.8856911552659612,0.2153395688082691,14.16845066512933,10.737677732215268,22.97326586015561,12.61040420122212,-175.9505998879069,0.029849399985447517,0.011619811734908924,0.8115426799280453,0.029863078505626778,0.999108196541987,0.012529739754593445,0.009453555601058636,0.0206453049116897,0.009052295838859617,0.9999180473270517,176.16593945671517,-0.0008098507850646808,
URANS,True,4,0.9999999999999998,1,tlsa_norm,0.001,51,True,False,False,RK45,0.9990138609081209,8,32,32,0.0,0.8534775808359368,0.030112749499316464,True,0.7001154675884359,-2790.9321107852825,15.48550128003464,9.044967465186083,118.43048050541756,0.8534775808359368,0.27126876980837,0.030112749499316947,0.011584352837235351,0.8272089548385497,0.030112749499316464,0.9990932223175913,0.7001154675884472,0.5839111322377054,1.8742365142475594,0.7001154675884359,0.5098383320434106,15.486495346407942,9.040724614023565,118.43048050541756,0.8531215924145992,0.27187642253335964,14.45726563128706,13.287818627703523,20.34725966337072,4.155171401557711,-16.28349541677098,0.030125797311639266,0.011586008771305358,0.8272089548385497,0.030139602491195457,0.9990916043614896,0.010990742879806314,0.009928418767228105,0.016752073140326118,0.007940424780201263,0.9999369430272005,16.55537183930434,-0.0008453386657109041,
URANS,True,4,0.9999999999999998,1,tlsa_norm,0.001,51,True,False,False,Radau,0.9990138609081209,8,32,32,0.0,0.8534775808359368,0.030112749499316464,True,0.7001157622242454,-2790.928740708237,15.48550128003464,9.044967465186083,118.43048050541756,0.8534775808359368,0.27126876980837,0.030112749499316947,0.011584352837235351,0.8272089548385497,0.030112749499316464,0.9990932223175913,0.7001157622242568,0.5839113892434717,1.874236169894192,0.7001157622242454,0.5098379194851486,15.486495346407942,9.040724614023565,118.43048050541756,0.8531215924145992,0.27187642253335964,14.45726563128706,13.287818627703523,20.34725966337072,4.155171401557711,-16.28349541677098,0.030125797311639266,0.011586008771305358,0.8272089548385497,0.030139602491195457,0.9990916043614896,0.010990742879806314,0.009928418767228105,0.016752073140326118,0.007940424780201263,0.9999369430272005,16.55537183930434,-0.0008453386657109041,
URANS,True,4,0.9999999999999998,1,tlsa_norm,0.001,51,True,True,False,RK45,0.9990138609081209,10,40,40,0.0,0.8409327443288976,0.029979002606079434,True,0.7736768121907026,-1974.8611915996667,15.25788770687281,8.593792402251896,121.40825025771342,0.8409327443288976,0.2925338361356288,0.029979002606079923,0.011371707249673388,0.8245159435496017,0.029979002606079434,0.9991012594027446,0.7736768121907153,0.624067127689319,2.630568258171842,0.7736768121907026,0.4014241902784135,15.25684065630647,8.588913367777677,121.40825025771342,0.8404703520569613,0.29331150271041395,16.271250747558568,13.472826876469911,24.601010562594062,4.676529953735859,-20.89279110570818,0.02999128182115895,0.011372995908056035,0.8245159435496017,0.030005025358844545,0.9990996984530336,0.012741765043469428,0.010083048867026788,0.02063164656312333,0.009205476645310242,0.9999152502927782,21.186102608418594,-0.0008155518397445771,
URANS,True,4,0.9999999999999998,1,tlsa_norm,0.001,51,True,True,False,Radau,0.9990138609081209,10,40,40,0.0,0.8409327443288976,0.029979002606079434,True,0.7736774736753157,-1974.854344856385,15.25788770687281,8.593792402251896,121.40825025771342,0.8409327443288976,0.2925338361356288,0.029979002606079923,0.011371707249673388,0.8245159435496017,0.029979002606079434,0.9991012594027446,0.7736774736753282,0.6240677036296918,2.6305684991613685,0.7736774736753157,0.40142316672736256,15.25684065630647,8.588913367777677,121.40825025771342,0.8404703520569613,0.29331150271041395,16.271250747558568,13.472826876469911,24.601010562594062,4.676529953735859,-20.89279110570818,0.02999128182115895,0.011372995908056035,0.8245159435496017,0.030005025358844545,0.9990996984530336,0.012741765043469428,0.010083048867026788,0.02063164656312333,0.009205476645310242,0.9999152502927782,21.186102608418594,-0.0008155518397445771,
URANS,True,4,0.9999999999999998,1,tlsa_norm,0.01,21,True,False,False,RK45,0.9990138609081209,8,32,32,0.0,0.894380777735206,0.0299842956631935,True,0.6498786728257876,-3387.2044823748943,20.015163439156996,10.656318415939655,165.46366890435013,0.894380777735206,0.19986703964646002,0.029984295663193983,0.011807464517442603,0.8140000464153414,0.0299842956631935,0.9991009420135821,0.6498786728257981,0.5363127765010208,2.5818776650180473,0.6498786728257876,0.5776577106061798,20.02123923281427,10.656006964334239,165.46366890435013,0.8942064104911022,0.20017919828449682,12.544076135042024,10.967770021355577,19.892595067473508,11.164655482275357,-137.7026240072902,0.029997243186509252,0.011809573508228262,0.8140000464153414,0.03001098945599705,0.9990993405116905,0.011065514614130337,0.009698473731783688,0.01779617529340971,0.007994444725766176,0.99993608213594,137.9028032055747,-0.0008367416242495151,
URANS,True,4,0.9999999999999998,1,tlsa_norm,0.01,21,True,False,False,Radau,0.9990138609081209,8,32,32,0.0,0.894380777735206,0.0299842956631935,True,0.6498790508723254,-3387.1998239733784,20.015163439156996,10.656318415939655,165.46366890435013,0.894380777735206,0.19986703964646002,0.029984295663193983,0.011807464517442603,0.8140000464153414,0.0299842956631935,0.9991009420135821,0.649879050872336,0.5363130753865905,2.5818776819463674,0.6498790508723254,0.5776572192372722,20.02123923281427,10.656006964334239,165.46366890435013,0.8942064104911022,0.20017919828449682,12.544076135042024,10.967770021355577,19.892595067473508,11.164655482275357,-137.7026240072902,0.029997243186509252,0.011809573508228262,0.8140000464153414,0.03001098945599705,0.9990993405116905,0.011065514614130337,0.009698473731783688,0.01779617529340971,0.007994444725766176,0.99993608213594,137.9028032055747,-0.0008367416242495151,
URANS,True,4,0.9999999999999998,1,tlsa_norm,0.01,21,True,True,False,RK45,0.9990138609081209,10,40,40,0.0,0.8859160722138671,0.02983711481442323,True,0.6935555543685703,-2850.3188730741126,19.82573353559517,10.259646488551612,166.71319110993758,0.8859160722138671,0.2149407971731747,0.029837114814423714,0.011617647642867115,0.8115426799280453,0.02983711481442323,0.9991097465795509,0.6935555543685815,0.5323334307867129,3.2794724862143525,0.6935555543685703,0.5189806930044902,19.83058307111511,10.259168457307947,166.71319110993758,0.8856911552659612,0.2153395688082691,14.16845066512933,10.737677732215268,22.97326586015561,12.61040420122212,-175.9505998879069,0.029849399985447517,0.011619811734908924,0.8115426799280453,0.029863078505626778,0.999108196541987,0.012529739754593445,0.009453555601058636,0.0206453049116897,0.009052295838859617,0.9999180473270517,176.16593945671517,-0.0008098507850646808,
URANS,True,4,0.9999999999999998,1,tlsa_norm,0.01,21,True,True,False,Radau,0.9990138609081209,10,40,40,0.0,0.8859160722138671,0.02983711481442323,True,0.6935559490170744,-2850.314316345668,19.82573353559517,10.259646488551612,166.71319110993758,0.8859160722138671,0.2149407971731747,0.029837114814423714,0.011617647642867115,0.8115426799280453,0.02983711481442323,0.9991097465795509,0.6935559490170857,0.53233380433356,3.2794732607568067,0.6935559490170744,0.5189801455830103,19.83058307111511,10.259168457307947,166.71319110993758,0.8856911552659612,0.2153395688082691,14.16845066512933,10.737677732215268,22.97326586015561,12.61040420122212,-175.9505998879069,0.029849399985447517,0.011619811734908924,0.8115426799280453,0.029863078505626778,0.999108196541987,0.012529739754593445,0.009453555601058636,0.0206453049116897,0.009052295838859617,0.9999180473270517,176.16593945671517,-0.0008098507850646808,
URANS,True,4,0.9999999999999998,1,tlsa_norm,0.01,51,True,False,False,RK45,0.9990138609081209,8,32,32,0.0,0.8534775808359368,0.030112749499316464,True,0.7001154675884359,-2790.9321107852825,15.48550128003464,9.044967465186083,118.43048050541756,0.8534775808359368,0.27126876980837,0.030112749499316947,0.011584352837235351,0.8272089548385497,0.030112749499316464,0.9990932223175913,0.7001154675884472,0.5839111322377054,1.8742365142475594,0.7001154675884359,0.5098383320434106,15.486495346407942,9.040724614023565,118.43048050541756,0.8531215924145992,0.27187642253335964,14.45726563128706,13.287818627703523,20.34725966337072,4.155171401557711,-16.28349541677098,0.030125797311639266,0.011586008771305358,0.8272089548385497,0.030139602491195457,0.9990916043614896,0.010990742879806314,0.009928418767228105,0.016752073140326118,0.007940424780201263,0.9999369430272005,16.55537183930434,-0.0008453386657109041,
URANS,True,4,0.9999999999999998,1,tlsa_norm,0.01,51,True,False,False,Radau,0.9990138609081209,8,32,32,0.0,0.8534775808359368,0.030112749499316464,True,0.7001157622242454,-2790.928740708237,15.48550128003464,9.044967465186083,118.43048050541756,0.8534775808359368,0.27126876980837,0.030112749499316947,0.011584352837235351,0.8272089548385497,0.030112749499316464,0.9990932223175913,0.7001157622242568,0.5839113892434717,1.874236169894192,0.7001157622242454,0.5098379194851486,15.486495346407942,9.040724614023565,118.43048050541756,0.8531215924145992,0.27187642253335964,14.45726563128706,13.287818627703523,20.34725966337072,4.155171401557711,-16.28349541677098,0.030125797311639266,0.011586008771305358,0.8272089548385497,0.030139602491195457,0.9990916043614896,0.010990742879806314,0.009928418767228105,0.016752073140326118,0.007940424780201263,0.9999369430272005,16.55537183930434,-0.0008453386657109041,
URANS,True,4,0.9999999999999998,1,tlsa_norm,0.01,51,True,True,False,RK45,0.9990138609081209,10,40,40,0.0,0.8409327443288976,0.029979002606079434,True,0.7736768121907026,-1974.8611915996667,15.25788770687281,8.593792402251896,121.40825025771342,0.8409327443288976,0.2925338361356288,0.029979002606079923,0.011371707249673388,0.8245159435496017,0.029979002606079434,0.9991012594027446,0.7736768121907153,0.624067127689319,2.630568258171842,0.7736768121907026,0.4014241902784135,15.25684065630647,8.588913367777677,121.40825025771342,0.8404703520569613,0.29331150271041395,16.271250747558568,13.472826876469911,24.601010562594062,4.676529953735859,-20.89279110570818,0.02999128182115895,0.011372995908056035,0.8245159435496017,0.030005025358844545,0.9990996984530336,0.012741765043469428,0.010083048867026788,0.02063164656312333,0.009205476645310242,0.9999152502927782,21.186102608418594,-0.0008155518397445771,
URANS,True,4,0.9999999999999998,1,tlsa_norm,0.01,51,True,True,False,Radau,0.9990138609081209,10,40,40,0.0,0.8409327443288976,0.029979002606079434,True,0.7736774736753157,-1974.854344856385,15.25788770687281,8.593792402251896,121.40825025771342,0.8409327443288976,0.2925338361356288,0.029979002606079923,0.011371707249673388,0.8245159435496017,0.029979002606079434,0.9991012594027446,0.7736774736753282,0.6240677036296918,2.6305684991613685,0.7736774736753157,0.40142316672736256,15.25684065630647,8.588913367777677,121.40825025771342,0.8404703520569613,0.29331150271041395,16.271250747558568,13.472826876469911,24.601010562594062,4.676529953735859,-20.89279110570818,0.02999128182115895,0.011372995908056035,0.8245159435496017,0.030005025358844545,0.9990996984530336,0.012741765043469428,0.010083048867026788,0.02063164656312333,0.009205476645310242,0.9999152502927782,21.186102608418594,-0.0008155518397445771,
URANS,True,4,0.9999999999999998,1,tlsa_norm,0.1,21,True,False,False,RK45,0.9990138609081209,8,32,32,0.0,0.894380777735206,0.0299842956631935,True,0.6498786728257876,-3387.2044823748943,20.015163439156996,10.656318415939655,165.46366890435013,0.894380777735206,0.19986703964646002,0.029984295663193983,0.011807464517442603,0.8140000464153414,0.0299842956631935,0.9991009420135821,0.6498786728257981,0.5363127765010208,2.5818776650180473,0.6498786728257876,0.5776577106061798,20.02123923281427,10.656006964334239,165.46366890435013,0.8942064104911022,0.20017919828449682,12.544076135042024,10.967770021355577,19.892595067473508,11.164655482275357,-137.7026240072902,0.029997243186509252,0.011809573508228262,0.8140000464153414,0.03001098945599705,0.9990993405116905,0.011065514614130337,0.009698473731783688,0.01779617529340971,0.007994444725766176,0.99993608213594,137.9028032055747,-0.0008367416242495151,
URANS,True,4,0.9999999999999998,1,tlsa_norm,0.1,21,True,False,False,Radau,0.9990138609081209,8,32,32,0.0,0.894380777735206,0.0299842956631935,True,0.6498790508723254,-3387.1998239733784,20.015163439156996,10.656318415939655,165.46366890435013,0.894380777735206,0.19986703964646002,0.029984295663193983,0.011807464517442603,0.8140000464153414,0.0299842956631935,0.9991009420135821,0.649879050872336,0.5363130753865905,2.5818776819463674,0.6498790508723254,0.5776572192372722,20.02123923281427,10.656006964334239,165.46366890435013,0.8942064104911022,0.20017919828449682,12.544076135042024,10.967770021355577,19.892595067473508,11.164655482275357,-137.7026240072902,0.029997243186509252,0.011809573508228262,0.8140000464153414,0.03001098945599705,0.9990993405116905,0.011065514614130337,0.009698473731783688,0.01779617529340971,0.007994444725766176,0.99993608213594,137.9028032055747,-0.0008367416242495151,
URANS,True,4,0.9999999999999998,1,tlsa_norm,0.1,21,True,True,False,RK45,0.9990138609081209,10,40,40,0.0,0.8859160722138671,0.02983711481442323,True,0.6935555543685703,-2850.3188730741126,19.82573353559517,10.259646488551612,166.71319110993758,0.8859160722138671,0.2149407971731747,0.029837114814423714,0.011617647642867115,0.8115426799280453,0.02983711481442323,0.9991097465795509,0.6935555543685815,0.5323334307867129,3.2794724862143525,0.6935555543685703,0.5189806930044902,19.83058307111511,10.259168457307947,166.71319110993758,0.8856911552659612,0.2153395688082691,14.16845066512933,10.737677732215268,22.97326586015561,12.61040420122212,-175.9505998879069,0.029849399985447517,0.011619811734908924,0.8115426799280453,0.029863078505626778,0.999108196541987,0.012529739754593445,0.009453555601058636,0.0206453049116897,0.009052295838859617,0.9999180473270517,176.16593945671517,-0.0008098507850646808,
URANS,True,4,0.9999999999999998,1,tlsa_norm,0.1,21,True,True,False,Radau,0.9990138609081209,10,40,40,0.0,0.8859160722138671,0.02983711481442323,True,0.6935559490170744,-2850.314316345668,19.82573353559517,10.259646488551612,166.71319110993758,0.8859160722138671,0.2149407971731747,0.029837114814423714,0.011617647642867115,0.8115426799280453,0.02983711481442323,0.9991097465795509,0.6935559490170857,0.53233380433356,3.2794732607568067,0.6935559490170744,0.5189801455830103,19.83058307111511,10.259168457307947,166.71319110993758,0.8856911552659612,0.2153395688082691,14.16845066512933,10.737677732215268,22.97326586015561,12.61040420122212,-175.9505998879069,0.029849399985447517,0.011619811734908924,0.8115426799280453,0.029863078505626778,0.999108196541987,0.012529739754593445,0.009453555601058636,0.0206453049116897,0.009052295838859617,0.9999180473270517,176.16593945671517,-0.0008098507850646808,
URANS,True,4,0.9999999999999998,1,tlsa_norm,0.1,51,True,False,False,RK45,0.9990138609081209,8,32,32,0.0,0.8534775808359368,0.030112749499316464,True,0.7001154675884359,-2790.9321107852825,15.48550128003464,9.044967465186083,118.43048050541756,0.8534775808359368,0.27126876980837,0.030112749499316947,0.011584352837235351,0.8272089548385497,0.030112749499316464,0.9990932223175913,0.7001154675884472,0.5839111322377054,1.8742365142475594,0.7001154675884359,0.5098383320434106,15.486495346407942,9.040724614023565,118.43048050541756,0.8531215924145992,0.27187642253335964,14.45726563128706,13.287818627703523,20.34725966337072,4.155171401557711,-16.28349541677098,0.030125797311639266,0.011586008771305358,0.8272089548385497,0.030139602491195457,0.9990916043614896,0.010990742879806314,0.009928418767228105,0.016752073140326118,0.007940424780201263,0.9999369430272005,16.55537183930434,-0.0008453386657109041,
URANS,True,4,0.9999999999999998,1,tlsa_norm,0.1,51,True,False,False,Radau,0.9990138609081209,8,32,32,0.0,0.8534775808359368,0.030112749499316464,True,0.7001157622242454,-2790.928740708237,15.48550128003464,9.044967465186083,118.43048050541756,0.8534775808359368,0.27126876980837,0.030112749499316947,0.011584352837235351,0.8272089548385497,0.030112749499316464,0.9990932223175913,0.7001157622242568,0.5839113892434717,1.874236169894192,0.7001157622242454,0.5098379194851486,15.486495346407942,9.040724614023565,118.43048050541756,0.8531215924145992,0.27187642253335964,14.45726563128706,13.287818627703523,20.34725966337072,4.155171401557711,-16.28349541677098,0.030125797311639266,0.011586008771305358,0.8272089548385497,0.030139602491195457,0.9990916043614896,0.010990742879806314,0.009928418767228105,0.016752073140326118,0.007940424780201263,0.9999369430272005,16.55537183930434,-0.0008453386657109041,
URANS,True,4,0.9999999999999998,1,tlsa_norm,0.1,51,True,True,False,RK45,0.9990138609081209,10,40,39,0.025000000000000022,0.8409323137778976,0.02997887730078803,True,0.7679604231864018,-2036.2487724090242,15.257879894953419,8.593119498893326,121.40825025771342,0.8409323137778976,0.29253456056974914,0.02997887730078852,0.011370970257968344,0.8245159435496017,0.02997887730078803,0.9991012669157843,0.7679604231864142,0.6192719862981173,2.6302712954375282,0.7679604231864018,0.4102367884193443,15.256843116532789,8.588246170490219,121.40825025771342,0.8404704875861528,0.29331127479772623,16.261608322014478,13.466447902001013,24.57549466471847,4.6737586184166995,-20.866851236411698,0.029991161024373814,0.01137226484494733,0.8245159435496017,0.030004904506704157,0.9990997057053621,0.012730974433635005,0.010076383278981603,0.02060498421094259,0.009197680809609258,0.9999153937758497,21.160162511209425,-0.0008156880704875968,
URANS,True,4,0.9999999999999998,1,tlsa_norm,0.1,51,True,True,False,Radau,0.9990138609081209,10,40,39,0.025000000000000022,0.8409323137778976,0.02997887730078803,True,0.7679610728764507,-2036.241997690493,15.257879894953419,8.593119498893326,121.40825025771342,0.8409323137778976,0.29253456056974914,0.02997887730078852,0.011370970257968344,0.8245159435496017,0.02997887730078803,0.9991012669157843,0.7679610728764631,0.6192725538204799,2.630271582464866,0.7679610728764507,0.41023579054643255,15.256843116532789,8.588246170490219,121.40825025771342,0.8404704875861528,0.29331127479772623,16.261608322014478,13.466447902001013,24.57549466471847,4.6737586184166995,-20.866851236411698,0.029991161024373814,0.01137226484494733,0.8245159435496017,0.030004904506704157,0.9990997057053621,0.012730974433635005,0.010076383278981603,0.02060498421094259,0.009197680809609258,0.9999153937758497,21.160162511209425,-0.0008156880704875968,
LES--WALE,False,4,0.8844708462803861,1,alasso,0.001,21,True,False,False,RK45,0.9900999541338871,8,32,30,0.0625,0.6439579366337507,0.3520686922425163,True,33.41369942421962,2895.244510459035,8.782660114638587,6.381820897837849,31.280753452568288,0.6439579366337507,0.5851652879682627,0.3520686922425336,0.22677133733163193,1.6491769541965617,0.3520686922425163,0.8760476359426324,33.41369942422127,15.69152469840917,165.87727076118512,33.41369942421962,-1115.4753092122023,8.313547825316217,5.9698077889074455,31.280753452568288,0.6303067043648386,0.600219674842873,10.469779641105607,8.050473989005983,28.20992380965222,0.683289179598419,0.5158109082767635,0.2998489355428183,0.18890550114613947,1.5605178524897068,0.29254867146404495,0.913998494730307,0.5116897817015257,0.38012797388287634,1.6491769541965617,0.5737562871345153,0.6321857273763826,0.08440876656610952,0.28181276735392446,
LES--WALE,False,4,0.8844708462803861,1,alasso,0.001,21,True,False,False,Radau,0.9900999541338871,8,32,30,0.0625,0.6439579366337507,0.3520686922425163,True,33.413702256629705,2895.2445789515186,8.782660114638587,6.381820897837849,31.280753452568288,0.6439579366337507,0.5851652879682627,0.3520686922425336,0.22677133733163193,1.6491769541965617,0.3520686922425163,0.8760476359426324,33.41370225663136,15.69152581334463,165.8772858714776,33.413702256629705,-1115.475498494809,8.313547825316217,5.9698077889074455,31.280753452568288,0.6303067043648386,0.600219674842873,10.469779641105607,8.050473989005983,28.20992380965222,0.683289179598419,0.5158109082767635,0.2998489355428183,0.18890550114613947,1.5605178524897068,0.29254867146404495,0.913998494730307,0.5116897817015257,0.38012797388287634,1.6491769541965617,0.5737562871345153,0.6321857273763826,0.08440876656610952,0.28181276735392446,
LES--WALE,False,4,0.8844708462803861,1,alasso,0.001,21,True,True,False,RK45,0.9900999541338871,10,40,40,0.0,0.42721466236548317,0.3619088195552492,True,2.6054136147666913,853.7338834095384,5.826593574045978,4.252641230982724,23.794455761599636,0.42721466236548317,0.8174203422872184,0.3619088195552671,0.2266041278614113,1.8900557695327693,0.3619088195552492,0.8690220063281134,2.60541361476682,1.6457277084813526,11.666953194614488,2.6054136147666913,-5.7881801040122935,5.383753100339466,4.026445881064372,17.975201688673927,0.4081790043301853,0.8323440821322915,7.3522101007448875,5.168732398152052,23.794455761599636,0.4798272533119601,0.7612322113848868,0.3027583356454324,0.1825793862810076,1.8900557695327693,0.295387237934979,0.9123214723929879,0.5387070617151031,0.4049043312620463,1.675401485019549,0.6040506858569543,0.5923190427289703,0.07111187074740466,0.3200024296640176,
LES--WALE,False,4,0.8844708462803861,1,alasso,0.001,21,True,True,False,Radau,0.9900999541338871,10,40,40,0.0,0.42721466236548317,0.3619088195552492,True,2.605413651826599,853.7338949026866,5.826593574045978,4.252641230982724,23.794455761599636,0.42721466236548317,0.8174203422872184,0.3619088195552671,0.2266041278614113,1.8900557695327693,0.3619088195552492,0.8690220063281134,2.6054136518267272,1.6457278453971562,11.666949297068948,2.605413651826599,-5.788180297125068,5.383753100339466,4.026445881064372,17.975201688673927,0.4081790043301853,0.8323440821322915,7.3522101007448875,5.168732398152052,23.794455761599636,0.4798272533119601,0.7612322113848868,0.3027583356454324,0.1825793862810076,1.8900557695327693,0.295387237934979,0.9123214723929879,0.5387070617151031,0.4049043312620463,1.675401485019549,0.6040506858569543,0.5923190427289703,0.07111187074740466,0.3200024296640176,
LES--WALE,False,4,0.8844708462803861,1,alasso,0.001,51,True,False,False,RK45,0.9900999541338871,8,32,28,0.125,0.24158063969192092,0.360645391728477,True,5.4268047720264985,1422.6112209462942,2.1492311594588482,1.5168296740455502,9.11569848157231,0.24158063969192092,0.9416386848885803,0.3606453917284948,0.22430277994629116,1.7324171905282904,0.360645391728477,0.8699349014250009,5.426804772026768,3.454991565813213,21.63007598801619,5.4268047720264985,-28.450210033692432,2.254347875155567,1.5820317530524717,9.11569848157231,0.29123739495802237,0.9130346824113005,1.656650544562422,1.2527612540675181,5.349333404679729,0.132199605124858,0.9794245671450739,0.30228405077762177,0.18283463470368005,1.716596370627059,0.2949245002310004,0.9125959621221857,0.5354973165366094,0.3922487681788661,1.7324171905282904,0.6004516077785598,0.5971626905934277,-0.06638988473377339,0.315433271528758,
LES--WALE,False,4,0.8844708462803861,1,alasso,0.001,51,True,False,False,Radau,0.9900999541338871,8,32,28,0.125,0.24158063969192092,0.360645391728477,True,5.42679548523097,1422.6098382289267,2.1492311594588482,1.5168296740455502,9.11569848157231,0.24158063969192092,0.9416386848885803,0.3606453917284948,0.22430277994629116,1.7324171905282904,0.360645391728477,0.8699349014250009,5.426795485231239,3.4549862791417993,21.630038622092282,5.42679548523097,-28.450109238526085,2.254347875155567,1.5820317530524717,9.11569848157231,0.29123739495802237,0.9130346824113005,1.656650544562422,1.2527612540675181,5.349333404679729,0.132199605124858,0.9794245671450739,0.30228405077762177,0.18283463470368005,1.716596370627059,0.2949245002310004,0.9125959621221857,0.5354973165366094,0.3922487681788661,1.7324171905282904,0.6004516077785598,0.5971626905934277,-0.06638988473377339,0.315433271528758,
LES--WALE,False,4,0.8844708462803861,1,alasso,0.001,51,True,True,False,RK45,0.9900999541338871,10,40,33,0.17500000000000004,0.18711885461321986,0.35926074335018715,True,0.8578188066377139,-57.916805359698415,1.6647098599036931,1.206109420909696,6.053526675579175,0.18711885461321986,0.9649864684718791,0.35926074335020486,0.22198602099147818,1.797719238109285,0.35926074335018715,0.8709317182874585,0.8578188066377563,0.6556086967522722,2.5204903724226835,0.8578188066377139,0.26414689497857724,1.7483883992342513,1.2625280877016356,6.053526675579175,0.2258728958292082,0.9476905623201126,1.270655915718106,0.9776138204023402,3.861851251037127,0.1013974919809463,0.9878956049103702,0.2990894132865215,0.17858873666687317,1.797719238109285,0.29180764089601985,0.9144336293678381,0.5380559359685846,0.3977450225061284,1.7032079763136059,0.6033205804217081,0.5933039607416667,-0.04020504259025759,0.3211296686261714,
LES--WALE,False,4,0.8844708462803861,1,alasso,0.001,51,True,True,False,Radau,0.9900999541338871,10,40,33,0.17500000000000004,0.18711885461321986,0.35926074335018715,True,0.8578189431474177,-57.91667677796174,1.6647098599036931,1.206109420909696,6.053526675579175,0.18711885461321986,0.9649864684718791,0.35926074335020486,0.22198602099147818,1.797719238109285,0.35926074335018715,0.8709317182874585,0.8578189431474602,0.655608812417396,2.520490952494791,0.8578189431474177,0.26414666077737614,1.7483883992342513,1.2625280877016356,6.053526675579175,0.2258728958292082,0.9476905623201126,1.270655915718106,0.9776138204023402,3.861851251037127,0.1013974919809463,0.9878956049103702,0.2990894132865215,0.17858873666687317,1.797719238109285,0.29180764089601985,0.9144336293678381,0.5380559359685846,0.3977450225061284,1.7032079763136059,0.6033205804217081,0.5933039607416667,-0.04020504259025759,0.3211296686261714,
LES--WALE,False,4,0.8844708462803861,1,alasso,0.01,21,True,False,False,RK45,0.9900999541338871,8,32,27,0.15625,0.7279882349309655,0.3566084688489818,True,1.4336092056219405,345.0377091165862,9.928712530940851,6.980858087678911,36.01075438989028,0.7279882349309655,0.46983773780382443,0.3566084688489995,0.2208571018308668,1.8273467440911553,0.3566084688489818,0.8728303999451724,1.4336092056220113,1.0417896230492574,4.243345273598402,1.4336092056219405,-1.0552353544441697,8.36552315638297,5.795986408661465,28.680053264674203,0.6342473083429856,0.5952052891095658,14.642357038144329,11.779588387699567,36.01075438989028,0.9556040786856762,0.05297399732065189,0.296414999830427,0.17897618911240185,1.6304508326158695,0.2891983399755092,0.9159570315129293,0.5351317400162028,0.39047479834064985,1.8273467440911553,0.6000416878729589,0.597712525628872,0.5422312917889139,0.3182445058840573,
LES--WALE,False,4,0.8844708462803861,1,alasso,0.01,21,True,False,False,Radau,0.9900999541338871,8,32,27,0.15625,0.7279882349309655,0.3566084688489818,True,1.4336099168360847,345.0381099656347,9.928712530940851,6.980858087678911,36.01075438989028,0.7279882349309655,0.46983773780382443,0.3566084688489995,0.2208571018308668,1.8273467440911553,0.3566084688489818,0.8728303999451724,1.4336099168361556,1.0417900421606594,4.243346714440923,1.4336099168360847,-1.0552373936509643,8.36552315638297,5.795986408661465,28.680053264674203,0.6342473083429856,0.5952052891095658,14.642357038144329,11.779588387699567,36.01075438989028,0.9556040786856762,0.05297399732065189,0.296414999830427,0.17897618911240185,1.6304508326158695,0.2891983399755092,0.9159570315129293,0.5351317400162028,0.39047479834064985,1.8273467440911553,0.6000416878729589,0.597712525628872,0.5422312917889139,0.3182445058840573,
LES--WALE,False,4,0.8844708462803861,1,alasso,0.01,21,True,True,False,RK45,0.9900999541338871,10,40,33,0.17500000000000004,0.5642524606944613,0.37063052275537783,True,9.615146157023942,1894.7783805299398,7.695592055333932,5.864995521429589,30.275945033050647,0.5642524606944613,0.6815017776619515,0.37063052275539615,0.23131910807676923,1.9546302902740238,0.37063052275537783,0.8626330156020621,9.615146157024418,4.787388275660826,61.353643559813484,9.615146157023942,-91.45103562094123,7.15617623368677,5.512103759250231,30.275945033050647,0.5425584783398446,0.7037825271276427,9.574331109794922,7.294207158255989,27.35690160084634,0.6248495263004937,0.595091583616421,0.31135400858904566,0.1869350955088061,1.9546302902740238,0.3037736365574761,0.9072722007035441,0.5487175326326785,0.41107435897701994,1.7198288278445453,0.6152753982345144,0.5770268857199334,0.10869094351122166,0.33024531498361065,
LES--WALE,False,4,0.8844708462803861,1,alasso,0.01,21,True,True,False,Radau,0.9900999541338871,10,40,33,0.17500000000000004,0.5642524606944613,0.37063052275537783,True,9.615140212766471,1894.7778810095538,7.695592055333932,5.864995521429589,30.275945033050647,0.5642524606944613,0.6815017776619515,0.37063052275539615,0.23131910807676923,1.9546302902740238,0.37063052275537783,0.8626330156020621,9.615140212766947,4.78738594070188,61.35361595549942,9.615140212766471,-91.45092131116782,7.15617623368677,5.512103759250231,30.275945033050647,0.5425584783398446,0.7037825271276427,9.574331109794922,7.294207158255989,27.35690160084634,0.6248495263004937,0.595091583616421,0.31135400858904566,0.1869350955088061,1.9546302902740238,0.3037736365574761,0.9072722007035441,0.5487175326326785,0.41107435897701994,1.7198288278445453,0.6152753982345144,0.5770268857199334,0.10869094351122166,0.33024531498361065,
LES--WALE,False,4,0.8844708462803861,1,alasso,0.01,51,True,False,False,RK45,0.9900999541338871,8,32,23,0.28125,0.2559937230721966,0.36342044785116145,True,225.49356824596495,4423.979642166901,2.2774576926126264,1.6611765253323656,9.465113791729767,0.2559937230721966,0.9344670906376293,0.36342044785117944,0.22619664284749888,1.7673459581127289,0.36342044785116145,0.8679255780836485,225.4935682459761,103.8258079426856,1132.5444973059286,225.49356824596495,-50846.34932030256,2.395705157885583,1.7539893697451197,9.465113791729767,0.3094992290051716,0.9017865527698422,1.717214433619123,1.2852845054607112,5.40128621173432,0.13703256295317082,0.9778926734855057,0.3044005619275452,0.18516998633978388,1.7669276320378238,0.29698948179889567,0.9113677183502671,0.5400963221178842,0.39235460170374453,1.7673459581127289,0.6056084595688155,0.5902136115677419,-0.07610612071566347,0.3211541067825252,
LES--WALE,False,4,0.8844708462803861,1,alasso,0.01,51,True,False,False,Radau,0.9900999541338871,8,32,23,0.28125,0.2559937230721966,0.36342044785116145,True,225.49320232587883,4423.97833098241,2.2774576926126264,1.6611765253323656,9.465113791729767,0.2559937230721966,0.9344670906376293,0.36342044785117944,0.22619664284749888,1.7673459581127289,0.36342044785116145,0.8679255780836485,225.49320232588994,103.82564811639142,1132.5426398988143,225.49320232587883,-50846.18429518462,2.395705157885583,1.7539893697451197,9.465113791729767,0.3094992290051716,0.9017865527698422,1.717214433619123,1.2852845054607112,5.40128621173432,0.13703256295317082,0.9778926734855057,0.3044005619275452,0.18516998633978388,1.7669276320378238,0.29698948179889567,0.9113677183502671,0.5400963221178842,0.39235460170374453,1.7673459581127289,0.6056084595688155,0.5902136115677419,-0.07610612071566347,0.3211541067825252,
LES--WALE,False,4,0.8844708462803861,1,alasso,0.01,51,True,True,False,RK45,0.9900999541338871,10,40,27,0.32499999999999996,0.19560231350169582,0.36076429475117017,True,4.143917943654206,1202.6864964437063,1.7401832678984415,1.2473656921676448,7.067718845576408,0.19560231350169582,0.9617396630769839,0.360764294751188,0.2247539264296798,1.7753847377683816,0.36076429475117017,0.8698491236326783,4.143917943654412,2.799004929301724,16.963269610210702,4.143917943654206,-16.172055923740967,1.8198605559025036,1.2958342863202428,7.067718845576408,0.2351063264587454,0.943326446645851,1.3709254267817104,1.0510678858496227,4.386208734587113,0.10939893188158167,0.9859098755783775,0.3008681557460337,0.18190241129744628,1.7753847377683816,0.29354307724987905,0.9134128435242088,0.539118961575084,0.39830256271522574,1.7072203867301194,0.6045125479905854,0.5916953719472442,-0.042583428932526535,0.3217174715769646,
LES--WALE,False,4,0.8844708462803861,1,alasso,0.01,51,True,True,False,Radau,0.9900999541338871,10,40,27,0.32499999999999996,0.19560231350169582,0.36076429475117017,True,4.143910142049236,1202.684975249794,1.7401832678984415,1.2473656921676448,7.067718845576408,0.19560231350169582,0.9617396630769839,0.360764294751188,0.2247539264296798,1.7753847377683816,0.36076429475117017,0.8698491236326783,4.143910142049441,2.7990006307703887,16.96324233477221,4.143910142049236,-16.17199126538018,1.8198605559025036,1.2958342863202428,7.067718845576408,0.2351063264587454,0.943326446645851,1.3709254267817104,1.0510678858496227,4.386208734587113,0.10939893188158167,0.9859098755783775,0.3008681557460337,0.18190241129744628,1.7753847377683816,0.29354307724987905,0.9134128435242088,0.539118961575084,0.39830256271522574,1.7072203867301194,0.6045125479905854,0.5916953719472442,-0.042583428932526535,0.3217174715769646,
LES--WALE,False,4,0.8844708462803861,1,alasso,0.1,21,True,False,False,RK45,0.9900999541338871,8,32,20,0.375,0.7396268435887722,0.35780681046588375,True,3.837276517362393,1126.568402757285,10.087446414372963,7.187006991240864,36.832576571244545,0.7396268435887722,0.45275044269957676,0.35780681046590146,0.2215065022388087,1.8326247385892809,0.35780681046588375,0.8719742863842188,3.837276517362583,2.5454533911811246,14.180791319641179,3.837276517362393,-13.724691070702281,8.659635438245282,6.0945115804031165,29.734062253309077,0.6565459643426947,0.5662416621888096,14.497037510572705,11.611613405133742,36.832576571244545,0.9461200910395372,0.07167842481993325,0.2974074668240205,0.17972659838797272,1.6304602911851247,0.29016664389802305,0.9153932981645498,0.5369380675672374,0.39071511283469434,1.8326247385892809,0.602067117783996,0.5949921137646144,0.4945632373688763,0.3204011843999355,
LES--WALE,False,4,0.8844708462803861,1,alasso,0.1,21,True,False,False,Radau,0.9900999541338871,8,32,20,0.375,0.7396268435887722,0.35780681046588375,True,3.8372746647774987,1126.5680126657842,10.087446414372963,7.187006991240864,36.832576571244545,0.7396268435887722,0.45275044269957676,0.35780681046590146,0.2215065022388087,1.8326247385892809,0.35780681046588375,0.8719742863842188,3.8372746647776887,2.5454521920838458,14.180790787294942,3.8372746647774987,-13.72467685294469,8.659635438245282,6.0945115804031165,29.734062253309077,0.6565459643426947,0.5662416621888096,14.497037510572705,11.611613405133742,36.832576571244545,0.9461200910395372,0.07167842481993325,0.2974074668240205,0.17972659838797272,1.6304602911851247,0.29016664389802305,0.9153932981645498,0.5369380675672374,0.39071511283469434,1.8326247385892809,0.602067117783996,0.5949921137646144,0.4945632373688763,0.3204011843999355,
LES--WALE,False,4,0.8844708462803861,1,alasso,0.1,21,True,True,False,RK45,0.9900999541338871,10,40,23,0.42500000000000004,0.7008191814519218,0.3654824100228849,True,757.1346058001124,5402.669170359977,9.558165716050684,6.759267334316667,46.53170437364757,0.7008191814519218,0.5086713951062048,0.365482410022903,0.22777235999626902,1.823232546550863,0.3654824100228849,0.866422607963851,757.1346058001499,299.56754526924476,5405.50936020443,757.1346058001124,-573251.811300147,7.354913014938594,5.431149010134516,23.451742745665786,0.5576260678045324,0.6871013427454334,15.565245477283346,12.138146547254392,46.53170437364757,1.0158345425594673,-0.07016777006471964,0.30357499519330294,0.18291541653068338,1.823232546550863,0.2961840147030386,0.9118478267830851,0.5489324458171225,0.40944298103189086,1.781204914752382,0.6155163797728846,0.5766954937189186,0.7572691128101531,0.3351523330641665,
LES--WALE,False,4,0.8844708462803861,1,alasso,0.1,21,True,True,False,Radau,0.9900999541338871,10,40,23,0.42500000000000004,0.7008191814519218,0.3654824100228849,True,757.1338008037159,5402.668311282306,9.558165716050684,6.759267334316667,46.53170437364757,0.7008191814519218,0.5086713951062048,0.365482410022903,0.22777235999626902,1.823232546550863,0.3654824100228849,0.866422607963851,757.1338008037534,299.56724684451905,5405.503396200101,757.1338008037159,-573250.5923195364,7.354913014938594,5.431149010134516,23.451742745665786,0.5576260678045324,0.6871013427454334,15.565245477283346,12.138146547254392,46.53170437364757,1.0158345425594673,-0.07016777006471964,0.30357499519330294,0.18291541653068338,1.823232546550863,0.2961840147030386,0.9118478267830851,0.5489324458171225,0.40944298103189086,1.781204914752382,0.6155163797728846,0.5766954937189186,0.7572691128101531,0.3351523330641665,
LES--WALE,False,4,0.8844708462803861,1,alasso,0.1,51,True,False,False,RK45,0.9900999541338871,8,32,18,0.4375,0.30513644694269965,0.3635164466283868,True,5.7447531265305285,1448.615846303286,2.714657766003687,1.8955015904578174,12.80852451113889,0.30513644694269965,0.9068915738338624,0.36351644662840477,0.2294503763232323,2.111776953389919,0.3635164466283868,0.8678557930306584,5.744753126530813,3.970779991133588,16.066915448227203,5.7447531265305285,-32.00218848478548,2.898229731179955,2.0122344353466857,12.80852451113889,0.3744199758169498,0.8562625838681741,1.7878403716300684,1.4227335686579017,3.6399240503900465,0.14266846555632712,0.9760368092301638,0.3070920557677656,0.18777519127387815,2.111776953389919,0.29961544725641753,0.9097934250820761,0.5342198478123991,0.3982348757731165,1.7540849445817703,0.599019185755794,0.5990823948576324,-0.11977422536198967,0.3107110302244437,
LES--WALE,False,4,0.8844708462803861,1,alasso,0.1,51,True,False,False,Radau,0.9900999541338871,8,32,18,0.4375,0.30513644694269965,0.3635164466283868,True,5.744749682135062,1448.6153618486348,2.714657766003687,1.8955015904578174,12.80852451113889,0.30513644694269965,0.9068915738338624,0.36351644662840477,0.2294503763232323,2.111776953389919,0.3635164466283868,0.8678557930306584,5.744749682135345,3.9707779033515145,16.066908194917062,5.744749682135062,-32.002148910394084,2.898229731179955,2.0122344353466857,12.80852451113889,0.3744199758169498,0.8562625838681741,1.7878403716300684,1.4227335686579017,3.6399240503900465,0.14266846555632712,0.9760368092301638,0.3070920557677656,0.18777519127387815,2.111776953389919,0.29961544725641753,0.9097934250820761,0.5342198478123991,0.3982348757731165,1.7540849445817703,0.599019185755794,0.5990823948576324,-0.11977422536198967,0.3107110302244437,
LES--WALE,False,4,0.8844708462803861,1,alasso,0.1,51,True,True,False,RK45,0.9900999541338871,10,40,21,0.475,0.24858620458643232,0.3605188365655982,True,27.8892492830268,2731.2189576425594,2.2115564284874263,1.4911183886329982,8.750307823230248,0.24858620458643232,0.9382047828009281,0.36051883656561595,0.22548480822034492,1.989899855292814,0.3605188365655982,0.870026168481375,27.889249283028185,14.845615026273261,94.81429997504644,27.8892492830268,-776.8102255708864,2.2800268062821716,1.5419031247177892,8.750307823230248,0.2945548354866288,0.9110421813332121,1.9093043791941944,1.2854402074895948,8.645548523389667,0.15236121209817646,0.972670133984415,0.3008319913301846,0.18302489237487726,1.989899855292814,0.2935077933100119,0.9134336578621722,0.5383709750608185,0.3974474673944887,1.7348831721251718,0.6036738328537996,0.5928275691549649,-0.06162795265120291,0.3206060887072073,
LES--WALE,False,4,0.8844708462803861,1,alasso,0.1,51,True,True,False,Radau,0.9900999541338871,10,40,21,0.475,0.24858620458643232,0.3605188365655982,True,27.889193736074542,2731.217348349255,2.2115564284874263,1.4911183886329982,8.750307823230248,0.24858620458643232,0.9382047828009281,0.36051883656561595,0.22548480822034492,1.989899855292814,0.3605188365655982,0.870026168481375,27.889193736075924,14.845588928288151,94.81405284934748,27.889193736074542,-776.8071272483747,2.2800268062821716,1.5419031247177892,8.750307823230248,0.2945548354866288,0.9110421813332121,1.9093043791941944,1.2854402074895948,8.645548523389667,0.15236121209817646,0.972670133984415,0.3008319913301846,0.18302489237487726,1.989899855292814,0.2935077933100119,0.9134336578621722,0.5383709750608185,0.3974474673944887,1.7348831721251718,0.6036738328537996,0.5928275691549649,-0.06162795265120291,0.3206060887072073,
LES--WALE,False,4,0.8844708462803861,1,tlsa_norm,0.001,21,True,False,False,RK45,0.9900999541338871,8,32,32,0.0,0.7256257942258012,0.3563852759319656,True,1.6687369660157818,477.75016226704736,9.896492237387351,6.97416424228681,35.921938742917845,0.7256257942258012,0.47327308085609765,0.35638527593198327,0.22070926540842534,1.8228465122953357,0.3563852759319656,0.8729895350988844,1.6687369660158642,1.2151418448957376,5.042901797356729,1.6687369660157818,-1.7846830617478253,8.370630648514553,5.808050560161398,29.031372575344555,0.6346345421209912,0.594710850948508,14.519869774398003,11.696924654894735,35.921938742917845,0.9476101929664497,0.06875198218814194,0.29647272153022164,0.17885465866776074,1.6379701506750939,0.28925465635548564,0.9159242964938925,0.534250639282643,0.3902204227081169,1.8228465122953357,0.5990537121432155,0.5990361771877841,0.525958868760366,0.3168881193061084,
LES--WALE,False,4,0.8844708462803861,1,tlsa_norm,0.001,21,True,False,False,Radau,0.9900999541338871,8,32,32,0.0,0.7256257942258012,0.3563852759319656,True,1.6687375856867677,477.75046231077744,9.896492237387351,6.97416424228681,35.921938742917845,0.7256257942258012,0.47327308085609765,0.35638527593198327,0.22070926540842534,1.8228465122953357,0.3563852759319656,0.8729895350988844,1.6687375856868503,1.2151422205946387,5.04290905587493,1.6687375856867677,-1.7846851298839717,8.370630648514553,5.808050560161398,29.031372575344555,0.6346345421209912,0.594710850948508,14.519869774398003,11.696924654894735,35.921938742917845,0.9476101929664497,0.06875198218814194,0.29647272153022164,0.17885465866776074,1.6379701506750939,0.28925465635548564,0.9159242964938925,0.534250639282643,0.3902204227081169,1.8228465122953357,0.5990537121432155,0.5990361771877841,0.525958868760366,0.3168881193061084,
LES--WALE,False,4,0.8844708462803861,1,tlsa_norm,0.001,21,True,True,False,RK45,0.9900999541338871,10,40,40,0.0,0.6029203469490537,0.36496294144996827,True,2.253216568212273,736.3858952123978,8.222966411648043,5.993415535443003,31.75446818821287,0.6029203469490537,0.6363530326672537,0.3649629414499863,0.22666093438502957,1.8825189567388656,0.36496294144996827,0.8668020513681742,2.2532165682123844,1.3628252768253466,9.969405253582817,2.253216568212273,-4.0769849032667835,6.820656538773278,5.0805936325424055,22.3318929050258,0.5171204442304569,0.7309078805330744,12.371550089021826,9.690344242190426,31.75446818821287,0.8074044154186036,0.32393546485892066,0.30500132088696563,0.18250060674156693,1.8825189567388656,0.2975756143963999,0.9110175272716747,0.5439624319127259,0.405510261341053,1.7367352721793639,0.609943517412196,0.5843259600978585,0.40697241567415376,0.3266915671738162,
LES--WALE,False,4,0.8844708462803861,1,tlsa_norm,0.001,21,True,True,False,Radau,0.9900999541338871,10,40,40,0.0,0.6029203469490537,0.36496294144996827,True,2.253216416973333,736.3858409783446,8.222966411648043,5.993415535443003,31.75446818821287,0.6029203469490537,0.6363530326672537,0.3649629414499863,0.22666093438502957,1.8825189567388656,0.36496294144996827,0.8668020513681742,2.2532164169734448,1.3628252081885959,9.969405541679782,2.253216416973333,-4.076984221718637,6.820656538773278,5.0805936325424055,22.3318929050258,0.5171204442304569,0.7309078805330744,12.371550089021826,9.690344242190426,31.75446818821287,0.8074044154186036,0.32393546485892066,0.30500132088696563,0.18250060674156693,1.8825189567388656,0.2975756143963999,0.9110175272716747,0.5439624319127259,0.405510261341053,1.7367352721793639,0.609943517412196,0.5843259600978585,0.40697241567415376,0.3266915671738162,
LES--WALE,False,4,0.8844708462803861,1,tlsa_norm,0.001,51,True,False,False,RK45,0.9900999541338871,8,32,32,0.0,0.25624507771561217,0.3567582796090301,True,4.331845700032661,1248.5229175669456,2.279693878560276,1.6056012362655563,10.400208614693785,0.25624507771561217,0.934338336794637,0.35675827960904777,0.22190662896336696,1.9075473795297988,0.3567582796090301,0.8727235299303928,4.331845700032875,2.9193536948858787,16.078976684171028,4.331845700032661,-17.764887168893264,2.3951375497655114,1.6758322858354509,10.400208614693785,0.30942590016712124,0.9018330861639864,1.7353101698029223,1.3211654855074826,5.50254367406092,0.13847659059424086,0.9774242914782088,0.2987923089987981,0.1807522017545084,1.9075473795297988,0.29151777004988055,0.9146035418272531,0.5302593289969949,0.38858205915924426,1.7519926150157938,0.5945782673479723,0.6050048849108545,-0.07559120531422236,0.30959865691639865,
LES--WALE,False,4,0.8844708462803861,1,tlsa_norm,0.001,51,True,False,False,Radau,0.9900999541338871,8,32,32,0.0,0.25624507771561217,0.3567582796090301,True,4.33184031481085,1248.5219130847388,2.279693878560276,1.6056012362655563,10.400208614693785,0.25624507771561217,0.934338336794637,0.35675827960904777,0.22190662896336696,1.9075473795297988,0.3567582796090301,0.8727235299303928,4.331840314811064,2.9193506034230117,16.07895253723825,4.33184031481085,-17.764840513022374,2.3951375497655114,1.6758322858354509,10.400208614693785,0.30942590016712124,0.9018330861639864,1.7353101698029223,1.3211654855074826,5.50254367406092,0.13847659059424086,0.9774242914782088,0.2987923089987981,0.1807522017545084,1.9075473795297988,0.29151777004988055,0.9146035418272531,0.5302593289969949,0.38858205915924426,1.7519926150157938,0.5945782673479723,0.6050048849108545,-0.07559120531422236,0.30959865691639865,
LES--WALE,False,4,0.8844708462803861,1,tlsa_norm,0.001,51,True,True,False,RK45,0.9900999541338871,10,40,40,0.0,0.19215193326086827,0.35847206095454814,True,2.073200079129815,669.1074231651501,1.7094868315655274,1.2022179782422102,6.772985975364323,0.19215193326086827,0.963077565181691,0.35847206095456585,0.22266919698614554,1.7975729343612326,0.35847206095454814,0.8714977815149864,2.0732000791299177,1.5484121636186972,7.129959437570666,2.073200079129815,-3.298158568104288,1.794758619931385,1.2501824956523904,6.772985975364323,0.23186342747177016,0.9448790981367712,1.3084920547644099,1.00796168273098,3.9172664736139815,0.10441679056373328,0.9871640107383017,0.2993762524125705,0.1798877724775343,1.7975729343612326,0.2920874965009685,0.9142694272855689,0.534743241462209,0.39593396624602134,1.6979497663832737,0.5996060655567276,0.5982964243545671,-0.042284912601530555,0.31597300293100183,
LES--WALE,False,4,0.8844708462803861,1,tlsa_norm,0.001,51,True,True,False,Radau,0.9900999541338871,10,40,40,0.0,0.19215193326086827,0.35847206095454814,True,2.0731980389767015,669.1066280443397,1.7094868315655274,1.2022179782422102,6.772985975364323,0.19215193326086827,0.963077565181691,0.35847206095456585,0.22266919698614554,1.7975729343612326,0.35847206095454814,0.8714977815149864,2.0731980389768037,1.5484109190791617,7.129953624875983,2.0731980389767015,-3.2981501088172553,1.794758619931385,1.2501824956523904,6.772985975364323,0.23186342747177016,0.9448790981367712,1.3084920547644099,1.00796168273098,3.9172664736139815,0.10441679056373328,0.9871640107383017,0.2993762524125705,0.1798877724775343,1.7975729343612326,0.2920874965009685,0.9142694272855689,0.534743241462209,0.39593396624602134,1.6979497663832737,0.5996060655567276,0.5982964243545671,-0.042284912601530555,0.31597300293100183,
LES--WALE,False,4,0.8844708462803861,1,tlsa_norm,0.01,21,True,False,False,RK45,0.9900999541338871,8,32,32,0.0,0.7256257942258012,0.3563852759319656,True,1.6687369660157818,477.75016226704736,9.896492237387351,6.97416424228681,35.921938742917845,0.7256257942258012,0.47327308085609765,0.35638527593198327,0.22070926540842534,1.8228465122953357,0.3563852759319656,0.8729895350988844,1.6687369660158642,1.2151418448957376,5.042901797356729,1.6687369660157818,-1.7846830617478253,8.370630648514553,5.808050560161398,29.031372575344555,0.6346345421209912,0.594710850948508,14.519869774398003,11.696924654894735,35.921938742917845,0.9476101929664497,0.06875198218814194,0.29647272153022164,0.17885465866776074,1.6379701506750939,0.28925465635548564,0.9159242964938925,0.534250639282643,0.3902204227081169,1.8228465122953357,0.5990537121432155,0.5990361771877841,0.525958868760366,0.3168881193061084,
LES--WALE,False,4,0.8844708462803861,1,tlsa_norm,0.01,21,True,False,False,Radau,0.9900999541338871,8,32,32,0.0,0.7256257942258012,0.3563852759319656,True,1.6687375856867677,477.75046231077744,9.896492237387351,6.97416424228681,35.921938742917845,0.7256257942258012,0.47327308085609765,0.35638527593198327,0.22070926540842534,1.8228465122953357,0.3563852759319656,0.8729895350988844,1.6687375856868503,1.2151422205946387,5.04290905587493,1.6687375856867677,-1.7846851298839717,8.370630648514553,5.808050560161398,29.031372575344555,0.6346345421209912,0.594710850948508,14.519869774398003,11.696924654894735,35.921938742917845,0.9476101929664497,0.06875198218814194,0.29647272153022164,0.17885465866776074,1.6379701506750939,0.28925465635548564,0.9159242964938925,0.534250639282643,0.3902204227081169,1.8228465122953357,0.5990537121432155,0.5990361771877841,0.525958868760366,0.3168881193061084,
LES--WALE,False,4,0.8844708462803861,1,tlsa_norm,0.01,21,True,True,False,RK45,0.9900999541338871,10,40,40,0.0,0.6029203469490537,0.36496294144996827,True,2.253216568212273,736.3858952123978,8.222966411648043,5.993415535443003,31.75446818821287,0.6029203469490537,0.6363530326672537,0.3649629414499863,0.22666093438502957,1.8825189567388656,0.36496294144996827,0.8668020513681742,2.2532165682123844,1.3628252768253466,9.969405253582817,2.253216568212273,-4.0769849032667835,6.820656538773278,5.0805936325424055,22.3318929050258,0.5171204442304569,0.7309078805330744,12.371550089021826,9.690344242190426,31.75446818821287,0.8074044154186036,0.32393546485892066,0.30500132088696563,0.18250060674156693,1.8825189567388656,0.2975756143963999,0.9110175272716747,0.5439624319127259,0.405510261341053,1.7367352721793639,0.609943517412196,0.5843259600978585,0.40697241567415376,0.3266915671738162,
LES--WALE,False,4,0.8844708462803861,1,tlsa_norm,0.01,21,True,True,False,Radau,0.9900999541338871,10,40,40,0.0,0.6029203469490537,0.36496294144996827,True,2.253216416973333,736.3858409783446,8.222966411648043,5.993415535443003,31.75446818821287,0.6029203469490537,0.6363530326672537,0.3649629414499863,0.22666093438502957,1.8825189567388656,0.36496294144996827,0.8668020513681742,2.2532164169734448,1.3628252081885959,9.969405541679782,2.253216416973333,-4.076984221718637,6.820656538773278,5.0805936325424055,22.3318929050258,0.5171204442304569,0.7309078805330744,12.371550089021826,9.690344242190426,31.75446818821287,0.8074044154186036,0.32393546485892066,0.30500132088696563,0.18250060674156693,1.8825189567388656,0.2975756143963999,0.9110175272716747,0.5439624319127259,0.405510261341053,1.7367352721793639,0.609943517412196,0.5843259600978585,0.40697241567415376,0.3266915671738162,
LES--WALE,False,4,0.8844708462803861,1,tlsa_norm,0.01,51,True,False,False,RK45,0.9900999541338871,8,32,32,0.0,0.25624507771561217,0.3567582796090301,True,4.331845700032661,1248.5229175669456,2.279693878560276,1.6056012362655563,10.400208614693785,0.25624507771561217,0.934338336794637,0.35675827960904777,0.22190662896336696,1.9075473795297988,0.3567582796090301,0.8727235299303928,4.331845700032875,2.9193536948858787,16.078976684171028,4.331845700032661,-17.764887168893264,2.3951375497655114,1.6758322858354509,10.400208614693785,0.30942590016712124,0.9018330861639864,1.7353101698029223,1.3211654855074826,5.50254367406092,0.13847659059424086,0.9774242914782088,0.2987923089987981,0.1807522017545084,1.9075473795297988,0.29151777004988055,0.9146035418272531,0.5302593289969949,0.38858205915924426,1.7519926150157938,0.5945782673479723,0.6050048849108545,-0.07559120531422236,0.30959865691639865,
LES--WALE,False,4,0.8844708462803861,1,tlsa_norm,0.01,51,True,False,False,Radau,0.9900999541338871,8,32,32,0.0,0.25624507771561217,0.3567582796090301,True,4.33184031481085,1248.5219130847388,2.279693878560276,1.6056012362655563,10.400208614693785,0.25624507771561217,0.934338336794637,0.35675827960904777,0.22190662896336696,1.9075473795297988,0.3567582796090301,0.8727235299303928,4.331840314811064,2.9193506034230117,16.07895253723825,4.33184031481085,-17.764840513022374,2.3951375497655114,1.6758322858354509,10.400208614693785,0.30942590016712124,0.9018330861639864,1.7353101698029223,1.3211654855074826,5.50254367406092,0.13847659059424086,0.9774242914782088,0.2987923089987981,0.1807522017545084,1.9075473795297988,0.29151777004988055,0.9146035418272531,0.5302593289969949,0.38858205915924426,1.7519926150157938,0.5945782673479723,0.6050048849108545,-0.07559120531422236,0.30959865691639865,
LES--WALE,False,4,0.8844708462803861,1,tlsa_norm,0.01,51,True,True,False,RK45,0.9900999541338871,10,40,40,0.0,0.19215193326086827,0.35847206095454814,True,2.073200079129815,669.1074231651501,1.7094868315655274,1.2022179782422102,6.772985975364323,0.19215193326086827,0.963077565181691,0.35847206095456585,0.22266919698614554,1.7975729343612326,0.35847206095454814,0.8714977815149864,2.0732000791299177,1.5484121636186972,7.129959437570666,2.073200079129815,-3.298158568104288,1.794758619931385,1.2501824956523904,6.772985975364323,0.23186342747177016,0.9448790981367712,1.3084920547644099,1.00796168273098,3.9172664736139815,0.10441679056373328,0.9871640107383017,0.2993762524125705,0.1798877724775343,1.7975729343612326,0.2920874965009685,0.9142694272855689,0.534743241462209,0.39593396624602134,1.6979497663832737,0.5996060655567276,0.5982964243545671,-0.042284912601530555,0.31597300293100183,
LES--WALE,False,4,0.8844708462803861,1,tlsa_norm,0.01,51,True,True,False,Radau,0.9900999541338871,10,40,40,0.0,0.19215193326086827,0.35847206095454814,True,2.0731980389767015,669.1066280443397,1.7094868315655274,1.2022179782422102,6.772985975364323,0.19215193326086827,0.963077565181691,0.35847206095456585,0.22266919698614554,1.7975729343612326,0.35847206095454814,0.8714977815149864,2.0731980389768037,1.5484109190791617,7.129953624875983,2.0731980389767015,-3.2981501088172553,1.794758619931385,1.2501824956523904,6.772985975364323,0.23186342747177016,0.9448790981367712,1.3084920547644099,1.00796168273098,3.9172664736139815,0.10441679056373328,0.9871640107383017,0.2993762524125705,0.1798877724775343,1.7975729343612326,0.2920874965009685,0.9142694272855689,0.534743241462209,0.39593396624602134,1.6979497663832737,0.5996060655567276,0.5982964243545671,-0.042284912601530555,0.31597300293100183,
LES--WALE,False,4,0.8844708462803861,1,tlsa_norm,0.1,21,True,False,False,RK45,0.9900999541338871,8,32,31,0.03125,0.7256124559766238,0.3563007304342294,True,1.6509692547289703,467.10093438301766,9.896310322851658,6.975871148908295,35.921938742917845,0.7256124559766238,0.4732924449701642,0.356300730434247,0.22069036481189702,1.8228465122953357,0.3563007304342294,0.8730497894920224,1.6509692547290518,1.2028014893956394,4.979223497795286,1.6509692547289703,-1.725699480060594,8.368914627944605,5.809571599028966,28.986719290544595,0.6345044389096074,0.5948770064645907,14.5232493998216,11.699384325919572,35.921938742917845,0.9478307574446144,0.0683184196558756,0.29637970217774423,0.17884469615383852,1.637492251721048,0.28916390169618217,0.9159770463089715,0.5341748826182926,0.390165322877034,1.8228465122953357,0.5989687664123883,0.5991498823511456,0.5265585868087151,0.31682716395782584,
LES--WALE,False,4,0.8844708462803861,1,tlsa_norm,0.1,21,True,False,False,Radau,0.9900999541338871,8,32,31,0.03125,0.7256124559766238,0.3563007304342294,True,1.6509698767572913,467.1012388095159,9.896310322851658,6.975871148908295,35.921938742917845,0.7256124559766238,0.4732924449701642,0.356300730434247,0.22069036481189702,1.8228465122953357,0.3563007304342294,0.8730497894920224,1.650969876757373,1.2028018654456745,4.97923016100549,1.6509698767572913,-1.7257015339602493,8.368914627944605,5.809571599028966,28.986719290544595,0.6345044389096074,0.5948770064645907,14.5232493998216,11.699384325919572,35.921938742917845,0.9478307574446144,0.0683184196558756,0.29637970217774423,0.17884469615383852,1.637492251721048,0.28916390169618217,0.9159770463089715,0.5341748826182926,0.390165322877034,1.8228465122953357,0.5989687664123883,0.5991498823511456,0.5265585868087151,0.31682716395782584,
LES--WALE,False,4,0.8844708462803861,1,tlsa_norm,0.1,21,True,True,False,RK45,0.9900999541338871,10,40,39,0.025000000000000022,0.6029203410663015,0.3649607614562549,True,2.2409382387296035,729.9708648754025,8.222966331415765,5.993261202845845,31.75446818821287,0.6029203410663015,0.636353039763531,0.364960761456273,0.2266574681500735,1.8825189567388656,0.3649607614562549,0.8668036425972577,2.240938238729714,1.3565098139540568,9.911686181538707,2.2409382387296035,-4.0218041898010215,6.82058959771127,5.080344120494688,22.3318929050258,0.5171153689724483,0.7309131624949375,12.371699286586184,9.690575386368034,31.75446818821287,0.8074141524985462,0.3239191584479243,0.30499988516417315,0.1824969384720486,1.8825189567388656,0.29757421362839387,0.9110183649982995,0.5439583059258373,0.4055076133460743,1.7367352721793639,0.6099388909549113,0.5843322658977945,0.40699400404701325,0.32668609910050495,
LES--WALE,False,4,0.8844708462803861,1,tlsa_norm,0.1,21,True,True,False,Radau,0.9900999541338871,10,40,39,0.025000000000000022,0.6029203410663015,0.3649607614562549,True,2.240938088858935,729.970810837544,8.222966331415765,5.993261202845845,31.75446818821287,0.6029203410663015,0.636353039763531,0.364960761456273,0.2266574681500735,1.8825189567388656,0.3649607614562549,0.8668036425972577,2.240938088859046,1.3565097560126858,9.91168625072645,2.240938088858935,-4.021803518099223,6.82058959771127,5.080344120494688,22.3318929050258,0.5171153689724483,0.7309131624949375,12.371699286586184,9.690575386368034,31.75446818821287,0.8074141524985462,0.3239191584479243,0.30499988516417315,0.1824969384720486,1.8825189567388656,0.29757421362839387,0.9110183649982995,0.5439583059258373,0.4055076133460743,1.7367352721793639,0.6099388909549113,0.5843322658977945,0.40699400404701325,0.32668609910050495,
LES--WALE,False,4,0.8844708462803861,1,tlsa_norm,0.1,51,True,False,False,RK45,0.9900999541338871,8,32,32,0.0,0.25624507771561217,0.3567582796090301,True,4.331845700032661,1248.5229175669456,2.279693878560276,1.6056012362655563,10.400208614693785,0.25624507771561217,0.934338336794637,0.35675827960904777,0.22190662896336696,1.9075473795297988,0.3567582796090301,0.8727235299303928,4.331845700032875,2.9193536948858787,16.078976684171028,4.331845700032661,-17.764887168893264,2.3951375497655114,1.6758322858354509,10.400208614693785,0.30942590016712124,0.9018330861639864,1.7353101698029223,1.3211654855074826,5.50254367406092,0.13847659059424086,0.9774242914782088,0.2987923089987981,0.1807522017545084,1.9075473795297988,0.29151777004988055,0.9146035418272531,0.5302593289969949,0.38858205915924426,1.7519926150157938,0.5945782673479723,0.6050048849108545,-0.07559120531422236,0.30959865691639865,
LES--WALE,False,4,0.8844708462803861,1,tlsa_norm,0.1,51,True,False,False,Radau,0.9900999541338871,8,32,32,0.0,0.25624507771561217,0.3567582796090301,True,4.33184031481085,1248.5219130847388,2.279693878560276,1.6056012362655563,10.400208614693785,0.25624507771561217,0.934338336794637,0.35675827960904777,0.22190662896336696,1.9075473795297988,0.3567582796090301,0.8727235299303928,4.331840314811064,2.9193506034230117,16.07895253723825,4.33184031481085,-17.764840513022374,2.3951375497655114,1.6758322858354509,10.400208614693785,0.30942590016712124,0.9018330861639864,1.7353101698029223,1.3211654855074826,5.50254367406092,0.13847659059424086,0.9774242914782088,0.2987923089987981,0.1807522017545084,1.9075473795297988,0.29151777004988055,0.9146035418272531,0.5302593289969949,0.38858205915924426,1.7519926150157938,0.5945782673479723,0.6050048849108545,-0.07559120531422236,0.30959865691639865,
LES--WALE,False,4,0.8844708462803861,1,tlsa_norm,0.1,51,True,True,False,RK45,0.9900999541338871,10,40,40,0.0,0.19215193326086827,0.35847206095454814,True,2.073200079129815,669.1074231651501,1.7094868315655274,1.2022179782422102,6.772985975364323,0.19215193326086827,0.963077565181691,0.35847206095456585,0.22266919698614554,1.7975729343612326,0.35847206095454814,0.8714977815149864,2.0732000791299177,1.5484121636186972,7.129959437570666,2.073200079129815,-3.298158568104288,1.794758619931385,1.2501824956523904,6.772985975364323,0.23186342747177016,0.9448790981367712,1.3084920547644099,1.00796168273098,3.9172664736139815,0.10441679056373328,0.9871640107383017,0.2993762524125705,0.1798877724775343,1.7975729343612326,0.2920874965009685,0.9142694272855689,0.534743241462209,0.39593396624602134,1.6979497663832737,0.5996060655567276,0.5982964243545671,-0.042284912601530555,0.31597300293100183,
LES--WALE,False,4,0.8844708462803861,1,tlsa_norm,0.1,51,True,True,False,Radau,0.9900999541338871,10,40,40,0.0,0.19215193326086827,0.35847206095454814,True,2.0731980389767015,669.1066280443397,1.7094868315655274,1.2022179782422102,6.772985975364323,0.19215193326086827,0.963077565181691,0.35847206095456585,0.22266919698614554,1.7975729343612326,0.35847206095454814,0.8714977815149864,2.0731980389768037,1.5484109190791617,7.129953624875983,2.0731980389767015,-3.2981501088172553,1.794758619931385,1.2501824956523904,6.772985975364323,0.23186342747177016,0.9448790981367712,1.3084920547644099,1.00796168273098,3.9172664736139815,0.10441679056373328,0.9871640107383017,0.2993762524125705,0.1798877724775343,1.7975729343612326,0.2920874965009685,0.9142694272855689,0.534743241462209,0.39593396624602134,1.6979497663832737,0.5996060655567276,0.5982964243545671,-0.042284912601530555,0.31597300293100183,
Cavity,False,4,0.9668062423579058,1,alasso,0.001,21,True,False,False,RK45,0.20822464341120123,8,32,17,0.46875,0.7202544029215056,25.639376423871692,True,269.1772086369153,25325.072087561017,3.366062119571395,1.6349233993928078,55.35711744921642,0.7202544029215056,0.4755979766982452,25.63937642387223,10.109276941378859,150.78652812692485,25.639376423871692,-656.377623405015,269.17720863692085,150.42019677516708,1144.4948992356508,269.1772086369153,-72455.36964956443,3.7214732751910216,1.8409499911058764,55.35711744921642,0.7139931838851781,0.48347479217622835,1.120007862572128,0.8108170325405342,3.5421010478137593,1.5284264073373077,-1.343424150512472,9.655177509396845,3.732418025831966,81.5371639546189,9.030675449618283,-81.20999974164073,53.98146261517211,35.61671260356644,150.78652812692485,82.5474215929022,-10350.61249893146,1.8268989426887003,10269.402499189819,
Cavity,False,4,0.9668062423579058,1,alasso,0.001,21,True,False,False,Radau,0.20822464341120123,8,32,17,0.46875,0.7202544029215056,25.639376423871692,True,269.17721158267176,25325.072137025905,3.366062119571395,1.6349233993928078,55.35711744921642,0.7202544029215056,0.4755979766982452,25.63937642387223,10.109276941378859,150.78652812692485,25.639376423871692,-656.377623405015,269.17721158267733,150.42020003310603,1144.4949585022073,269.17721158267176,-72455.37123542545,3.7214732751910216,1.8409499911058764,55.35711744921642,0.7139931838851781,0.48347479217622835,1.120007862572128,0.8108170325405342,3.5421010478137593,1.5284264073373077,-1.343424150512472,9.655177509396845,3.732418025831966,81.5371639546189,9.030675449618283,-81.20999974164073,53.98146261517211,35.61671260356644,150.78652812692485,82.5474215929022,-10350.61249893146,1.8268989426887003,10269.402499189819,
Cavity,False,4,0.9668062423579058,1,alasso,0.001,21,True,True,False,RK45,0.20822464341120123,10,40,20,0.5,0.7117158563142855,6.674790803266366,True,51.439203778423746,17850.61071725714,3.32615777719712,1.6016356505657954,55.08801125435119,0.7117158563142855,0.4879577489007201,6.674790803266506,2.6695048385600018,41.245318230978214,6.674790803266366,-43.55283226737113,51.43920377842482,34.26363352043668,193.86076636963838,51.439203778423746,-2644.9916853583145,3.681778595422032,1.8063216861892593,55.08801125435119,0.7063774551950108,0.49443494323087045,1.046256799840802,0.7828915080719394,3.1220292147022413,1.4277815140158652,-1.0449624862329836,2.913015261421578,1.1854368897060887,25.30045030906272,2.724599871942342,-6.483239438237904,13.741234649177471,8.605776633975651,41.245318230978214,21.012833569904775,-669.7647367769625,1.539397429463854,663.2814973387246,
Cavity,False,4,0.9668062423579058,1,alasso,0.001,21,True,True,False,Radau,0.20822464341120123,10,40,20,0.5,0.7117158563142855,6.674790803266366,True,51.43920235937694,17850.61059256447,3.32615777719712,1.6016356505657954,55.08801125435119,0.7117158563142855,0.4879577489007201,6.674790803266506,2.6695048385600018,41.245318230978214,6.674790803266366,-43.55283226737113,51.439202359378015,34.26363292823508,193.86074154955838,51.43920235937694,-2644.9915393690408,3.681778595422032,1.8063216861892593,55.08801125435119,0.7063774551950108,0.49443494323087045,1.046256799840802,0.7828915080719394,3.1220292147022413,1.4277815140158652,-1.0449624862329836,2.913015261421578,1.1854368897060887,25.30045030906272,2.724599871942342,-6.483239438237904,13.741234649177471,8.605776633975651,41.245318230978214,21.012833569904775,-669.7647367769625,1.539397429463854,663.2814973387246,
Cavity,False,4,0.9668062423579058,1,alasso,0.001,51,True,False,False,RK45,0.20822464341120123,8,32,22,0.3125,0.3244947934055115,19.98263396622607,True,299.43595558331793,25816.5905172048,1.4536872849089022,1.0596296435151764,6.909526809103349,0.3244947934055115,0.8934850168072312,19.982633966226487,6.666209129322075,140.781464411474,19.98263396622607,-398.3056602281886,299.43595558332413,180.9838520759214,982.468990277519,299.43595558331793,-89660.89149609847,1.5633051773004827,1.1591388719420763,6.909526809103349,0.3127426331761208,0.9008269373717143,0.8890114183918599,0.6615927298075778,2.6889884242949167,1.410318291648664,-1.0013375079666509,7.534010638401198,2.5097235999525873,75.7153630007213,7.0467067895081,-49.0560504606881,42.06522359316272,23.292151246800028,140.781464411474,64.32533647890725,-6284.8659434828505,1.9021644453383653,6235.809893022162,
Cavity,False,4,0.9668062423579058,1,alasso,0.001,51,True,False,False,Radau,0.20822464341120123,8,32,22,0.3125,0.3244947934055115,19.98263396622607,True,299.4359629386005,25816.59062823314,1.4536872849089022,1.0596296435151764,6.909526809103349,0.3244947934055115,0.8934850168072312,19.982633966226487,6.666209129322075,140.781464411474,19.98263396622607,-398.3056602281886,299.43596293860674,180.98385547845882,982.468995481799,299.4359629386005,-89660.89590097067,1.5633051773004827,1.1591388719420763,6.909526809103349,0.3127426331761208,0.9008269373717143,0.8890114183918599,0.6615927298075778,2.6889884242949167,1.410318291648664,-1.0013375079666509,7.534010638401198,2.5097235999525873,75.7153630007213,7.0467067895081,-49.0560504606881,42.06522359316272,23.292151246800028,140.781464411474,64.32533647890725,-6284.8659434828505,1.9021644453383653,6235.809893022162,
Cavity,False,4,0.9668062423579058,1,alasso,0.001,51,True,True,False,RK45,0.20822464341120123,10,40,26,0.35,0.30891989198202524,5.383608678926678,True,73.63122473117555,19483.79271543859,1.3839140971008077,0.9989736429108753,6.448900224192035,0.30891989198202524,0.9034645142715847,5.38360867892679,2.2633039680039655,33.655919717915964,5.383608678926678,-27.98324240781586,73.63122473117708,43.02468002179228,294.26558430860393,73.63122473117555,-5420.557255413104,1.500960776672513,1.1030416349005847,6.448900224192035,0.3002704989445647,0.9085792290177742,0.7513708327678841,0.5827016749520378,2.114455014724864,1.1919667254450854,-0.42959928167643935,2.3330815166176517,1.0395263563014976,20.35522074043589,2.182176552794772,-3.8002510103311042,11.096987635676072,7.158414414813836,33.655919717915964,16.969301541598384,-436.4504983358775,1.3381785106942137,432.6502473255464,
Cavity,False,4,0.9668062423579058,1,alasso,0.001,51,True,True,False,Radau,0.20822464341120123,10,40,26,0.35,0.30891989198202524,5.383608678926678,True,73.63122649963152,19483.7928239988,1.3839140971008077,0.9989736429108753,6.448900224192035,0.30891989198202524,0.9034645142715847,5.38360867892679,2.2633039680039655,33.655919717915964,5.383608678926678,-27.98324240781586,73.63122649963306,43.024680976140566,294.2656108724963,73.63122649963152,-5420.557515840265,1.500960776672513,1.1030416349005847,6.448900224192035,0.3002704989445647,0.9085792290177742,0.7513708327678841,0.5827016749520378,2.114455014724864,1.1919667254450854,-0.42959928167643935,2.3330815166176517,1.0395263563014976,20.35522074043589,2.182176552794772,-3.8002510103311042,11.096987635676072,7.158414414813836,33.655919717915964,16.969301541598384,-436.4504983358775,1.3381785106942137,432.6502473255464,
Cavity,False,4,0.9668062423579058,1,alasso,0.01,21,True,False,False,RK45,0.20822464341120123,8,32,15,0.53125,0.7387776309037801,4.78489602858674,True,84.18962642901815,20067.484138704487,3.452629221126641,1.707603152673634,56.848398253312894,0.7387776309037801,0.4482783969602576,4.784896028586839,1.4581069234630706,33.42336753059203,4.78489602858674,-21.895230004386107,84.1896264290199,48.531528293959425,358.13182239186125,84.18962642901815,-7086.893198257925,3.8345591596160036,1.9644758794995334,56.848398253312894,0.7356895779480698,0.4516061232548675,0.8876186672821821,0.6801122453700372,2.935760504867023,1.211294898951896,-0.4718434270705538,1.8556528796565406,0.5777714117128161,18.66709153539473,1.7356282561370167,-2.0366700166738987,10.035056531122288,4.979448970464089,33.42336753059203,15.345416779247024,-356.7324674337734,0.9234495503254213,354.6957974170995,
Cavity,False,4,0.9668062423579058,1,alasso,0.01,21,True,False,False,Radau,0.20822464341120123,8,32,15,0.53125,0.7387776309037801,4.78489602858674,True,84.18963094640135,20067.484381235216,3.452629221126641,1.707603152673634,56.848398253312894,0.7387776309037801,0.4482783969602576,4.784896028586839,1.4581069234630706,33.42336753059203,4.78489602858674,-21.895230004386107,84.18963094640311,48.531529518092825,358.1317146589844,84.18963094640135,-7086.893958891556,3.8345591596160036,1.9644758794995334,56.848398253312894,0.7356895779480698,0.4516061232548675,0.8876186672821821,0.6801122453700372,2.935760504867023,1.211294898951896,-0.4718434270705538,1.8556528796565406,0.5777714117128161,18.66709153539473,1.7356282561370167,-2.0366700166738987,10.035056531122288,4.979448970464089,33.42336753059203,15.345416779247024,-356.7324674337734,0.9234495503254213,354.6957974170995,
Cavity,False,4,0.9668062423579058,1,alasso,0.01,21,True,True,False,RK45,0.20822464341120123,10,40,16,0.6,0.7153884931018607,8.726628912837434,True,89.14805462743399,20328.149322739166,3.3433216064211524,1.6210110732282024,55.864047598198944,0.7153884931018607,0.48265957480549126,8.726628912837615,3.0751559049473456,57.85464646463827,8.726628912837434,-75.15405218237342,89.14805462743585,54.24276982111696,354.94835909411296,89.14805462743399,-7946.375643856288,3.7035328817230395,1.8365959780973153,55.864047598198944,0.7105511818324561,0.4884428940628548,1.0121134303019201,0.7586714537517506,3.175645799746794,1.3811875307210892,-0.9136703759160238,3.7543837322734745,1.3441185765563486,34.995507559321126,3.511548178838851,-11.43029513695101,18.010793210606476,9.999305218511337,57.85464646463827,27.54176097408384,-1151.34996031646,1.4021132699788788,1139.9196651795091,
Cavity,False,4,0.9668062423579058,1,alasso,0.01,21,True,True,False,Radau,0.20822464341120123,10,40,16,0.6,0.7153884931018607,8.726628912837434,True,89.148051594433,20328.149168959422,3.3433216064211524,1.6210110732282024,55.864047598198944,0.7153884931018607,0.48265957480549126,8.726628912837615,3.0751559049473456,57.85464646463827,8.726628912837434,-75.15405218237342,89.14805159443485,54.2427688740119,354.94830733153145,89.148051594433,-7946.375103084018,3.7035328817230395,1.8365959780973153,55.864047598198944,0.7105511818324561,0.4884428940628548,1.0121134303019201,0.7586714537517506,3.175645799746794,1.3811875307210892,-0.9136703759160238,3.7543837322734745,1.3441185765563486,34.995507559321126,3.511548178838851,-11.43029513695101,18.010793210606476,9.999305218511337,57.85464646463827,27.54176097408384,-1151.34996031646,1.4021132699788788,1139.9196651795091,
Cavity,False,4,0.9668062423579058,1,alasso,0.01,51,True,False,False,RK45,0.20822464341120123,8,32,15,0.53125,0.37516279920425016,1.6940945825138318,True,52.3721481651893,17921.854667568477,1.6806722389918842,1.2259645188877915,8.269920009362993,0.37516279920425016,0.8576246604906694,1.6940945825138671,0.5589145193367298,11.679783529871884,1.6940945825138318,-1.8699564545028338,52.37214816519039,21.147822779151944,316.2510331546093,52.3721481651893,-2741.841903436655,1.8264706803022643,1.3729008053446157,8.269920009362993,0.3653894698686318,0.8646271404345033,0.8827883611459217,0.6382193730604941,3.759035011843287,1.4004460995908843,-0.9734169498049268,0.684847252840602,0.2491845588025881,6.668922543488749,0.6405509652149834,0.5863894978813643,3.5318152887178136,1.7978343614732957,11.679783529871884,5.400784482340158,-43.31131880131817,1.8380440902394302,43.897708299199536,
Cavity,False,4,0.9668062423579058,1,alasso,0.01,51,True,False,False,Radau,0.20822464341120123,8,32,15,0.53125,0.37516279920425016,1.6940945825138318,True,52.37214812992721,17921.854664525166,1.6806722389918842,1.2259645188877915,8.269920009362993,0.37516279920425016,0.8576246604906694,1.6940945825138671,0.5589145193367298,11.679783529871884,1.6940945825138318,-1.8699564545028338,52.37214812992829,21.14782269827966,316.2510374574546,52.37214812992721,-2741.8418997431513,1.8264706803022643,1.3729008053446157,8.269920009362993,0.3653894698686318,0.8646271404345033,0.8827883611459217,0.6382193730604941,3.759035011843287,1.4004460995908843,-0.9734169498049268,0.684847252840602,0.2491845588025881,6.668922543488749,0.6405509652149834,0.5863894978813643,3.5318152887178136,1.7978343614732957,11.679783529871884,5.400784482340158,-43.31131880131817,1.8380440902394302,43.897708299199536,
Cavity,False,4,0.9668062423579058,1,alasso,0.01,51,True,True,False,RK45,0.20822464341120123,10,40,16,0.6,0.3256979475596728,4.529216438797633,True,54.52962242859761,18106.323263340353,1.4590772323941426,1.0693704654288632,6.907337391787074,0.3256979475596728,0.8926936849880037,4.529216438797727,1.4653278030226446,30.45750430841123,4.529216438797633,-19.513801549475566,54.52962242859874,35.223975296803474,208.13990852317687,54.52962242859761,-2972.479722205539,1.5842536124950604,1.1843533985965684,6.907337391787074,0.316933413632042,0.8981512730293173,0.7778777639450553,0.6094387327580418,2.0517124990778526,1.2340170401218749,-0.5322455576687615,1.952140330610993,0.6700000209958724,18.42394600683345,1.8258748470135269,-2.3606724783510264,9.34481675934771,4.646638931129734,30.45750430841123,14.289915303730307,-309.21321230832785,1.4303968306980788,306.8525398299768,
Cavity,False,4,0.9668062423579058,1,alasso,0.01,51,True,True,False,Radau,0.20822464341120123,10,40,16,0.6,0.3256979475596728,4.529216438797633,True,54.52962206736128,18106.323233397212,1.4590772323941426,1.0693704654288632,6.907337391787074,0.3256979475596728,0.8926936849880037,4.529216438797727,1.4653278030226446,30.45750430841123,4.529216438797633,-19.513801549475566,54.52962206736242,35.2239752223068,208.13989200815095,54.52962206736128,-2972.479682809378,1.5842536124950604,1.1843533985965684,6.907337391787074,0.316933413632042,0.8981512730293173,0.7778777639450553,0.6094387327580418,2.0517124990778526,1.2340170401218749,-0.5322455576687615,1.952140330610993,0.6700000209958724,18.42394600683345,1.8258748470135269,-2.3606724783510264,9.34481675934771,4.646638931129734,30.45750430841123,14.289915303730307,-309.21321230832785,1.4303968306980788,306.8525398299768,
Cavity,False,4,0.9668062423579058,1,alasso,0.1,21,True,False,False,RK45,0.20822464341120123,8,32,9,0.71875,0.7800248244074462,0.039356401621824515,True,0.9365048559814184,-278.51458483873205,3.645395297985254,1.7826435014782338,57.50434341534676,0.7800248244074462,0.38495149974725895,0.03935640162182533,0.023671526013004596,0.46565085890079716,0.039356401621824515,0.9984510736513816,0.9365048559814378,0.758796389731928,2.9043371643499416,0.9365048559814184,0.12295865472318646,4.056935208455164,2.086593380856929,57.50434341534676,0.7783541280844208,0.3861562255134141,0.7807952679495481,0.5668439839634524,2.7339016044940183,1.0655176147758916,-0.13889347178934464,0.04316478722750488,0.02624879369296422,0.46565085890079716,0.04037286563857035,0.9983569025164627,0.017083217422634488,0.013362455293166103,0.05842861796888701,0.026123329795682028,0.998963288185284,0.5250496973027587,-0.0006063856688213187,
Cavity,False,4,0.9668062423579058,1,alasso,0.1,21,True,False,False,Radau,0.20822464341120123,8,32,9,0.71875,0.7800248244074462,0.039356401621824515,True,0.9365051109423338,-278.5133542811172,3.645395297985254,1.7826435014782338,57.50434341534676,0.7800248244074462,0.38495149974725895,0.03935640162182533,0.023671526013004596,0.46565085890079716,0.039356401621824515,0.9984510736513816,0.9365051109423534,0.758796635811232,2.9043370300009994,0.9365051109423338,0.12295817717885027,4.056935208455164,2.086593380856929,57.50434341534676,0.7783541280844208,0.3861562255134141,0.7807952679495481,0.5668439839634524,2.7339016044940183,1.0655176147758916,-0.13889347178934464,0.04316478722750488,0.02624879369296422,0.46565085890079716,0.04037286563857035,0.9983569025164627,0.017083217422634488,0.013362455293166103,0.05842861796888701,0.026123329795682028,0.998963288185284,0.5250496973027587,-0.0006063856688213187,
Cavity,True,4,0.9668062423579058,1,alasso,0.1,21,True,True,False,RK45,0.20822464341120123,10,40,11,0.725,0.7573976145864997,0.0385672711701746,True,0.7272111641197726,-1417.793495846262,3.5396485041566543,1.7116409454292818,57.50434627500166,0.7573976145864997,0.4201169947030884,0.038567271170175395,0.02347108369668825,0.4264792009331114,0.0385672711701746,0.9985125655944862,0.7272111641197878,0.6134543134055837,2.33885330580089,0.7272111641197726,0.4711639227795431,3.9223173737030375,1.9434611071245937,57.50434627500166,0.7525266642455286,0.42621766273287975,1.0522658146502026,0.7843602986480341,2.821227391995246,1.435981757267441,-1.068519795656103,0.04209054211932569,0.02563494689332595,0.4264792009331114,0.03936810328015024,0.9984376686035079,0.018727442002961663,0.01481563091013744,0.05842861796888701,0.02863764661946391,0.9987541216676445,1.4947374583889828,-0.00031645306413663477,
Cavity,True,4,0.9668062423579058,1,alasso,0.1,21,True,True,False,Radau,0.20822464341120123,10,40,11,0.725,0.7573976145864997,0.0385672711701746,True,0.7272112282912108,-1417.7930969870272,3.5396485041566543,1.7116409454292818,57.50434627500166,0.7573976145864997,0.4201169947030884,0.038567271170175395,0.02347108369668825,0.4264792009331114,0.0385672711701746,0.9985125655944862,0.7272112282912261,0.6134543766535768,2.338852408082693,0.7272112282912108,0.4711638294471663,3.9223173737030375,1.9434611071245937,57.50434627500166,0.7525266642455286,0.42621766273287975,1.0522658146502026,0.7843602986480341,2.821227391995246,1.435981757267441,-1.068519795656103,0.04209054211932569,0.02563494689332595,0.4264792009331114,0.03936810328015024,0.9984376686035079,0.018727442002961663,0.01481563091013744,0.05842861796888701,0.02863764661946391,0.9987541216676445,1.4947374583889828,-0.00031645306413663477,
Cavity,False,4,0.9668062423579058,1,alasso,0.1,51,True,False,False,RK45,0.20822464341120123,8,32,10,0.6875,0.40363059367978604,0.03931569751996592,True,0.8395793173200325,-770.3415503902494,1.808203625317615,1.3224670014577895,8.500178293221268,0.40363059367978604,0.8351976535393191,0.03931569751996673,0.023907865808377993,0.40422392787674327,0.03931569751996592,0.9984542759285184,0.83957931732005,0.6795266917038634,2.024650139406809,0.8395793173200325,0.2951065699283989,1.989897710015496,1.5088731903613721,8.500178293221268,0.39808340598987335,0.8393178266404845,0.713603648925066,0.576842245843459,2.4019341807956054,1.1320532652851099,-0.28949535131907167,0.043119473886440315,0.026575416841293747,0.40422392787674327,0.040330483188709264,0.9983603504730649,0.01707232393184825,0.013237661676714993,0.059167591742974104,0.02610667167763583,0.9989646099280889,1.128813177959556,-0.0006042594550239588,
Cavity,False,4,0.9668062423579058,1,alasso,0.1,51,True,False,False,Radau,0.20822464341120123,8,32,10,0.6875,0.40363059367978604,0.03931569751996592,True,0.8395797371656545,-770.3392900895274,1.808203625317615,1.3224670014577895,8.500178293221268,0.40363059367978604,0.8351976535393191,0.03931569751996673,0.023907865808377993,0.40422392787674327,0.03931569751996592,0.9984542759285184,0.839579737165672,0.6795269913004607,2.024652082720984,0.8395797371656545,0.29510586494082114,1.989897710015496,1.5088731903613721,8.500178293221268,0.39808340598987335,0.8393178266404845,0.713603648925066,0.576842245843459,2.4019341807956054,1.1320532652851099,-0.28949535131907167,0.043119473886440315,0.026575416841293747,0.40422392787674327,0.040330483188709264,0.9983603504730649,0.01707232393184825,0.013237661676714993,0.059167591742974104,0.02610667167763583,0.9989646099280889,1.128813177959556,-0.0006042594550239588,
Cavity,True,4,0.9668062423579058,1,alasso,0.1,51,True,True,False,RK45,0.20822464341120123,10,40,11,0.725,0.38821942169424645,0.03905496278865856,True,0.643687721216027,-1969.2479209266126,1.7391639204711746,1.3254066850989414,7.6987873470760055,0.38821942169424645,0.8475421629217023,0.03905496278865937,0.024117562611833714,0.4060142383929801,0.03905496278865856,0.9984747098815764,0.6436877212160406,0.49314683593138214,2.7221463346811894,0.643687721216027,0.5856661175557009,1.843244598877594,1.4320243925858438,7.6987873470760055,0.3687451291091321,0.8621292516762524,1.2382459796735237,0.8989358551513315,3.3661039014381586,1.964340298185286,-2.8825719252097493,0.04245779825479352,0.02617295311030935,0.4060142383929801,0.039711605091801355,0.9984102857773914,0.02039097990629325,0.015896000617931155,0.061047014443357805,0.031181497007902424,0.9985229509940992,3.744701176886002,-0.00011266521670771912,
Cavity,True,4,0.9668062423579058,1,alasso,0.1,51,True,True,False,Radau,0.20822464341120123,10,40,11,0.725,0.38821942169424645,0.03905496278865856,True,0.6436877394444759,-1969.2477929257452,1.7391639204711746,1.3254066850989414,7.6987873470760055,0.38821942169424645,0.8475421629217023,0.03905496278865937,0.024117562611833714,0.4060142383929801,0.03905496278865856,0.9984747098815764,0.6436877394444892,0.49314684990193824,2.7221463237245067,0.6436877394444759,0.5856660940888434,1.843244598877594,1.4320243925858438,7.6987873470760055,0.3687451291091321,0.8621292516762524,1.2382459796735237,0.8989358551513315,3.3661039014381586,1.964340298185286,-2.8825719252097493,0.04245779825479352,0.02617295311030935,0.4060142383929801,0.039711605091801355,0.9984102857773914,0.02039097990629325,0.015896000617931155,0.061047014443357805,0.031181497007902424,0.9985229509940992,3.744701176886002,-0.00011266521670771912,
Cavity,False,4,0.9668062423579058,1,tlsa_norm,0.001,21,True,False,False,RK45,0.20822464341120123,8,32,32,0.0,0.7219171459537115,18.271690443115922,True,136.26202276485213,22277.90010897129,3.373832841017299,1.634805072973837,55.55953213188896,0.7219171459537115,0.4731739657602607,18.2716904431163,7.272762688852001,115.21377346652892,18.271690443115922,-332.8546716490675,136.26202276485495,64.54971344287051,778.8487027259313,136.26202276485213,-18566.33884796985,3.7416579808292805,1.8709758594505228,55.55953213188896,0.7178657744370224,0.4778564884693066,0.9558882851152191,0.690121927067094,3.1684517827891914,1.3044595009174647,-0.7069587911378494,6.899581794824013,2.691888196334246,62.4964451238737,6.453313143803899,-40.980698149446184,38.45590256997578,25.596260658923025,115.21377346652892,58.806031707765364,-5252.451521268076,1.184815279607156,5211.4708231186305,
Cavity,False,4,0.9668062423579058,1,tlsa_norm,0.001,21,True,False,False,Radau,0.20822464341120123,8,32,32,0.0,0.7219171459537115,18.271690443115922,True,136.2620233945784,22277.90012986018,3.373832841017299,1.634805072973837,55.55953213188896,0.7219171459537115,0.4731739657602607,18.2716904431163,7.272762688852001,115.21377346652892,18.271690443115922,-332.8546716490675,136.2620233945812,64.54971508736602,778.8487123038838,136.2620233945784,-18566.339019585397,3.7416579808292805,1.8709758594505228,55.55953213188896,0.7178657744370224,0.4778564884693066,0.9558882851152191,0.690121927067094,3.1684517827891914,1.3044595009174647,-0.7069587911378494,6.899581794824013,2.691888196334246,62.4964451238737,6.453313143803899,-40.980698149446184,38.45590256997578,25.596260658923025,115.21377346652892,58.806031707765364,-5252.451521268076,1.184815279607156,5211.4708231186305,
Cavity,False,4,0.9668062423579058,1,tlsa_norm,0.001,21,True,True,False,RK45,0.20822464341120123,10,40,40,0.0,0.7106518246190018,6.787678347317564,True,78.46567598353474,19799.22898808573,3.3211850942548296,1.5952114971156386,54.961887710924344,0.7106518246190018,0.4894876344963178,6.787678347317706,2.963715971432902,42.58327015984983,6.787678347317564,-45.072577346645616,78.46567598353637,39.30776328393664,408.79573744292736,78.46567598353474,-6155.862307553316,3.676714574679831,1.8014551760219788,54.961887710924344,0.705405883985004,0.4958247232994355,1.0384757565056344,0.7702367814902782,3.122714244725347,1.4171630598893072,-1.0146586967013183,2.969391594832924,1.3130168757751846,25.971479861857144,2.7773297538716846,-6.775692389007438,13.96759610524912,9.566512354063773,42.58327015984983,21.358981185058088,-692.0459784994696,1.5104834200007538,685.2702861104622,
Cavity,False,4,0.9668062423579058,1,tlsa_norm,0.001,21,True,True,False,Radau,0.20822464341120123,10,40,40,0.0,0.7106518246190018,6.787678347317564,True,78.4656760254419,19799.22899049978,3.3211850942548296,1.5952114971156386,54.961887710924344,0.7106518246190018,0.4894876344963178,6.787678347317706,2.963715971432902,42.58327015984983,6.787678347317564,-45.072577346645616,78.46567602544353,39.30776372191337,408.7957383034031,78.4656760254419,-6155.862314129863,3.676714574679831,1.8014551760219788,54.961887710924344,0.705405883985004,0.4958247232994355,1.0384757565056344,0.7702367814902782,3.122714244725347,1.4171630598893072,-1.0146586967013183,2.969391594832924,1.3130168757751846,25.971479861857144,2.7773297538716846,-6.775692389007438,13.96759610524912,9.566512354063773,42.58327015984983,21.358981185058088,-692.0459784994696,1.5104834200007538,685.2702861104622,
Cavity,False,4,0.9668062423579058,1,tlsa_norm,0.001,51,True,False,False,RK45,0.20822464341120123,8,32,32,0.0,0.32622543185297864,13.244098241970795,True,154.77123822308803,22853.605612237407,1.4614402817427017,1.0515990457736502,7.658016310033069,0.32622543185297864,0.8923458275244449,13.24409824197107,5.177146195899203,89.11630640601899,13.244098241970795,-174.4061382429812,154.77123822309127,82.91945539143224,688.4078818346616,154.77123822308803,-23953.13618110887,1.5923712444014435,1.1720066390066626,7.658016310033069,0.3185573637183206,0.8971048640032777,0.7324300413790602,0.5699686728416005,2.152098447851765,1.1619192547362387,-0.35843216020098967,5.022193685704895,1.9616235791063092,48.21034378707158,4.697355504503447,-21.242880925496873,27.8593067671823,18.03923666307078,89.11630640601899,42.60191979959856,-2756.143195988564,1.2555370242042674,2734.900315063067,
Cavity,False,4,0.9668062423579058,1,tlsa_norm,0.001,51,True,False,False,Radau,0.20822464341120123,8,32,32,0.0,0.32622543185297864,13.244098241970795,True,154.77124016998582,22853.60566909537,1.4614402817427017,1.0515990457736502,7.658016310033069,0.32622543185297864,0.8923458275244449,13.24409824197107,5.177146195899203,89.11630640601899,13.244098241970795,-174.4061382429812,154.77124016998906,82.91945705980207,688.4079372549756,154.77124016998582,-23953.136783756432,1.5923712444014435,1.1720066390066626,7.658016310033069,0.3185573637183206,0.8971048640032777,0.7324300413790602,0.5699686728416005,2.152098447851765,1.1619192547362387,-0.35843216020098967,5.022193685704895,1.9616235791063092,48.21034378707158,4.697355504503447,-21.242880925496873,27.8593067671823,18.03923666307078,89.11630640601899,42.60191979959856,-2756.143195988564,1.2555370242042674,2734.900315063067,
Cavity,False,4,0.9668062423579058,1,tlsa_norm,0.001,51,True,True,False,RK45,0.20822464341120123,10,40,40,0.0,0.30738855630466055,6.0858126025616155,True,130.05523698851968,22083.175855755457,1.3770539463423006,0.994928968383818,6.377610320880511,0.30738855630466055,0.9044192073182126,6.0858126025617425,2.691952632692728,38.3288803793543,6.0858126025616155,-36.03711503349933,130.0552369885224,71.13342376552178,575.5590624942106,130.05523698851968,-16913.36466814073,1.491525267212503,1.097684681021407,6.377610320880511,0.2983829045600969,0.9097250154648006,0.7634116613932519,0.5839061178334628,2.20346545673151,1.2110681683575746,-0.47578548991838154,2.5831928468774112,1.1486756433447314,22.93629798330581,2.4161105480682856,-4.8846112859599025,12.58944137088148,8.865060590084715,38.3288803793543,19.251533287821506,-562.0301226533085,1.385510505383182,557.1455113673486,
Cavity,False,4,0.9668062423579058,1,tlsa_norm,0.001,51,True,True,False,Radau,0.20822464341120123,10,40,40,0.0,0.30738855630466055,6.0858126025616155,True,130.05523813756355,22083.175895689856,1.3770539463423006,0.994928968383818,6.377610320880511,0.30738855630466055,0.9044192073182126,6.0858126025617425,2.691952632692728,38.3288803793543,6.0858126025616155,-36.03711503349933,130.05523813756622,71.13342510407496,575.5590372087198,130.05523813756355,-16913.364967019057,1.491525267212503,1.097684681021407,6.377610320880511,0.2983829045600969,0.9097250154648006,0.7634116613932519,0.5839061178334628,2.20346545673151,1.2110681683575746,-0.47578548991838154,2.5831928468774112,1.1486756433447314,22.93629798330581,2.4161105480682856,-4.8846112859599025,12.58944137088148,8.865060590084715,38.3288803793543,19.251533287821506,-562.0301226533085,1.385510505383182,557.1455113673486,
Cavity,False,4,0.9668062423579058,1,tlsa_norm,0.01,21,True,False,False,RK45,0.20822464341120123,8,32,31,0.03125,0.721917142973651,18.271691474448144,True,136.29124850840904,22276.869463408068,3.3738328270901805,1.6348044902972207,55.55953213188896,0.721917142973651,0.47317397010971685,18.271691474448524,7.272995897807363,115.21377346652892,18.271691474448144,-332.8547093374349,136.29124850841188,64.55401977897904,779.1267871841685,136.29124850840904,-18574.304419981683,3.7416580003508497,1.8709753106114613,55.55953213188896,0.7178657781823853,0.47785648302088735,0.9558877336792783,0.6901212090402588,3.1684517827891914,1.304458748396628,-0.7069568217065465,6.899582593572454,2.6919726425684405,62.4964451238737,6.453313890888864,-40.980707869461156,38.45590444684746,25.597088918763063,115.21377346652892,58.806034577841686,-5252.452034066059,1.1848133047274338,5211.471326196598,
Cavity,False,4,0.9668062423579058,1,tlsa_norm,0.01,21,True,False,False,Radau,0.20822464341120123,8,32,31,0.03125,0.721917142973651,18.271691474448144,True,136.291249133604,22276.8694841422,3.3738328270901805,1.6348044902972207,55.55953213188896,0.721917142973651,0.47317397010971685,18.271691474448524,7.272995897807363,115.21377346652892,18.271691474448144,-332.8547093374349,136.29124913360684,64.55402142218395,779.1267967475297,136.291249133604,-18574.304590398886,3.7416580003508497,1.8709753106114613,55.55953213188896,0.7178657781823853,0.47785648302088735,0.9558877336792783,0.6901212090402588,3.1684517827891914,1.304458748396628,-0.7069568217065465,6.899582593572454,2.6919726425684405,62.4964451238737,6.453313890888864,-40.980707869461156,38.45590444684746,25.597088918763063,115.21377346652892,58.806034577841686,-5252.452034066059,1.1848133047274338,5211.471326196598,
Cavity,False,4,0.9668062423579058,1,tlsa_norm,0.01,21,True,True,False,RK45,0.20822464341120123,10,40,40,0.0,0.7106518246190018,6.787678347317564,True,78.46567598353474,19799.22898808573,3.3211850942548296,1.5952114971156386,54.961887710924344,0.7106518246190018,0.4894876344963178,6.787678347317706,2.963715971432902,42.58327015984983,6.787678347317564,-45.072577346645616,78.46567598353637,39.30776328393664,408.79573744292736,78.46567598353474,-6155.862307553316,3.676714574679831,1.8014551760219788,54.961887710924344,0.705405883985004,0.4958247232994355,1.0384757565056344,0.7702367814902782,3.122714244725347,1.4171630598893072,-1.0146586967013183,2.969391594832924,1.3130168757751846,25.971479861857144,2.7773297538716846,-6.775692389007438,13.96759610524912,9.566512354063773,42.58327015984983,21.358981185058088,-692.0459784994696,1.5104834200007538,685.2702861104622,
Cavity,False,4,0.9668062423579058,1,tlsa_norm,0.01,21,True,True,False,Radau,0.20822464341120123,10,40,40,0.0,0.7106518246190018,6.787678347317564,True,78.4656760254419,19799.22899049978,3.3211850942548296,1.5952114971156386,54.961887710924344,0.7106518246190018,0.4894876344963178,6.787678347317706,2.963715971432902,42.58327015984983,6.787678347317564,-45.072577346645616,78.46567602544353,39.30776372191337,408.7957383034031,78.4656760254419,-6155.862314129863,3.676714574679831,1.8014551760219788,54.961887710924344,0.705405883985004,0.4958247232994355,1.0384757565056344,0.7702367814902782,3.122714244725347,1.4171630598893072,-1.0146586967013183,2.969391594832924,1.3130168757751846,25.971479861857144,2.7773297538716846,-6.775692389007438,13.96759610524912,9.566512354063773,42.58327015984983,21.358981185058088,-692.0459784994696,1.5104834200007538,685.2702861104622,
Cavity,False,4,0.9668062423579058,1,tlsa_norm,0.01,51,True,False,False,RK45,0.20822464341120123,8,32,32,0.0,0.32622543185297864,13.244098241970795,True,154.77123822308803,22853.605612237407,1.4614402817427017,1.0515990457736502,7.658016310033069,0.32622543185297864,0.8923458275244449,13.24409824197107,5.177146195899203,89.11630640601899,13.244098241970795,-174.4061382429812,154.77123822309127,82.91945539143224,688.4078818346616,154.77123822308803,-23953.13618110887,1.5923712444014435,1.1720066390066626,7.658016310033069,0.3185573637183206,0.8971048640032777,0.7324300413790602,0.5699686728416005,2.152098447851765,1.1619192547362387,-0.35843216020098967,5.022193685704895,1.9616235791063092,48.21034378707158,4.697355504503447,-21.242880925496873,27.8593067671823,18.03923666307078,89.11630640601899,42.60191979959856,-2756.143195988564,1.2555370242042674,2734.900315063067,
Cavity,False,4,0.9668062423579058,1,tlsa_norm,0.01,51,True,False,False,Radau,0.20822464341120123,8,32,32,0.0,0.32622543185297864,13.244098241970795,True,154.77124016998582,22853.60566909537,1.4614402817427017,1.0515990457736502,7.658016310033069,0.32622543185297864,0.8923458275244449,13.24409824197107,5.177146195899203,89.11630640601899,13.244098241970795,-174.4061382429812,154.77124016998906,82.91945705980207,688.4079372549756,154.77124016998582,-23953.136783756432,1.5923712444014435,1.1720066390066626,7.658016310033069,0.3185573637183206,0.8971048640032777,0.7324300413790602,0.5699686728416005,2.152098447851765,1.1619192547362387,-0.35843216020098967,5.022193685704895,1.9616235791063092,48.21034378707158,4.697355504503447,-21.242880925496873,27.8593067671823,18.03923666307078,89.11630640601899,42.60191979959856,-2756.143195988564,1.2555370242042674,2734.900315063067,
Cavity,False,4,0.9668062423579058,1,tlsa_norm,0.01,51,True,True,False,RK45,0.20822464341120123,10,40,40,0.0,0.30738855630466055,6.0858126025616155,True,130.05523698851968,22083.175855755457,1.3770539463423006,0.994928968383818,6.377610320880511,0.30738855630466055,0.9044192073182126,6.0858126025617425,2.691952632692728,38.3288803793543,6.0858126025616155,-36.03711503349933,130.0552369885224,71.13342376552178,575.5590624942106,130.05523698851968,-16913.36466814073,1.491525267212503,1.097684681021407,6.377610320880511,0.2983829045600969,0.9097250154648006,0.7634116613932519,0.5839061178334628,2.20346545673151,1.2110681683575746,-0.47578548991838154,2.5831928468774112,1.1486756433447314,22.93629798330581,2.4161105480682856,-4.8846112859599025,12.58944137088148,8.865060590084715,38.3288803793543,19.251533287821506,-562.0301226533085,1.385510505383182,557.1455113673486,
Cavity,False,4,0.9668062423579058,1,tlsa_norm,0.01,51,True,True,False,Radau,0.20822464341120123,10,40,40,0.0,0.30738855630466055,6.0858126025616155,True,130.05523813756355,22083.175895689856,1.3770539463423006,0.994928968383818,6.377610320880511,0.30738855630466055,0.9044192073182126,6.0858126025617425,2.691952632692728,38.3288803793543,6.0858126025616155,-36.03711503349933,130.05523813756622,71.13342510407496,575.5590372087198,130.05523813756355,-16913.364967019057,1.491525267212503,1.097684681021407,6.377610320880511,0.2983829045600969,0.9097250154648006,0.7634116613932519,0.5839061178334628,2.20346545673151,1.2110681683575746,-0.47578548991838154,2.5831928468774112,1.1486756433447314,22.93629798330581,2.4161105480682856,-4.8846112859599025,12.58944137088148,8.865060590084715,38.3288803793543,19.251533287821506,-562.0301226533085,1.385510505383182,557.1455113673486,
Cavity,False,4,0.9668062423579058,1,tlsa_norm,0.1,21,True,False,False,RK45,0.20822464341120123,8,32,29,0.09375,0.7219414924983728,18.256582264392655,True,136.58072527019812,22282.45956851127,3.373946623010709,1.634607839547922,55.55953213188896,0.7219414924983728,0.47313843090719,18.256582264393035,7.184891504770136,115.21377346652892,18.256582264392655,-332.3027959765503,136.58072527020093,65.95731180067175,784.8016563443439,136.58072527019812,-18653.294515334106,3.7418242426450923,1.8711151833584896,55.55953213188896,0.7178976730412718,0.4778100841974261,0.9552928468489486,0.6885784643056507,3.1684517827891914,1.3036469320056563,-0.7048328690262968,6.893853136638055,2.659393504136482,62.4964451238737,6.447955018301926,-40.91101472871659,38.42412179353764,25.28688350730475,115.21377346652892,58.757433151444445,-5243.771980909746,1.182642953223723,5202.86096618103,
Cavity,False,4,0.9668062423579058,1,tlsa_norm,0.1,21,True,False,False,Radau,0.20822464341120123,8,32,29,0.09375,0.7219414924983728,18.256582264392655,True,136.58072607218847,22282.45959505232,3.373946623010709,1.634607839547922,55.55953213188896,0.7219414924983728,0.47313843090719,18.256582264393035,7.184891504770136,115.21377346652892,18.256582264392655,-332.3027959765503,136.5807260721913,65.95731385866127,784.8016705971783,136.58072607218847,-18653.294734406958,3.7418242426450923,1.8711151833584896,55.55953213188896,0.7178976730412718,0.4778100841974261,0.9552928468489486,0.6885784643056507,3.1684517827891914,1.3036469320056563,-0.7048328690262968,6.893853136638055,2.659393504136482,62.4964451238737,6.447955018301926,-40.91101472871659,38.42412179353764,25.28688350730475,115.21377346652892,58.757433151444445,-5243.771980909746,1.182642953223723,5202.86096618103,
Cavity,False,4,0.9668062423579058,1,tlsa_norm,0.1,21,True,True,False,RK45,0.20822464341120123,10,40,38,0.050000000000000044,0.710653302102406,6.791312850886758,True,73.78759012561096,19517.38134018216,3.3211919991774494,1.5950604154613468,54.961887710924344,0.710653302102406,0.48948551172872445,6.7913128508869,2.9602134273305727,42.58327015984983,6.791312850886758,-45.12193023862155,73.7875901256125,39.39073663148138,382.1035048497595,73.78759012561096,-5443.6084565453875,3.676734979807033,1.8013146949634664,54.961887710924344,0.7054097988651232,0.4958191271134973,1.0382971781022166,0.7700432974528686,3.122714244725347,1.4169193616469244,-1.0139658666618017,2.97069929065984,1.3122132922122038,25.971479861857144,2.778552867231144,-6.7825426000144695,13.97531516964824,9.552213967804047,42.58327015984983,21.370785030904198,-692.8122012226125,1.509784993775299,686.029658622598,
Cavity,False,4,0.9668062423579058,1,tlsa_norm,0.1,21,True,True,False,Radau,0.20822464341120123,10,40,38,0.050000000000000044,0.710653302102406,6.791312850886758,True,73.7875904067215,19517.381357402126,3.3211919991774494,1.5950604154613468,54.961887710924344,0.710653302102406,0.48948551172872445,6.7913128508869,2.9602134273305727,42.58327015984983,6.791312850886758,-45.12193023862155,73.78759040672304,39.39073735643729,382.1035082164884,73.7875904067215,-5443.608498030327,3.676734979807033,1.8013146949634664,54.961887710924344,0.7054097988651232,0.4958191271134973,1.0382971781022166,0.7700432974528686,3.122714244725347,1.4169193616469244,-1.0139658666618017,2.97069929065984,1.3122132922122038,25.971479861857144,2.778552867231144,-6.7825426000144695,13.97531516964824,9.552213967804047,42.58327015984983,21.370785030904198,-692.8122012226125,1.509784993775299,686.029658622598,
Cavity,False,4,0.9668062423579058,1,tlsa_norm,0.1,51,True,False,False,RK45,0.20822464341120123,8,32,30,0.0625,0.3262410470438412,13.236827532685727,True,153.47514897488088,22811.59473412202,1.4615102354210647,1.0517292426348996,7.658016310033069,0.3262410470438412,0.8923355212728853,13.236827532686002,5.14607108550285,89.11630640601899,13.236827532685727,-174.2136031300742,153.47514897488406,84.18527570944376,682.1920903319208,153.47514897488088,-23553.621352862858,1.5924567999357913,1.1721200921059753,7.658016310033069,0.31857447929081617,0.8970938069274041,0.7323839174611321,0.5701658447505964,2.152098447851765,1.1618460842416976,-0.35826107426218967,5.019506548651867,1.9503725860553713,48.21034378707158,4.694842172916232,-21.2190850771938,27.843962212345694,17.928865083292767,89.11630640601899,42.57845519942123,-2753.106833009508,1.2553548811895938,2731.887747932314,
Cavity,False,4,0.9668062423579058,1,tlsa_norm,0.1,51,True,False,False,Radau,0.20822464341120123,8,32,30,0.0625,0.3262410470438412,13.236827532685727,True,153.47515131153477,22811.594802938864,1.4615102354210647,1.0517292426348996,7.658016310033069,0.3262410470438412,0.8923355212728853,13.236827532686002,5.14607108550285,89.11630640601899,13.236827532685727,-174.2136031300742,153.47515131153796,84.18527745787293,682.1921774593872,153.47515131153477,-23553.622070099475,1.5924567999357913,1.1721200921059753,7.658016310033069,0.31857447929081617,0.8970938069274041,0.7323839174611321,0.5701658447505964,2.152098447851765,1.1618460842416976,-0.35826107426218967,5.019506548651867,1.9503725860553713,48.21034378707158,4.694842172916232,-21.2190850771938,27.843962212345694,17.928865083292767,89.11630640601899,42.57845519942123,-2753.106833009508,1.2553548811895938,2731.887747932314,
Cavity,False,4,0.9668062423579058,1,tlsa_norm,0.1,51,True,True,False,RK45,0.20822464341120123,10,40,37,0.07499999999999996,0.3073908173025765,6.089233310263037,True,134.51196009301907,22229.47209206371,1.3770640752688301,0.9948389855582601,6.377610320880511,0.3073908173025765,0.9044178012231358,6.089233310263164,2.715085052944187,38.3288803793543,6.089233310263037,-36.07876230681849,134.51196009302188,71.04144868893717,587.6608744784447,134.51196009301907,-18092.46740806671,1.4915623826207043,1.0977611423291584,6.377610320880511,0.29839032957899964,0.9097205225679473,0.7632129270284814,0.5831503584746678,2.20346545673151,1.2107528982676563,-0.4750172252151075,2.5844057563269804,1.1567896710968297,22.93629798330581,2.4172450058841233,-4.89013869078483,12.596713820705315,8.948266580333618,38.3288803793543,19.26265417918936,-562.6807934570002,1.384737747783055,557.7906547662153,
Cavity,False,4,0.9668062423579058,1,tlsa_norm,0.1,51,True,True,False,Radau,0.20822464341120123,10,40,37,0.07499999999999996,0.3073908173025765,6.089233310263037,True,134.51196087555508,22229.472118359234,1.3770640752688301,0.9948389855582601,6.377610320880511,0.3073908173025765,0.9044178012231358,6.089233310263164,2.715085052944187,38.3288803793543,6.089233310263037,-36.07876230681849,134.51196087555786,71.04144987443372,587.6608686559373,134.51196087555508,-18092.467618587605,1.4915623826207043,1.0977611423291584,6.377610320880511,0.29839032957899964,0.9097205225679473,0.7632129270284814,0.5831503584746678,2.20346545673151,1.2107528982676563,-0.4750172252151075,2.5844057563269804,1.1567896710968297,22.93629798330581,2.4172450058841233,-4.89013869078483,12.596713820705315,8.948266580333618,38.3288803793543,19.26265417918936,-562.6807934570002,1.384737747783055,557.7906547662153,
