# vtk DataFile Version 2.0
tracks
ASCII
DATASET POLYDATA
POINTS 5562 float
-10 0.701625 1.40525 -9.8 0.701625 1.40525 -9.6 0.701625 1.40525 -9.4 0.701625
1.40525 -9.2 0.701625 1.40525 -9 0.701625 1.40525 -8.8 0.701625 1.40525
-8.6 0.701625 1.40525 -8.4 0.701625 1.40525 -8.2 0.701625 1.40525 -8
0.701625 1.40525 -7.8 0.701625 1.40525 -7.6 0.701625 1.40525 -7.4 0.701625
1.40525 -7.2 0.701625 1.40525 -7 0.701625 1.40525 -6.8 0.701625 1.40525
-6.6 0.701625 1.40525 -6.4 0.701625 1.40525 -6.2 0.701625 1.40525 -6
0.701625 1.40525 -5.8 0.701625 1.40525 -5.6 0.701625 1.40525 -5.4 0.701625
1.40525 -5.2 0.701625 1.40525 -5 0.701625 1.40525 -4.8 0.701625 1.40525
-4.6 0.701625 1.40525 -4.4 0.701625 1.40525 -4.2 0.701625 1.40525 -4
0.701625 1.40525 -3.8 0.701625 1.40525 -3.6 0.701625 1.40525 -3.4 0.701625
1.40525 -3.2 0.701625 1.40525 -3 0.701625 1.40525 -2.8 0.701625 1.40525
-2.6 0.701625 1.40525 -2.4 0.701625 1.40525 -2.2 0.701625 1.40525 -2
0.701625 1.40525 -1.8 0.701625 1.40525 -1.6 0.701625 1.40525 -1.4 0.701625
1.40525 -1.2 0.701625 1.40525 -1 0.701625 1.40525 -0.8 0.701625 1.40525
-0.6 0.701625 1.40525 -0.4 0.701625 1.40525 -0.2 0.701625 1.40525 0
0.701625 1.40525 0.2 0.701625 1.40525 0.4 0.701625 1.40525 0.6 0.701625
1.40525 0.8 0.701625 1.40525 1 0.701625 1.40525 1.2 0.701625 1.40525
1.4 0.701625 1.40525 1.6 0.701625 1.40525 1.8 0.701625 1.40525 2
0.701625 1.40525 2.2 0.701625 1.40525 2.4 0.701625 1.40525 2.6 0.701625
1.40525 2.8 0.701625 1.40525 3 0.701625 1.40525 3.2 0.701625 1.40525
3.4 0.701625 1.40525 3.6 0.701625 1.40525 3.8 0.701625 1.40525 4
0.701625 1.40525 4.01632 0.701625 1.40525 4.03264 0.701625 1.40525 4.04895 0.701625
1.40525 4.06527 0.701625 1.40525 4.08159 0.701625 1.40525 4.26527 0.701625 1.40525
4.44895 0.701625 1.40525 4.63264 0.701625 1.40525 4.81632 0.701625 1.40525 5
0.701625 1.40525 5.2 0.701625 1.40525 5.4 0.701625 1.40525 5.6 0.701625
1.40525 5.8 0.701625 1.40525 6 0.701625 1.40525 6.2 0.701625 1.40525
6.4 0.701625 1.40525 6.6 0.701625 1.40525 6.8 0.701625 1.40525 7
0.701625 1.40525 7.2 0.701625 1.40525 7.4 0.701625 1.40525 7.6 0.701625
1.40525 7.8 0.701625 1.40525 8 0.701625 1.40525 8.2 0.701625 1.40525
8.4 0.701625 1.40525 8.6 0.701625 1.40525 8.8 0.701625 1.40525 9
0.701625 1.40525 9.2 0.701625 1.40525 9.4 0.701625 1.40525 9.6 0.701625
1.40525 9.8 0.701625 1.40525 10 0.701625 1.40525 10.2 0.701625 1.40525
10.4 0.701625 1.40525 10.6 0.701625 1.40525 10.8 0.701625 1.40525 11
0.701625 1.40525 11.2 0.701625 1.40525 11.4 0.701625 1.40525 11.6 0.701625
1.40525 11.8 0.701625 1.40525 12 0.701625 1.40525 12.2 0.701625 1.40525
12.4 0.701625 1.40525 12.6 0.701625 1.40525 12.8 0.701625 1.40525 13
0.701625 1.40525 13.2 0.701625 1.40525 13.4 0.701625 1.40525 13.6 0.701625
1.40525 13.8 0.701625 1.40525 14 0.701625 1.40525 14.2 0.701625 1.40525
14.4 0.701625 1.40525 14.6 0.701625 1.40525 14.8 0.701625 1.40525 15
0.701625 1.40525 15.2 0.701625 1.40525 15.4 0.701625 1.40525 15.6 0.701625
1.40525 15.8 0.701625 1.40525 16 0.701625 1.40525 16.2 0.701625 1.40525
16.4 0.701625 1.40525 16.6 0.701625 1.40525 16.8 0.701625 1.40525 17
0.701625 1.40525 17.2 0.701625 1.40525 17.4 0.701625 1.40525 17.6 0.701625
1.40525 17.8 0.701625 1.40525 18 0.701625 1.40525 18.2 0.701625 1.40525
18.4 0.701625 1.40525 18.6 0.701625 1.40525 18.8 0.701625 1.40525 19
0.701625 1.40525 19.2 0.701625 1.40525 19.4 0.701625 1.40525 19.6 0.701625
1.40525 19.8 0.701625 1.40525 20 0.701625 1.40525 20.2 0.701625 1.40525
20.4 0.701625 1.40525 20.6 0.701625 1.40525 20.8 0.701625 1.40525 21
0.701625 1.40525 21.2 0.701625 1.40525 21.4 0.701625 1.40525 21.6 0.701625
1.40525 21.8 0.701625 1.40525 22 0.701625 1.40525 22.2 0.701625 1.40525
22.4 0.701625 1.40525 22.6 0.701625 1.40525 22.8 0.701625 1.40525 23
0.701625 1.40525 23.2 0.701625 1.40525 23.4 0.701625 1.40525 23.6 0.701625
1.40525 23.8 0.701625 1.40525 24 0.701625 1.40525 24.2 0.701625 1.40525
24.4 0.701625 1.40525 24.6 0.701625 1.40525 24.8 0.701625 1.40525 25
0.701625 1.40525 25.2 0.701625 1.40525 25.4 0.701625 1.40525 25.6 0.701625
1.40525 25.8 0.701625 1.40525 26 0.701625 1.40525 26.2 0.701625 1.40525
26.4 0.701625 1.40525 26.6 0.701625 1.40525 26.8 0.701625 1.40525 27
0.701625 1.40525 27.2 0.701625 1.40525 27.4 0.701625 1.40525 27.6 0.701625
1.40525 27.8 0.701625 1.40525 28 0.701625 1.40525 28.2 0.701625 1.40525
28.4 0.701625 1.40525 28.6 0.701625 1.40525 28.8 0.701625 1.40525 29
0.701625 1.40525 29.2 0.701625 1.40525 29.4 0.701625 1.40525 29.6 0.701625
1.40525 29.8 0.701625 1.40525 30 0.701625 1.40525 -10 -0.0948036 1.24682
-9.8 -0.0948036 1.24682 -9.6 -0.0948036 1.24682 -9.4 -0.0948036 1.24682 -9.2
-0.0948036 1.24682 -9 -0.0948036 1.24682 -8.8 -0.0948036 1.24682 -8.6 -0.0948036
1.24682 -8.4 -0.0948036 1.24682 -8.2 -0.0948036 1.24682 -8 -0.0948036 1.24682
-7.8 -0.0948036 1.24682 -7.6 -0.0948036 1.24682 -7.4 -0.0948036 1.24682 -7.2
-0.0948036 1.24682 -7 -0.0948036 1.24682 -6.8 -0.0948036 1.24682 -6.6 -0.0948036
1.24682 -6.4 -0.0948036 1.24682 -6.2 -0.0948036 1.24682 -6 -0.0948036 1.24682
-5.8 -0.0948036 1.24682 -5.6 -0.0948036 1.24682 -5.4 -0.0948036 1.24682 -5.2
-0.0948036 1.24682 -5 -0.0948036 1.24682 -4.8 -0.0948036 1.24682 -4.6 -0.0948036
1.24682 -4.4 -0.0948036 1.24682 -4.2 -0.0948036 1.24682 -4 -0.0948036 1.24682
-3.8 -0.0948036 1.24682 -3.6 -0.0948036 1.24682 -3.4 -0.0948036 1.24682 -3.2
-0.0948036 1.24682 -3 -0.0948036 1.24682 -2.8 -0.0948036 1.24682 -2.6 -0.0948036
1.24682 -2.4 -0.0948036 1.24682 -2.2 -0.0948036 1.24682 -2 -0.0948036 1.24682
-1.8 -0.0948036 1.24682 -1.6 -0.0948036 1.24682 -1.4 -0.0948036 1.24682 -1.2
-0.0948036 1.24682 -1 -0.0948036 1.24682 -0.8 -0.0948036 1.24682 -0.6 -0.0948036
1.24682 -0.4 -0.0948036 1.24682 -0.2 -0.0948036 1.24682 -1.40338e-17 -0.0948036 1.24682
0.2 -0.0948036 1.24682 0.4 -0.0948036 1.24682 0.6 -0.0948036 1.24682 0.8
-0.0948036 1.24682 1 -0.0948036 1.24682 1.2 -0.0948036 1.24682 1.4 -0.0948036
1.24682 1.6 -0.0948036 1.24682 1.8 -0.0948036 1.24682 2 -0.0948036 1.24682
2.2 -0.0948036 1.24682 2.4 -0.0948036 1.24682 2.6 -0.0948036 1.24682 2.8
-0.0948036 1.24682 3 -0.0948036 1.24682 3.2 -0.0948036 1.24682 3.4 -0.0948036
1.24682 3.6 -0.0948036 1.24682 3.8 -0.0948036 1.24682 4 -0.0948036 1.24682
4.03589 -0.0948036 1.24682 4.07179 -0.0948036 1.24682 4.10768 -0.0948036 1.24682 4.14357
-0.0948036 1.24682 4.17947 -0.0948036 1.24682 4.34357 -0.0948036 1.24682 4.50768 -0.0948036
1.24682 4.67179 -0.0948036 1.24682 4.83589 -0.0948036 1.24682 5 -0.0948036 1.24682
5.2 -0.0948036 1.24682 5.4 -0.0948036 1.24682 5.6 -0.0948036 1.24682 5.8
-0.0948036 1.24682 6 -0.0948036 1.24682 6.2 -0.0948036 1.24682 6.4 -0.0948036
1.24682 6.6 -0.0948036 1.24682 6.8 -0.0948036 1.24682 7 -0.0948036 1.24682
7.2 -0.0948036 1.24682 7.4 -0.0948036 1.24682 7.6 -0.0948036 1.24682 7.8
-0.0948036 1.24682 8 -0.0948036 1.24682 8.2 -0.0948036 1.24682 8.4 -0.0948036
1.24682 8.6 -0.0948036 1.24682 8.8 -0.0948036 1.24682 9 -0.0948036 1.24682
9.2 -0.0948036 1.24682 9.4 -0.0948036 1.24682 9.6 -0.0948036 1.24682 9.8
-0.0948036 1.24682 10 -0.0948036 1.24682 10.2 -0.0948036 1.24682 10.4 -0.0948036
1.24682 10.6 -0.0948036 1.24682 10.8 -0.0948036 1.24682 11 -0.0948036 1.24682
11.2 -0.0948036 1.24682 11.4 -0.0948036 1.24682 11.6 -0.0948036 1.24682 11.8
-0.0948036 1.24682 12 -0.0948036 1.24682 12.2 -0.0948036 1.24682 12.4 -0.0948036
1.24682 12.6 -0.0948036 1.24682 12.8 -0.0948036 1.24682 13 -0.0948036 1.24682
13.2 -0.0948036 1.24682 13.4 -0.0948036 1.24682 13.6 -0.0948036 1.24682 13.8
-0.0948036 1.24682 14 -0.0948036 1.24682 14.2 -0.0948036 1.24682 14.4 -0.0948036
1.24682 14.6 -0.0948036 1.24682 14.8 -0.0948036 1.24682 15 -0.0948036 1.24682
15.2 -0.0948036 1.24682 15.4 -0.0948036 1.24682 15.6 -0.0948036 1.24682 15.8
-0.0948036 1.24682 16 -0.0948036 1.24682 16.2 -0.0948036 1.24682 16.4 -0.0948036
1.24682 16.6 -0.0948036 1.24682 16.8 -0.0948036 1.24682 17 -0.0948036 1.24682
17.2 -0.0948036 1.24682 17.4 -0.0948036 1.24682 17.6 -0.0948036 1.24682 17.8
-0.0948036 1.24682 18 -0.0948036 1.24682 18.2 -0.0948036 1.24682 18.4 -0.0948036
1.24682 18.6 -0.0948036 1.24682 18.8 -0.0948036 1.24682 19 -0.0948036 1.24682
19.2 -0.0948036 1.24682 19.4 -0.0948036 1.24682 19.6 -0.0948036 1.24682 19.8
-0.0948036 1.24682 20 -0.0948036 1.24682 20.2 -0.0948036 1.24682 20.4 -0.0948036
1.24682 20.6 -0.0948036 1.24682 20.8 -0.0948036 1.24682 21 -0.0948036 1.24682
21.2 -0.0948036 1.24682 21.4 -0.0948036 1.24682 21.6 -0.0948036 1.24682 21.8
-0.0948036 1.24682 22 -0.0948036 1.24682 22.2 -0.0948036 1.24682 22.4 -0.0948036
1.24682 22.6 -0.0948036 1.24682 22.8 -0.0948036 1.24682 23 -0.0948036 1.24682
23.2 -0.0948036 1.24682 23.4 -0.0948036 1.24682 23.6 -0.0948036 1.24682 23.8
-0.0948036 1.24682 24 -0.0948036 1.24682 24.2 -0.0948036 1.24682 24.4 -0.0948036
1.24682 24.6 -0.0948036 1.24682 24.8 -0.0948036 1.24682 25 -0.0948036 1.24682
25.2 -0.0948036 1.24682 25.4 -0.0948036 1.24682 25.6 -0.0948036 1.24682 25.8
-0.0948036 1.24682 26 -0.0948036 1.24682 26.2 -0.0948036 1.24682 26.4 -0.0948036
1.24682 26.6 -0.0948036 1.24682 26.8 -0.0948036 1.24682 27 -0.0948036 1.24682
27.2 -0.0948036 1.24682 27.4 -0.0948036 1.24682 27.6 -0.0948036 1.24682 27.8
-0.0948036 1.24682 28 -0.0948036 1.24682 28.2 -0.0948036 1.24682 28.4 -0.0948036
1.24682 28.6 -0.0948036 1.24682 28.8 -0.0948036 1.24682 29 -0.0948036 1.24682
29.2 -0.0948036 1.24682 29.4 -0.0948036 1.24682 29.6 -0.0948036 1.24682 29.8
-0.0948036 1.24682 30 -0.0948036 1.24682 -10 0.0742367 0.620565 -9.8 0.0742367
0.620565 -9.6 0.0742367 0.620565 -9.4 0.0742367 0.620565 -9.2 0.0742367 0.620565
-9 0.0742367 0.620565 -8.8 0.0742367 0.620565 -8.6 0.0742367 0.620565 -8.4
0.0742367 0.620565 -8.2 0.0742367 0.620565 -8 0.0742367 0.620565 -7.8 0.0742367
0.620565 -7.6 0.0742367 0.620565 -7.4 0.0742367 0.620565 -7.2 0.0742367 0.620565
-7 0.0742367 0.620565 -6.8 0.0742367 0.620565 -6.6 0.0742367 0.620565 -6.4
0.0742367 0.620565 -6.2 0.0742367 0.620565 -6 0.0742367 0.620565 -5.8 0.0742367
0.620565 -5.6 0.0742367 0.620565 -5.4 0.0742367 0.620565 -5.2 0.0742367 0.620565
-5 0.0742367 0.620565 -4.8 0.0742367 0.620565 -4.6 0.0742367 0.620565 -4.4
0.0742367 0.620565 -4.2 0.0742367 0.620565 -4 0.0742367 0.620565 -3.8 0.0742367
0.620565 -3.6 0.0742367 0.620565 -3.4 0.0742367 0.620565 -3.2 0.0742367 0.620565
-3 0.0742367 0.620565 -2.8 0.0742367 0.620565 -2.6 0.0742367 0.620565 -2.4
0.0742367 0.620565 -2.2 0.0742367 0.620565 -2 0.0742367 0.620565 -1.8 0.0742367
0.620565 -1.6 0.0742367 0.620565 -1.4 0.0742367 0.620565 -1.2 0.0742367 0.620565
-1 0.0742367 0.620565 -0.8 0.0742367 0.620565 -0.6 0.0742367 0.620565 -0.4
0.0742367 0.620565 -0.2 0.0742367 0.620565 0 0.0742367 0.620565 0.2 0.0742367
0.620565 0.4 0.0742367 0.620565 0.6 0.0742367 0.620565 0.8 0.0742367 0.620565
1 0.0742367 0.620565 1.2 0.0742367 0.620565 1.4 0.0742367 0.620565 1.6
0.0742367 0.620565 1.8 0.0742367 0.620565 2 0.0742367 0.620565 2.2 0.0742367
0.620565 2.4 0.0742367 0.620565 2.6 0.0742367 0.620565 2.8 0.0742367 0.620565
3 0.0742367 0.620565 3.16848 0.0742367 0.620565 3.33697 0.0742367 0.620565 3.50545
0.0742367 0.620565 3.67394 0.0742367 0.620565 3.84242 0.0742367 0.620565 3.87394 0.0742367
0.620565 3.90545 0.0742367 0.620565 3.93697 0.0742367 0.620565 3.96848 0.0742367 0.620565
4 0.0742367 0.620565 4.2 0.0742367 0.620565 4.4 0.0742367 0.620565 4.6
0.0742367 0.620565 4.8 0.0742367 0.620565 5 0.0742367 0.620565 5.2 0.0742367
0.620565 5.4 0.0742367 0.620565 5.6 0.0742367 0.620565 5.8 0.0742367 0.620565
6 0.0742367 0.620565 6.2 0.0742367 0.620565 6.4 0.0742367 0.620565 6.6
0.0742367 0.620565 6.8 0.0742367 0.620565 7 0.0742367 0.620565 7.2 0.0742367
0.620565 7.4 0.0742367 0.620565 7.6 0.0742367 0.620565 7.8 0.0742367 0.620565
8 0.0742367 0.620565 8.2 0.0742367 0.620565 8.4 0.0742367 0.620565 8.6
0.0742367 0.620565 8.8 0.0742367 0.620565 9 0.0742367 0.620565 9.2 0.0742367
0.620565 9.4 0.0742367 0.620565 9.6 0.0742367 0.620565 9.8 0.0742367 0.620565
10 0.0742367 0.620565 10.2 0.0742367 0.620565 10.4 0.0742367 0.620565 10.6
0.0742367 0.620565 10.8 0.0742367 0.620565 11 0.0742367 0.620565 11.2 0.0742367
0.620565 11.4 0.0742367 0.620565 11.6 0.0742367 0.620565 11.8 0.0742367 0.620565
12 0.0742367 0.620565 12.2 0.0742367 0.620565 12.4 0.0742367 0.620565 12.6
0.0742367 0.620565 12.8 0.0742367 0.620565 13 0.0742367 0.620565 13.2 0.0742367
0.620565 13.4 0.0742367 0.620565 13.6 0.0742367 0.620565 13.8 0.0742367 0.620565
14 0.0742367 0.620565 14.2 0.0742367 0.620565 14.4 0.0742367 0.620565 14.6
0.0742367 0.620565 14.8 0.0742367 0.620565 15 0.0742367 0.620565 15.2 0.0742367
0.620565 15.4 0.0742367 0.620565 15.6 0.0742367 0.620565 15.8 0.0742367 0.620565
16 0.0742367 0.620565 16.2 0.0742367 0.620565 16.4 0.0742367 0.620565 16.6
0.0742367 0.620565 16.8 0.0742367 0.620565 17 0.0742367 0.620565 17.2 0.0742367
0.620565 17.4 0.0742367 0.620565 17.6 0.0742367 0.620565 17.8 0.0742367 0.620565
18 0.0742367 0.620565 18.2 0.0742367 0.620565 18.4 0.0742367 0.620565 18.6
0.0742367 0.620565 18.8 0.0742367 0.620565 19 0.0742367 0.620565 19.2 0.0742367
0.620565 19.4 0.0742367 0.620565 19.6 0.0742367 0.620565 19.8 0.0742367 0.620565
20 0.0742367 0.620565 20.2 0.0742367 0.620565 20.4 0.0742367 0.620565 20.6
0.0742367 0.620565 20.8 0.0742367 0.620565 21 0.0742367 0.620565 21.2 0.0742367
0.620565 21.4 0.0742367 0.620565 21.6 0.0742367 0.620565 21.8 0.0742367 0.620565
22 0.0742367 0.620565 22.2 0.0742367 0.620565 22.4 0.0742367 0.620565 22.6
0.0742367 0.620565 22.8 0.0742367 0.620565 23 0.0742367 0.620565 23.2 0.0742367
0.620565 23.4 0.0742367 0.620565 23.6 0.0742367 0.620565 23.8 0.0742367 0.620565
24 0.0742367 0.620565 24.2 0.0742367 0.620565 24.4 0.0742367 0.620565 24.6
0.0742367 0.620565 24.8 0.0742367 0.620565 25 0.0742367 0.620565 25.2 0.0742367
0.620565 25.4 0.0742367 0.620565 25.6 0.0742367 0.620565 25.8 0.0742367 0.620565
26 0.0742367 0.620565 26.2 0.0742367 0.620565 26.4 0.0742367 0.620565 26.6
0.0742367 0.620565 26.8 0.0742367 0.620565 27 0.0742367 0.620565 27.2 0.0742367
0.620565 27.4 0.0742367 0.620565 27.6 0.0742367 0.620565 27.8 0.0742367 0.620565
28 0.0742367 0.620565 28.2 0.0742367 0.620565 28.4 0.0742367 0.620565 28.6
0.0742367 0.620565 28.8 0.0742367 0.620565 29 0.0742367 0.620565 29.2 0.0742367
0.620565 29.4 0.0742367 0.620565 29.6 0.0742367 0.620565 29.8 0.0742367 0.620565
30 0.0742367 0.620565 -10 -0.275215 0.555012 -9.8 -0.275215 0.555012 -9.6
-0.275215 0.555012 -9.4 -0.275215 0.555012 -9.2 -0.275215 0.555012 -9 -0.275215
0.555012 -8.8 -0.275215 0.555012 -8.6 -0.275215 0.555012 -8.4 -0.275215 0.555012
-8.2 -0.275215 0.555012 -8 -0.275215 0.555012 -7.8 -0.275215 0.555012 -7.6
-0.275215 0.555012 -7.4 -0.275215 0.555012 -7.2 -0.275215 0.555012 -7 -0.275215
0.555012 -6.8 -0.275215 0.555012 -6.6 -0.275215 0.555012 -6.4 -0.275215 0.555012
-6.2 -0.275215 0.555012 -6 -0.275215 0.555012 -5.8 -0.275215 0.555012 -5.6
-0.275215 0.555012 -5.4 -0.275215 0.555012 -5.2 -0.275215 0.555012 -5 -0.275215
0.555012 -4.8 -0.275215 0.555012 -4.6 -0.275215 0.555012 -4.4 -0.275215 0.555012
-4.2 -0.275215 0.555012 -4 -0.275215 0.555012 -3.8 -0.275215 0.555012 -3.6
-0.275215 0.555012 -3.4 -0.275215 0.555012 -3.2 -0.275215 0.555012 -3 -0.275215
0.555012 -2.8 -0.275215 0.555012 -2.6 -0.275215 0.555012 -2.4 -0.275215 0.555012
-2.2 -0.275215 0.555012 -2 -0.275215 0.555012 -1.8 -0.275215 0.555012 -1.6
-0.275215 0.555012 -1.4 -0.275215 0.555012 -1.2 -0.275215 0.555012 -1 -0.275215
0.555012 -0.8 -0.275215 0.555012 -0.6 -0.275215 0.555012 -0.4 -0.275215 0.555012
-0.2 -0.275215 0.555012 -4.074e-17 -0.275215 0.555012 0.2 -0.275215 0.555012 0.4
-0.275215 0.555012 0.6 -0.275215 0.555012 0.8 -0.275215 0.555012 1 -0.275215
0.555012 1.2 -0.275215 0.555012 1.4 -0.275215 0.555012 1.6 -0.275215 0.555012
1.8 -0.275215 0.555012 2 -0.275215 0.555012 2.2 -0.275215 0.555012 2.4
-0.275215 0.555012 2.6 -0.275215 0.555012 2.8 -0.275215 0.555012 3 -0.275215
0.555012 3.08949 -0.275215 0.555012 3.17897 -0.275215 0.555012 3.26846 -0.275215 0.555012
3.35795 -0.275215 0.555012 3.44743 -0.275215 0.555012 3.55795 -0.275215 0.555012 3.66846
-0.275215 0.555012 3.77897 -0.275215 0.555012 3.88949 -0.275215 0.555012 4 -0.275215
0.555012 4.2 -0.275215 0.555012 4.4 -0.275215 0.555012 4.6 -0.275215 0.555012
4.8 -0.275215 0.555012 5 -0.275215 0.555012 5.2 -0.275215 0.555012 5.4
-0.275215 0.555012 5.6 -0.275215 0.555012 5.8 -0.275215 0.555012 6 -0.275215
0.555012 6.2 -0.275215 0.555012 6.4 -0.275215 0.555012 6.6 -0.275215 0.555012
6.8 -0.275215 0.555012 7 -0.275215 0.555012 7.2 -0.275215 0.555012 7.4
-0.275215 0.555012 7.6 -0.275215 0.555012 7.8 -0.275215 0.555012 8 -0.275215
0.555012 8.2 -0.275215 0.555012 8.4 -0.275215 0.555012 8.6 -0.275215 0.555012
8.8 -0.275215 0.555012 9 -0.275215 0.555012 9.2 -0.275215 0.555012 9.4
-0.275215 0.555012 9.6 -0.275215 0.555012 9.8 -0.275215 0.555012 10 -0.275215
0.555012 10.2 -0.275215 0.555012 10.4 -0.275215 0.555012 10.6 -0.275215 0.555012
10.8 -0.275215 0.555012 11 -0.275215 0.555012 11.2 -0.275215 0.555012 11.4
-0.275215 0.555012 11.6 -0.275215 0.555012 11.8 -0.275215 0.555012 12 -0.275215
0.555012 12.2 -0.275215 0.555012 12.4 -0.275215 0.555012 12.6 -0.275215 0.555012
12.8 -0.275215 0.555012 13 -0.275215 0.555012 13.2 -0.275215 0.555012 13.4
-0.275215 0.555012 13.6 -0.275215 0.555012 13.8 -0.275215 0.555012 14 -0.275215
0.555012 14.2 -0.275215 0.555012 14.4 -0.275215 0.555012 14.6 -0.275215 0.555012
14.8 -0.275215 0.555012 15 -0.275215 0.555012 15.2 -0.275215 0.555012 15.4
-0.275215 0.555012 15.6 -0.275215 0.555012 15.8 -0.275215 0.555012 16 -0.275215
0.555012 16.2 -0.275215 0.555012 16.4 -0.275215 0.555012 16.6 -0.275215 0.555012
16.8 -0.275215 0.555012 17 -0.275215 0.555012 17.2 -0.275215 0.555012 17.4
-0.275215 0.555012 17.6 -0.275215 0.555012 17.8 -0.275215 0.555012 18 -0.275215
0.555012 18.2 -0.275215 0.555012 18.4 -0.275215 0.555012 18.6 -0.275215 0.555012
18.8 -0.275215 0.555012 19 -0.275215 0.555012 19.2 -0.275215 0.555012 19.4
-0.275215 0.555012 19.6 -0.275215 0.555012 19.8 -0.275215 0.555012 20 -0.275215
0.555012 20.2 -0.275215 0.555012 20.4 -0.275215 0.555012 20.6 -0.275215 0.555012
20.8 -0.275215 0.555012 21 -0.275215 0.555012 21.2 -0.275215 0.555012 21.4
-0.275215 0.555012 21.6 -0.275215 0.555012 21.8 -0.275215 0.555012 22 -0.275215
0.555012 22.2 -0.275215 0.555012 22.4 -0.275215 0.555012 22.6 -0.275215 0.555012
22.8 -0.275215 0.555012 23 -0.275215 0.555012 23.2 -0.275215 0.555012 23.4
-0.275215 0.555012 23.6 -0.275215 0.555012 23.8 -0.275215 0.555012 24 -0.275215
0.555012 24.2 -0.275215 0.555012 24.4 -0.275215 0.555012 24.6 -0.275215 0.555012
24.8 -0.275215 0.555012 25 -0.275215 0.555012 25.2 -0.275215 0.555012 25.4
-0.275215 0.555012 25.6 -0.275215 0.555012 25.8 -0.275215 0.555012 26 -0.275215
0.555012 26.2 -0.275215 0.555012 26.4 -0.275215 0.555012 26.6 -0.275215 0.555012
26.8 -0.275215 0.555012 27 -0.275215 0.555012 27.2 -0.275215 0.555012 27.4
-0.275215 0.555012 27.6 -0.275215 0.555012 27.8 -0.275215 0.555012 28 -0.275215
0.555012 28.2 -0.275215 0.555012 28.4 -0.275215 0.555012 28.6 -0.275215 0.555012
28.8 -0.275215 0.555012 29 -0.275215 0.555012 29.2 -0.275215 0.555012 29.4
-0.275215 0.555012 29.6 -0.275215 0.555012 29.8 -0.275215 0.555012 30 -0.275215
0.555012 -10 0.612232 1.05695 -9.8 0.612232 1.05695 -9.6 0.612232 1.05695
-9.4 0.612232 1.05695 -9.2 0.612232 1.05695 -9 0.612232 1.05695 -8.8
0.612232 1.05695 -8.6 0.612232 1.05695 -8.4 0.612232 1.05695 -8.2 0.612232
1.05695 -8 0.612232 1.05695 -7.8 0.612232 1.05695 -7.6 0.612232 1.05695
-7.4 0.612232 1.05695 -7.2 0.612232 1.05695 -7 0.612232 1.05695 -6.8
0.612232 1.05695 -6.6 0.612232 1.05695 -6.4 0.612232 1.05695 -6.2 0.612232
1.05695 -6 0.612232 1.05695 -5.8 0.612232 1.05695 -5.6 0.612232 1.05695
-5.4 0.612232 1.05695 -5.2 0.612232 1.05695 -5 0.612232 1.05695 -4.8
0.612232 1.05695 -4.6 0.612232 1.05695 -4.4 0.612232 1.05695 -4.2 0.612232
1.05695 -4 0.612232 1.05695 -3.8 0.612232 1.05695 -3.6 0.612232 1.05695
-3.4 0.612232 1.05695 -3.2 0.612232 1.05695 -3 0.612232 1.05695 -2.8
0.612232 1.05695 -2.6 0.612232 1.05695 -2.4 0.612232 1.05695 -2.2 0.612232
1.05695 -2 0.612232 1.05695 -1.8 0.612232 1.05695 -1.6 0.612232 1.05695
-1.4 0.612232 1.05695 -1.2 0.612232 1.05695 -1 0.612232 1.05695 -0.8
0.612232 1.05695 -0.6 0.612232 1.05695 -0.4 0.612232 1.05695 -0.2 0.612232
1.05695 0 0.612232 1.05695 0.2 0.612232 1.05695 0.4 0.612232 1.05695
0.6 0.612232 1.05695 0.8 0.612232 1.05695 1 0.612232 1.05695 1.2
0.612232 1.05695 1.4 0.612232 1.05695 1.6 0.612232 1.05695 1.8 0.612232
1.05695 2 0.612232 1.05695 2.2 0.612232 1.05695 2.4 0.612232 1.05695
2.6 0.612232 1.05695 2.8 0.612232 1.05695 3 0.612232 1.05695 3.2
0.612232 1.05695 3.4 0.612232 1.05695 3.6 0.612232 1.05695 3.8 0.612232
1.05695 4 0.612232 1.05695 4.00524 0.612232 1.05695 4.01049 0.612232 1.05695
4.01573 0.612232 1.05695 4.02098 0.612232 1.05695 4.02622 0.612232 1.05695 4.22098
0.612232 1.05695 4.41573 0.612232 1.05695 4.61049 0.612232 1.05695 4.80524 0.612232
1.05695 5 0.612232 1.05695 5.2 0.612232 1.05695 5.4 0.612232 1.05695
5.6 0.612232 1.05695 5.8 0.612232 1.05695 6 0.612232 1.05695 6.2
0.612232 1.05695 6.4 0.612232 1.05695 6.6 0.612232 1.05695 6.8 0.612232
1.05695 7 0.612232 1.05695 7.2 0.612232 1.05695 7.4 0.612232 1.05695
7.6 0.612232 1.05695 7.8 0.612232 1.05695 8 0.612232 1.05695 8.2
0.612232 1.05695 8.4 0.612232 1.05695 8.6 0.612232 1.05695 8.8 0.612232
1.05695 9 0.612232 1.05695 9.2 0.612232 1.05695 9.4 0.612232 1.05695
9.6 0.612232 1.05695 9.8 0.612232 1.05695 10 0.612232 1.05695 10.2
0.612232 1.05695 10.4 0.612232 1.05695 10.6 0.612232 1.05695 10.8 0.612232
1.05695 11 0.612232 1.05695 11.2 0.612232 1.05695 11.4 0.612232 1.05695
11.6 0.612232 1.05695 11.8 0.612232 1.05695 12 0.612232 1.05695 12.2
0.612232 1.05695 12.4 0.612232 1.05695 12.6 0.612232 1.05695 12.8 0.612232
1.05695 13 0.612232 1.05695 13.2 0.612232 1.05695 13.4 0.612232 1.05695
13.6 0.612232 1.05695 13.8 0.612232 1.05695 14 0.612232 1.05695 14.2
0.612232 1.05695 14.4 0.612232 1.05695 14.6 0.612232 1.05695 14.8 0.612232
1.05695 15 0.612232 1.05695 15.2 0.612232 1.05695 15.4 0.612232 1.05695
15.6 0.612232 1.05695 15.8 0.612232 1.05695 16 0.612232 1.05695 16.2
0.612232 1.05695 16.4 0.612232 1.05695 16.6 0.612232 1.05695 16.8 0.612232
1.05695 17 0.612232 1.05695 17.2 0.612232 1.05695 17.4 0.612232 1.05695
17.6 0.612232 1.05695 17.8 0.612232 1.05695 18 0.612232 1.05695 18.2
0.612232 1.05695 18.4 0.612232 1.05695 18.6 0.612232 1.05695 18.8 0.612232
1.05695 19 0.612232 1.05695 19.2 0.612232 1.05695 19.4 0.612232 1.05695
19.6 0.612232 1.05695 19.8 0.612232 1.05695 20 0.612232 1.05695 20.2
0.612232 1.05695 20.4 0.612232 1.05695 20.6 0.612232 1.05695 20.8 0.612232
1.05695 21 0.612232 1.05695 21.2 0.612232 1.05695 21.4 0.612232 1.05695
21.6 0.612232 1.05695 21.8 0.612232 1.05695 22 0.612232 1.05695 22.2
0.612232 1.05695 22.4 0.612232 1.05695 22.6 0.612232 1.05695 22.8 0.612232
1.05695 23 0.612232 1.05695 23.2 0.612232 1.05695 23.4 0.612232 1.05695
23.6 0.612232 1.05695 23.8 0.612232 1.05695 24 0.612232 1.05695 24.2
0.612232 1.05695 24.4 0.612232 1.05695 24.6 0.612232 1.05695 24.8 0.612232
1.05695 25 0.612232 1.05695 25.2 0.612232 1.05695 25.4 0.612232 1.05695
25.6 0.612232 1.05695 25.8 0.612232 1.05695 26 0.612232 1.05695 26.2
0.612232 1.05695 26.4 0.612232 1.05695 26.6 0.612232 1.05695 26.8 0.612232
1.05695 27 0.612232 1.05695 27.2 0.612232 1.05695 27.4 0.612232 1.05695
27.6 0.612232 1.05695 27.8 0.612232 1.05695 28 0.612232 1.05695 28.2
0.612232 1.05695 28.4 0.612232 1.05695 28.6 0.612232 1.05695 28.8 0.612232
1.05695 29 0.612232 1.05695 29.2 0.612232 1.05695 29.4 0.612232 1.05695
29.6 0.612232 1.05695 29.8 0.612232 1.05695 30 0.612232 1.05695 -10
0.448498 0.381692 -9.8 0.448498 0.381692 -9.6 0.448498 0.381692 -9.4 0.448498
0.381692 -9.2 0.448498 0.381692 -9 0.448498 0.381692 -8.8 0.448498 0.381692
-8.6 0.448498 0.381692 -8.4 0.448498 0.381692 -8.2 0.448498 0.381692 -8
0.448498 0.381692 -7.8 0.448498 0.381692 -7.6 0.448498 0.381692 -7.4 0.448498
0.381692 -7.2 0.448498 0.381692 -7 0.448498 0.381692 -6.8 0.448498 0.381692
-6.6 0.448498 0.381692 -6.4 0.448498 0.381692 -6.2 0.448498 0.381692 -6
0.448498 0.381692 -5.8 0.448498 0.381692 -5.6 0.448498 0.381692 -5.4 0.448498
0.381692 -5.2 0.448498 0.381692 -5 0.448498 0.381692 -4.8 0.448498 0.381692
-4.6 0.448498 0.381692 -4.4 0.448498 0.381692 -4.2 0.448498 0.381692 -4
0.448498 0.381692 -3.8 0.448498 0.381692 -3.6 0.448498 0.381692 -3.4 0.448498
0.381692 -3.2 0.448498 0.381692 -3 0.448498 0.381692 -2.8 0.448498 0.381692
-2.6 0.448498 0.381692 -2.4 0.448498 0.381692 -2.2 0.448498 0.381692 -2
0.448498 0.381692 -1.8 0.448498 0.381692 -1.6 0.448498 0.381692 -1.4 0.448498
0.381692 -1.2 0.448498 0.381692 -1 0.448498 0.381692 -0.8 0.448498 0.381692
-0.6 0.448498 0.381692 -0.4 0.448498 0.381692 -0.2 0.448498 0.381692 0
0.448498 0.381692 0.2 0.448498 0.381692 0.4 0.448498 0.381692 0.6 0.448498
0.381692 0.8 0.448498 0.381692 1 0.448498 0.381692 1.2 0.448498 0.381692
1.4 0.448498 0.381692 1.6 0.448498 0.381692 1.8 0.448498 0.381692 2
0.448498 0.381692 2.2 0.448498 0.381692 2.4 0.448498 0.381692 2.6 0.448498
0.381692 2.8 0.448498 0.381692 3 0.448498 0.381692 3.2 0.448498 0.381692
3.4 0.448498 0.381692 3.6 0.448498 0.381692 3.8 0.448498 0.381692 4
0.448498 0.381692 4.10279 0.448498 0.381692 4.20558 0.448498 0.381692 4.30837 0.448498
0.381692 4.41116 0.448498 0.381692 4.51395 0.448498 0.381692 4.61116 0.448498 0.381692
4.70837 0.448498 0.381692 4.80558 0.448498 0.381692 4.90279 0.448498 0.381692 5
0.448498 0.381692 5.2 0.448498 0.381692 5.4 0.448498 0.381692 5.6 0.448498
0.381692 5.8 0.448498 0.381692 6 0.448498 0.381692 6.2 0.448498 0.381692
6.4 0.448498 0.381692 6.6 0.448498 0.381692 6.8 0.448498 0.381692 7
0.448498 0.381692 7.2 0.448498 0.381692 7.4 0.448498 0.381692 7.6 0.448498
0.381692 7.8 0.448498 0.381692 8 0.448498 0.381692 8.2 0.448498 0.381692
8.4 0.448498 0.381692 8.6 0.448498 0.381692 8.8 0.448498 0.381692 9
0.448498 0.381692 9.2 0.448498 0.381692 9.4 0.448498 0.381692 9.6 0.448498
0.381692 9.8 0.448498 0.381692 10 0.448498 0.381692 10.2 0.448498 0.381692
10.4 0.448498 0.381692 10.6 0.448498 0.381692 10.8 0.448498 0.381692 11
0.448498 0.381692 11.2 0.448498 0.381692 11.4 0.448498 0.381692 11.6 0.448498
0.381692 11.8 0.448498 0.381692 12 0.448498 0.381692 12.2 0.448498 0.381692
12.4 0.448498 0.381692 12.6 0.448498 0.381692 12.8 0.448498 0.381692 13
0.448498 0.381692 13.2 0.448498 0.381692 13.4 0.448498 0.381692 13.6 0.448498
0.381692 13.8 0.448498 0.381692 14 0.448498 0.381692 14.2 0.448498 0.381692
14.4 0.448498 0.381692 14.6 0.448498 0.381692 14.8 0.448498 0.381692 15
0.448498 0.381692 15.2 0.448498 0.381692 15.4 0.448498 0.381692 15.6 0.448498
0.381692 15.8 0.448498 0.381692 16 0.448498 0.381692 16.2 0.448498 0.381692
16.4 0.448498 0.381692 16.6 0.448498 0.381692 16.8 0.448498 0.381692 17
0.448498 0.381692 17.2 0.448498 0.381692 17.4 0.448498 0.381692 17.6 0.448498
0.381692 17.8 0.448498 0.381692 18 0.448498 0.381692 18.2 0.448498 0.381692
18.4 0.448498 0.381692 18.6 0.448498 0.381692 18.8 0.448498 0.381692 19
0.448498 0.381692 19.2 0.448498 0.381692 19.4 0.448498 0.381692 19.6 0.448498
0.381692 19.8 0.448498 0.381692 20 0.448498 0.381692 20.2 0.448498 0.381692
20.4 0.448498 0.381692 20.6 0.448498 0.381692 20.8 0.448498 0.381692 21
0.448498 0.381692 21.2 0.448498 0.381692 21.4 0.448498 0.381692 21.6 0.448498
0.381692 21.8 0.448498 0.381692 22 0.448498 0.381692 22.2 0.448498 0.381692
22.4 0.448498 0.381692 22.6 0.448498 0.381692 22.8 0.448498 0.381692 23
0.448498 0.381692 23.2 0.448498 0.381692 23.4 0.448498 0.381692 23.6 0.448498
0.381692 23.8 0.448498 0.381692 24 0.448498 0.381692 24.2 0.448498 0.381692
24.4 0.448498 0.381692 24.6 0.448498 0.381692 24.8 0.448498 0.381692 25
0.448498 0.381692 25.2 0.448498 0.381692 25.4 0.448498 0.381692 25.6 0.448498
0.381692 25.8 0.448498 0.381692 26 0.448498 0.381692 26.2 0.448498 0.381692
26.4 0.448498 0.381692 26.6 0.448498 0.381692 26.8 0.448498 0.381692 27
0.448498 0.381692 27.2 0.448498 0.381692 27.4 0.448498 0.381692 27.6 0.448498
0.381692 27.8 0.448498 0.381692 28 0.448498 0.381692 28.2 0.448498 0.381692
28.4 0.448498 0.381692 28.6 0.448498 0.381692 28.8 0.448498 0.381692 29
0.448498 0.381692 29.2 0.448498 0.381692 29.4 0.448498 0.381692 29.6 0.448498
0.381692 29.8 0.448498 0.381692 30 0.448498 0.381692 -10 0.0539478 1.23202
-9.8 0.0539478 1.23202 -9.6 0.0539478 1.23202 -9.4 0.0539478 1.23202 -9.2
0.0539478 1.23202 -9 0.0539478 1.23202 -8.8 0.0539478 1.23202 -8.6 0.0539478
1.23202 -8.4 0.0539478 1.23202 -8.2 0.0539478 1.23202 -8 0.0539478 1.23202
-7.8 0.0539478 1.23202 -7.6 0.0539478 1.23202 -7.4 0.0539478 1.23202 -7.2
0.0539478 1.23202 -7 0.0539478 1.23202 -6.8 0.0539478 1.23202 -6.6 0.0539478
1.23202 -6.4 0.0539478 1.23202 -6.2 0.0539478 1.23202 -6 0.0539478 1.23202
-5.8 0.0539478 1.23202 -5.6 0.0539478 1.23202 -5.4 0.0539478 1.23202 -5.2
0.0539478 1.23202 -5 0.0539478 1.23202 -4.8 0.0539478 1.23202 -4.6 0.0539478
1.23202 -4.4 0.0539478 1.23202 -4.2 0.0539478 1.23202 -4 0.0539478 1.23202
-3.8 0.0539478 1.23202 -3.6 0.0539478 1.23202 -3.4 0.0539478 1.23202 -3.2
0.0539478 1.23202 -3 0.0539478 1.23202 -2.8 0.0539478 1.23202 -2.6 0.0539478
1.23202 -2.4 0.0539478 1.23202 -2.2 0.0539478 1.23202 -2 0.0539478 1.23202
-1.8 0.0539478 1.23202 -1.6 0.0539478 1.23202 -1.4 0.0539478 1.23202 -1.2
0.0539478 1.23202 -1 0.0539478 1.23202 -0.8 0.0539478 1.23202 -0.6 0.0539478
1.23202 -0.4 0.0539478 1.23202 -0.2 0.0539478 1.23202 0 0.0539478 1.23202
0.2 0.0539478 1.23202 0.4 0.0539478 1.23202 0.6 0.0539478 1.23202 0.8
0.0539478 1.23202 1 0.0539478 1.23202 1.2 0.0539478 1.23202 1.4 0.0539478
1.23202 1.6 0.0539478 1.23202 1.8 0.0539478 1.23202 2 0.0539478 1.23202
2.2 0.0539478 1.23202 2.4 0.0539478 1.23202 2.6 0.0539478 1.23202 2.8
0.0539478 1.23202 3 0.0539478 1.23202 3.2 0.0539478 1.23202 3.4 0.0539478
1.23202 3.6 0.0539478 1.23202 3.8 0.0539478 1.23202 4 0.0539478 1.23202
4.02434 0.0539478 1.23202 4.04868 0.0539478 1.23202 4.07302 0.0539478 1.23202 4.09736
0.0539478 1.23202 4.1217 0.0539478 1.23202 4.29736 0.0539478 1.23202 4.47302 0.0539478
1.23202 4.64868 0.0539478 1.23202 4.82434 0.0539478 1.23202 5 0.0539478 1.23202
5.2 0.0539478 1.23202 5.4 0.0539478 1.23202 5.6 0.0539478 1.23202 5.8
0.0539478 1.23202 6 0.0539478 1.23202 6.2 0.0539478 1.23202 6.4 0.0539478
1.23202 6.6 0.0539478 1.23202 6.8 0.0539478 1.23202 7 0.0539478 1.23202
7.2 0.0539478 1.23202 7.4 0.0539478 1.23202 7.6 0.0539478 1.23202 7.8
0.0539478 1.23202 8 0.0539478 1.23202 8.2 0.0539478 1.23202 8.4 0.0539478
1.23202 8.6 0.0539478 1.23202 8.8 0.0539478 1.23202 9 0.0539478 1.23202
9.2 0.0539478 1.23202 9.4 0.0539478 1.23202 9.6 0.0539478 1.23202 9.8
0.0539478 1.23202 10 0.0539478 1.23202 10.2 0.0539478 1.23202 10.4 0.0539478
1.23202 10.6 0.0539478 1.23202 10.8 0.0539478 1.23202 11 0.0539478 1.23202
11.2 0.0539478 1.23202 11.4 0.0539478 1.23202 11.6 0.0539478 1.23202 11.8
0.0539478 1.23202 12 0.0539478 1.23202 12.2 0.0539478 1.23202 12.4 0.0539478
1.23202 12.6 0.0539478 1.23202 12.8 0.0539478 1.23202 13 0.0539478 1.23202
13.2 0.0539478 1.23202 13.4 0.0539478 1.23202 13.6 0.0539478 1.23202 13.8
0.0539478 1.23202 14 0.0539478 1.23202 14.2 0.0539478 1.23202 14.4 0.0539478
1.23202 14.6 0.0539478 1.23202 14.8 0.0539478 1.23202 15 0.0539478 1.23202
15.2 0.0539478 1.23202 15.4 0.0539478 1.23202 15.6 0.0539478 1.23202 15.8
0.0539478 1.23202 16 0.0539478 1.23202 16.2 0.0539478 1.23202 16.4 0.0539478
1.23202 16.6 0.0539478 1.23202 16.8 0.0539478 1.23202 17 0.0539478 1.23202
17.2 0.0539478 1.23202 17.4 0.0539478 1.23202 17.6 0.0539478 1.23202 17.8
0.0539478 1.23202 18 0.0539478 1.23202 18.2 0.0539478 1.23202 18.4 0.0539478
1.23202 18.6 0.0539478 1.23202 18.8 0.0539478 1.23202 19 0.0539478 1.23202
19.2 0.0539478 1.23202 19.4 0.0539478 1.23202 19.6 0.0539478 1.23202 19.8
0.0539478 1.23202 20 0.0539478 1.23202 20.2 0.0539478 1.23202 20.4 0.0539478
1.23202 20.6 0.0539478 1.23202 20.8 0.0539478 1.23202 21 0.0539478 1.23202
21.2 0.0539478 1.23202 21.4 0.0539478 1.23202 21.6 0.0539478 1.23202 21.8
0.0539478 1.23202 22 0.0539478 1.23202 22.2 0.0539478 1.23202 22.4 0.0539478
1.23202 22.6 0.0539478 1.23202 22.8 0.0539478 1.23202 23 0.0539478 1.23202
23.2 0.0539478 1.23202 23.4 0.0539478 1.23202 23.6 0.0539478 1.23202 23.8
0.0539478 1.23202 24 0.0539478 1.23202 24.2 0.0539478 1.23202 24.4 0.0539478
1.23202 24.6 0.0539478 1.23202 24.8 0.0539478 1.23202 25 0.0539478 1.23202
25.2 0.0539478 1.23202 25.4 0.0539478 1.23202 25.6 0.0539478 1.23202 25.8
0.0539478 1.23202 26 0.0539478 1.23202 26.2 0.0539478 1.23202 26.4 0.0539478
1.23202 26.6 0.0539478 1.23202 26.8 0.0539478 1.23202 27 0.0539478 1.23202
27.2 0.0539478 1.23202 27.4 0.0539478 1.23202 27.6 0.0539478 1.23202 27.8
0.0539478 1.23202 28 0.0539478 1.23202 28.2 0.0539478 1.23202 28.4 0.0539478
1.23202 28.6 0.0539478 1.23202 28.8 0.0539478 1.23202 29 0.0539478 1.23202
29.2 0.0539478 1.23202 29.4 0.0539478 1.23202 29.6 0.0539478 1.23202 29.8
0.0539478 1.23202 30 0.0539478 1.23202 -10 0.260698 0.421427 -9.8 0.260698
0.421427 -9.6 0.260698 0.421427 -9.4 0.260698 0.421427 -9.2 0.260698 0.421427
-9 0.260698 0.421427 -8.8 0.260698 0.421427 -8.6 0.260698 0.421427 -8.4
0.260698 0.421427 -8.2 0.260698 0.421427 -8 0.260698 0.421427 -7.8 0.260698
0.421427 -7.6 0.260698 0.421427 -7.4 0.260698 0.421427 -7.2 0.260698 0.421427
-7 0.260698 0.421427 -6.8 0.260698 0.421427 -6.6 0.260698 0.421427 -6.4
0.260698 0.421427 -6.2 0.260698 0.421427 -6 0.260698 0.421427 -5.8 0.260698
0.421427 -5.6 0.260698 0.421427 -5.4 0.260698 0.421427 -5.2 0.260698 0.421427
-5 0.260698 0.421427 -4.8 0.260698 0.421427 -4.6 0.260698 0.421427 -4.4
0.260698 0.421427 -4.2 0.260698 0.421427 -4 0.260698 0.421427 -3.8 0.260698
0.421427 -3.6 0.260698 0.421427 -3.4 0.260698 0.421427 -3.2 0.260698 0.421427
-3 0.260698 0.421427 -2.8 0.260698 0.421427 -2.6 0.260698 0.421427 -2.4
0.260698 0.421427 -2.2 0.260698 0.421427 -2 0.260698 0.421427 -1.8 0.260698
0.421427 -1.6 0.260698 0.421427 -1.4 0.260698 0.421427 -1.2 0.260698 0.421427
-1 0.260698 0.421427 -0.8 0.260698 0.421427 -0.6 0.260698 0.421427 -0.4
0.260698 0.421427 -0.2 0.260698 0.421427 0 0.260698 0.421427 0.2 0.260698
0.421427 0.4 0.260698 0.421427 0.6 0.260698 0.421427 0.8 0.260698 0.421427
1 0.260698 0.421427 1.2 0.260698 0.421427 1.4 0.260698 0.421427 1.6
0.260698 0.421427 1.8 0.260698 0.421427 2 0.260698 0.421427 2.2 0.260698
0.421427 2.4 0.260698 0.421427 2.6 0.260698 0.421427 2.8 0.260698 0.421427
3 0.260698 0.421427 3.2 0.260698 0.421427 3.4 0.260698 0.421427 3.6
0.260698 0.421427 3.8 0.260698 0.421427 4 0.260698 0.421427 4.1042 0.260698
0.421427 4.2084 0.260698 0.421427 4.3126 0.260698 0.421427 4.4168 0.260698 0.421427
4.521 0.260698 0.421427 4.6168 0.260698 0.421427 4.7126 0.260698 0.421427 4.8084
0.260698 0.421427 4.9042 0.260698 0.421427 5 0.260698 0.421427 5.2 0.260698
0.421427 5.4 0.260698 0.421427 5.6 0.260698 0.421427 5.8 0.260698 0.421427
6 0.260698 0.421427 6.2 0.260698 0.421427 6.4 0.260698 0.421427 6.6
0.260698 0.421427 6.8 0.260698 0.421427 7 0.260698 0.421427 7.2 0.260698
0.421427 7.4 0.260698 0.421427 7.6 0.260698 0.421427 7.8 0.260698 0.421427
8 0.260698 0.421427 8.2 0.260698 0.421427 8.4 0.260698 0.421427 8.6
0.260698 0.421427 8.8 0.260698 0.421427 9 0.260698 0.421427 9.2 0.260698
0.421427 9.4 0.260698 0.421427 9.6 0.260698 0.421427 9.8 0.260698 0.421427
10 0.260698 0.421427 10.2 0.260698 0.421427 10.4 0.260698 0.421427 10.6
0.260698 0.421427 10.8 0.260698 0.421427 11 0.260698 0.421427 11.2 0.260698
0.421427 11.4 0.260698 0.421427 11.6 0.260698 0.421427 11.8 0.260698 0.421427
12 0.260698 0.421427 12.2 0.260698 0.421427 12.4 0.260698 0.421427 12.6
0.260698 0.421427 12.8 0.260698 0.421427 13 0.260698 0.421427 13.2 0.260698
0.421427 13.4 0.260698 0.421427 13.6 0.260698 0.421427 13.8 0.260698 0.421427
14 0.260698 0.421427 14.2 0.260698 0.421427 14.4 0.260698 0.421427 14.6
0.260698 0.421427 14.8 0.260698 0.421427 15 0.260698 0.421427 15.2 0.260698
0.421427 15.4 0.260698 0.421427 15.6 0.260698 0.421427 15.8 0.260698 0.421427
16 0.260698 0.421427 16.2 0.260698 0.421427 16.4 0.260698 0.421427 16.6
0.260698 0.421427 16.8 0.260698 0.421427 17 0.260698 0.421427 17.2 0.260698
0.421427 17.4 0.260698 0.421427 17.6 0.260698 0.421427 17.8 0.260698 0.421427
18 0.260698 0.421427 18.2 0.260698 0.421427 18.4 0.260698 0.421427 18.6
0.260698 0.421427 18.8 0.260698 0.421427 19 0.260698 0.421427 19.2 0.260698
0.421427 19.4 0.260698 0.421427 19.6 0.260698 0.421427 19.8 0.260698 0.421427
20 0.260698 0.421427 20.2 0.260698 0.421427 20.4 0.260698 0.421427 20.6
0.260698 0.421427 20.8 0.260698 0.421427 21 0.260698 0.421427 21.2 0.260698
0.421427 21.4 0.260698 0.421427 21.6 0.260698 0.421427 21.8 0.260698 0.421427
22 0.260698 0.421427 22.2 0.260698 0.421427 22.4 0.260698 0.421427 22.6
0.260698 0.421427 22.8 0.260698 0.421427 23 0.260698 0.421427 23.2 0.260698
0.421427 23.4 0.260698 0.421427 23.6 0.260698 0.421427 23.8 0.260698 0.421427
24 0.260698 0.421427 24.2 0.260698 0.421427 24.4 0.260698 0.421427 24.6
0.260698 0.421427 24.8 0.260698 0.421427 25 0.260698 0.421427 25.2 0.260698
0.421427 25.4 0.260698 0.421427 25.6 0.260698 0.421427 25.8 0.260698 0.421427
26 0.260698 0.421427 26.2 0.260698 0.421427 26.4 0.260698 0.421427 26.6
0.260698 0.421427 26.8 0.260698 0.421427 27 0.260698 0.421427 27.2 0.260698
0.421427 27.4 0.260698 0.421427 27.6 0.260698 0.421427 27.8 0.260698 0.421427
28 0.260698 0.421427 28.2 0.260698 0.421427 28.4 0.260698 0.421427 28.6
0.260698 0.421427 28.8 0.260698 0.421427 29 0.260698 0.421427 29.2 0.260698
0.421427 29.4 0.260698 0.421427 29.6 0.260698 0.421427 29.8 0.260698 0.421427
30 0.260698 0.421427 -10 -0.585308 0.382727 -9.8 -0.585308 0.382727 -9.6
-0.585308 0.382727 -9.4 -0.585308 0.382727 -9.2 -0.585308 0.382727 -9 -0.585308
0.382727 -8.8 -0.585308 0.382727 -8.6 -0.585308 0.382727 -8.4 -0.585308 0.382727
-8.2 -0.585308 0.382727 -8 -0.585308 0.382727 -7.8 -0.585308 0.382727 -7.6
-0.585308 0.382727 -7.4 -0.585308 0.382727 -7.2 -0.585308 0.382727 -7 -0.585308
0.382727 -6.8 -0.585308 0.382727 -6.6 -0.585308 0.382727 -6.4 -0.585308 0.382727
-6.2 -0.585308 0.382727 -6 -0.585308 0.382727 -5.8 -0.585308 0.382727 -5.6
-0.585308 0.382727 -5.4 -0.585308 0.382727 -5.2 -0.585308 0.382727 -5 -0.585308
0.382727 -4.8 -0.585308 0.382727 -4.6 -0.585308 0.382727 -4.4 -0.585308 0.382727
-4.2 -0.585308 0.382727 -4 -0.585308 0.382727 -3.8 -0.585308 0.382727 -3.6
-0.585308 0.382727 -3.4 -0.585308 0.382727 -3.2 -0.585308 0.382727 -3 -0.585308
0.382727 -2.8 -0.585308 0.382727 -2.6 -0.585308 0.382727 -2.4 -0.585308 0.382727
-2.2 -0.585308 0.382727 -2 -0.585308 0.382727 -1.8 -0.585308 0.382727 -1.6
-0.585308 0.382727 -1.4 -0.585308 0.382727 -1.2 -0.585308 0.382727 -1 -0.585308
0.382727 -0.8 -0.585308 0.382727 -0.6 -0.585308 0.382727 -0.4 -0.585308 0.382727
-0.2 -0.585308 0.382727 -8.6643e-17 -0.585308 0.382727 0.2 -0.585308 0.382727 0.4
-0.585308 0.382727 0.6 -0.585308 0.382727 0.8 -0.585308 0.382727 1 -0.585308
0.382727 1.2 -0.585308 0.382727 1.4 -0.585308 0.382727 1.6 -0.585308 0.382727
1.8 -0.585308 0.382727 2 -0.585308 0.382727 2.2 -0.585308 0.382727 2.4
-0.585308 0.382727 2.6 -0.585308 0.382727 2.8 -0.585308 0.382727 3 -0.585308
0.382727 3.17993 -0.585308 0.382727 3.35986 -0.585308 0.382727 3.53979 -0.585308 0.382727
3.71972 -0.585308 0.382727 3.89965 -0.585308 0.382727 3.91972 -0.585308 0.382727 3.93979
-0.585308 0.382727 3.95986 -0.585308 0.382727 3.97993 -0.585308 0.382727 4 -0.585308
0.382727 4.2 -0.585308 0.382727 4.4 -0.585308 0.382727 4.6 -0.585308 0.382727
4.8 -0.585308 0.382727 5 -0.585308 0.382727 5.2 -0.585308 0.382727 5.4
-0.585308 0.382727 5.6 -0.585308 0.382727 5.8 -0.585308 0.382727 6 -0.585308
0.382727 6.2 -0.585308 0.382727 6.4 -0.585308 0.382727 6.6 -0.585308 0.382727
6.8 -0.585308 0.382727 7 -0.585308 0.382727 7.2 -0.585308 0.382727 7.4
-0.585308 0.382727 7.6 -0.585308 0.382727 7.8 -0.585308 0.382727 8 -0.585308
0.382727 8.2 -0.585308 0.382727 8.4 -0.585308 0.382727 8.6 -0.585308 0.382727
8.8 -0.585308 0.382727 9 -0.585308 0.382727 9.2 -0.585308 0.382727 9.4
-0.585308 0.382727 9.6 -0.585308 0.382727 9.8 -0.585308 0.382727 10 -0.585308
0.382727 10.2 -0.585308 0.382727 10.4 -0.585308 0.382727 10.6 -0.585308 0.382727
10.8 -0.585308 0.382727 11 -0.585308 0.382727 11.2 -0.585308 0.382727 11.4
-0.585308 0.382727 11.6 -0.585308 0.382727 11.8 -0.585308 0.382727 12 -0.585308
0.382727 12.2 -0.585308 0.382727 12.4 -0.585308 0.382727 12.6 -0.585308 0.382727
12.8 -0.585308 0.382727 13 -0.585308 0.382727 13.2 -0.585308 0.382727 13.4
-0.585308 0.382727 13.6 -0.585308 0.382727 13.8 -0.585308 0.382727 14 -0.585308
0.382727 14.2 -0.585308 0.382727 14.4 -0.585308 0.382727 14.6 -0.585308 0.382727
14.8 -0.585308 0.382727 15 -0.585308 0.382727 15.2 -0.585308 0.382727 15.4
-0.585308 0.382727 15.6 -0.585308 0.382727 15.8 -0.585308 0.382727 16 -0.585308
0.382727 16.2 -0.585308 0.382727 16.4 -0.585308 0.382727 16.6 -0.585308 0.382727
16.8 -0.585308 0.382727 17 -0.585308 0.382727 17.2 -0.585308 0.382727 17.4
-0.585308 0.382727 17.6 -0.585308 0.382727 17.8 -0.585308 0.382727 18 -0.585308
0.382727 18.2 -0.585308 0.382727 18.4 -0.585308 0.382727 18.6 -0.585308 0.382727
18.8 -0.585308 0.382727 19 -0.585308 0.382727 19.2 -0.585308 0.382727 19.4
-0.585308 0.382727 19.6 -0.585308 0.382727 19.8 -0.585308 0.382727 20 -0.585308
0.382727 20.2 -0.585308 0.382727 20.4 -0.585308 0.382727 20.6 -0.585308 0.382727
20.8 -0.585308 0.382727 21 -0.585308 0.382727 21.2 -0.585308 0.382727 21.4
-0.585308 0.382727 21.6 -0.585308 0.382727 21.8 -0.585308 0.382727 22 -0.585308
0.382727 22.2 -0.585308 0.382727 22.4 -0.585308 0.382727 22.6 -0.585308 0.382727
22.8 -0.585308 0.382727 23 -0.585308 0.382727 23.2 -0.585308 0.382727 23.4
-0.585308 0.382727 23.6 -0.585308 0.382727 23.8 -0.585308 0.382727 24 -0.585308
0.382727 24.2 -0.585308 0.382727 24.4 -0.585308 0.382727 24.6 -0.585308 0.382727
24.8 -0.585308 0.382727 25 -0.585308 0.382727 25.2 -0.585308 0.382727 25.4
-0.585308 0.382727 25.6 -0.585308 0.382727 25.8 -0.585308 0.382727 26 -0.585308
0.382727 26.2 -0.585308 0.382727 26.4 -0.585308 0.382727 26.6 -0.585308 0.382727
26.8 -0.585308 0.382727 27 -0.585308 0.382727 27.2 -0.585308 0.382727 27.4
-0.585308 0.382727 27.6 -0.585308 0.382727 27.8 -0.585308 0.382727 28 -0.585308
0.382727 28.2 -0.585308 0.382727 28.4 -0.585308 0.382727 28.6 -0.585308 0.382727
28.8 -0.585308 0.382727 29 -0.585308 0.382727 29.2 -0.585308 0.382727 29.4
-0.585308 0.382727 29.6 -0.585308 0.382727 29.8 -0.585308 0.382727 30 -0.585308
0.382727 -10 0.230585 1.59709 -9.8 0.230585 1.59709 -9.6 0.230585 1.59709
-9.4 0.230585 1.59709 -9.2 0.230585 1.59709 -9 0.230585 1.59709 -8.8
0.230585 1.59709 -8.6 0.230585 1.59709 -8.4 0.230585 1.59709 -8.2 0.230585
1.59709 -8 0.230585 1.59709 -7.8 0.230585 1.59709 -7.6 0.230585 1.59709
-7.4 0.230585 1.59709 -7.2 0.230585 1.59709 -7 0.230585 1.59709 -6.8
0.230585 1.59709 -6.6 0.230585 1.59709 -6.4 0.230585 1.59709 -6.2 0.230585
1.59709 -6 0.230585 1.59709 -5.8 0.230585 1.59709 -5.6 0.230585 1.59709
-5.4 0.230585 1.59709 -5.2 0.230585 1.59709 -5 0.230585 1.59709 -4.8
0.230585 1.59709 -4.6 0.230585 1.59709 -4.4 0.230585 1.59709 -4.2 0.230585
1.59709 -4 0.230585 1.59709 -3.8 0.230585 1.59709 -3.6 0.230585 1.59709
-3.4 0.230585 1.59709 -3.2 0.230585 1.59709 -3 0.230585 1.59709 -2.8
0.230585 1.59709 -2.6 0.230585 1.59709 -2.4 0.230585 1.59709 -2.2 0.230585
1.59709 -2 0.230585 1.59709 -1.8 0.230585 1.59709 -1.6 0.230585 1.59709
-1.4 0.230585 1.59709 -1.2 0.230585 1.59709 -1 0.230585 1.59709 -0.8
0.230585 1.59709 -0.6 0.230585 1.59709 -0.4 0.230585 1.59709 -0.2 0.230585
1.59709 0 0.230585 1.59709 0.2 0.230585 1.59709 0.4 0.230585 1.59709
0.6 0.230585 1.59709 0.8 0.230585 1.59709 1 0.230585 1.59709 1.2
0.230585 1.59709 1.4 0.230585 1.59709 1.6 0.230585 1.59709 1.8 0.230585
1.59709 2 0.230585 1.59709 2.2 0.230585 1.59709 2.4 0.230585 1.59709
2.6 0.230585 1.59709 2.8 0.230585 1.59709 3 0.230585 1.59709 3.1621
0.230585 1.59709 3.3242 0.230585 1.59709 3.4863 0.230585 1.59709 3.6484 0.230585
1.59709 3.81051 0.230585 1.59709 3.8484 0.230585 1.59709 3.8863 0.230585 1.59709
3.9242 0.230585 1.59709 3.9621 0.230585 1.59709 4 0.230585 1.59709 4.2
0.230585 1.59709 4.4 0.230585 1.59709 4.6 0.230585 1.59709 4.8 0.230585
1.59709 5 0.230585 1.59709 5.2 0.230585 1.59709 5.4 0.230585 1.59709
5.6 0.230585 1.59709 5.8 0.230585 1.59709 6 0.230585 1.59709 6.2
0.230585 1.59709 6.4 0.230585 1.59709 6.6 0.230585 1.59709 6.8 0.230585
1.59709 7 0.230585 1.59709 7.2 0.230585 1.59709 7.4 0.230585 1.59709
7.6 0.230585 1.59709 7.8 0.230585 1.59709 8 0.230585 1.59709 8.2
0.230585 1.59709 8.4 0.230585 1.59709 8.6 0.230585 1.59709 8.8 0.230585
1.59709 9 0.230585 1.59709 9.2 0.230585 1.59709 9.4 0.230585 1.59709
9.6 0.230585 1.59709 9.8 0.230585 1.59709 10 0.230585 1.59709 10.2
0.230585 1.59709 10.4 0.230585 1.59709 10.6 0.230585 1.59709 10.8 0.230585
1.59709 11 0.230585 1.59709 11.2 0.230585 1.59709 11.4 0.230585 1.59709
11.6 0.230585 1.59709 11.8 0.230585 1.59709 12 0.230585 1.59709 12.2
0.230585 1.59709 12.4 0.230585 1.59709 12.6 0.230585 1.59709 12.8 0.230585
1.59709 13 0.230585 1.59709 13.2 0.230585 1.59709 13.4 0.230585 1.59709
13.6 0.230585 1.59709 13.8 0.230585 1.59709 14 0.230585 1.59709 14.2
0.230585 1.59709 14.4 0.230585 1.59709 14.6 0.230585 1.59709 14.8 0.230585
1.59709 15 0.230585 1.59709 15.2 0.230585 1.59709 15.4 0.230585 1.59709
15.6 0.230585 1.59709 15.8 0.230585 1.59709 16 0.230585 1.59709 16.2
0.230585 1.59709 16.4 0.230585 1.59709 16.6 0.230585 1.59709 16.8 0.230585
1.59709 17 0.230585 1.59709 17.2 0.230585 1.59709 17.4 0.230585 1.59709
17.6 0.230585 1.59709 17.8 0.230585 1.59709 18 0.230585 1.59709 18.2
0.230585 1.59709 18.4 0.230585 1.59709 18.6 0.230585 1.59709 18.8 0.230585
1.59709 19 0.230585 1.59709 19.2 0.230585 1.59709 19.4 0.230585 1.59709
19.6 0.230585 1.59709 19.8 0.230585 1.59709 20 0.230585 1.59709 20.2
0.230585 1.59709 20.4 0.230585 1.59709 20.6 0.230585 1.59709 20.8 0.230585
1.59709 21 0.230585 1.59709 21.2 0.230585 1.59709 21.4 0.230585 1.59709
21.6 0.230585 1.59709 21.8 0.230585 1.59709 22 0.230585 1.59709 22.2
0.230585 1.59709 22.4 0.230585 1.59709 22.6 0.230585 1.59709 22.8 0.230585
1.59709 23 0.230585 1.59709 23.2 0.230585 1.59709 23.4 0.230585 1.59709
23.6 0.230585 1.59709 23.8 0.230585 1.59709 24 0.230585 1.59709 24.2
0.230585 1.59709 24.4 0.230585 1.59709 24.6 0.230585 1.59709 24.8 0.230585
1.59709 25 0.230585 1.59709 25.2 0.230585 1.59709 25.4 0.230585 1.59709
25.6 0.230585 1.59709 25.8 0.230585 1.59709 26 0.230585 1.59709 26.2
0.230585 1.59709 26.4 0.230585 1.59709 26.6 0.230585 1.59709 26.8 0.230585
1.59709 27 0.230585 1.59709 27.2 0.230585 1.59709 27.4 0.230585 1.59709
27.6 0.230585 1.59709 27.8 0.230585 1.59709 28 0.230585 1.59709 28.2
0.230585 1.59709 28.4 0.230585 1.59709 28.6 0.230585 1.59709 28.8 0.230585
1.59709 29 0.230585 1.59709 29.2 0.230585 1.59709 29.4 0.230585 1.59709
29.6 0.230585 1.59709 29.8 0.230585 1.59709 30 0.230585 1.59709 -10
0.117284 1.48125 -9.8 0.117284 1.48125 -9.6 0.117284 1.48125 -9.4 0.117284
1.48125 -9.2 0.117284 1.48125 -9 0.117284 1.48125 -8.8 0.117284 1.48125
-8.6 0.117284 1.48125 -8.4 0.117284 1.48125 -8.2 0.117284 1.48125 -8
0.117284 1.48125 -7.8 0.117284 1.48125 -7.6 0.117284 1.48125 -7.4 0.117284
1.48125 -7.2 0.117284 1.48125 -7 0.117284 1.48125 -6.8 0.117284 1.48125
-6.6 0.117284 1.48125 -6.4 0.117284 1.48125 -6.2 0.117284 1.48125 -6
0.117284 1.48125 -5.8 0.117284 1.48125 -5.6 0.117284 1.48125 -5.4 0.117284
1.48125 -5.2 0.117284 1.48125 -5 0.117284 1.48125 -4.8 0.117284 1.48125
-4.6 0.117284 1.48125 -4.4 0.117284 1.48125 -4.2 0.117284 1.48125 -4
0.117284 1.48125 -3.8 0.117284 1.48125 -3.6 0.117284 1.48125 -3.4 0.117284
1.48125 -3.2 0.117284 1.48125 -3 0.117284 1.48125 -2.8 0.117284 1.48125
-2.6 0.117284 1.48125 -2.4 0.117284 1.48125 -2.2 0.117284 1.48125 -2
0.117284 1.48125 -1.8 0.117284 1.48125 -1.6 0.117284 1.48125 -1.4 0.117284
1.48125 -1.2 0.117284 1.48125 -1 0.117284 1.48125 -0.8 0.117284 1.48125
-0.6 0.117284 1.48125 -0.4 0.117284 1.48125 -0.2 0.117284 1.48125 0
0.117284 1.48125 0.2 0.117284 1.48125 0.4 0.117284 1.48125 0.6 0.117284
1.48125 0.8 0.117284 1.48125 1 0.117284 1.48125 1.2 0.117284 1.48125
1.4 0.117284 1.48125 1.6 0.117284 1.48125 1.8 0.117284 1.48125 2
0.117284 1.48125 2.2 0.117284 1.48125 2.4 0.117284 1.48125 2.6 0.117284
1.48125 2.8 0.117284 1.48125 3 0.117284 1.48125 3.2 0.117284 1.48125
3.4 0.117284 1.48125 3.6 0.117284 1.48125 3.8 0.117284 1.48125 4
0.117284 1.48125 4.0138 0.117284 1.48125 4.02759 0.117284 1.48125 4.04139 0.117284
1.48125 4.05519 0.117284 1.48125 4.06899 0.117284 1.48125 4.25519 0.117284 1.48125
4.44139 0.117284 1.48125 4.62759 0.117284 1.48125 4.8138 0.117284 1.48125 5
0.117284 1.48125 5.2 0.117284 1.48125 5.4 0.117284 1.48125 5.6 0.117284
1.48125 5.8 0.117284 1.48125 6 0.117284 1.48125 6.2 0.117284 1.48125
6.4 0.117284 1.48125 6.6 0.117284 1.48125 6.8 0.117284 1.48125 7
0.117284 1.48125 7.2 0.117284 1.48125 7.4 0.117284 1.48125 7.6 0.117284
1.48125 7.8 0.117284 1.48125 8 0.117284 1.48125 8.2 0.117284 1.48125
8.4 0.117284 1.48125 8.6 0.117284 1.48125 8.8 0.117284 1.48125 9
0.117284 1.48125 9.2 0.117284 1.48125 9.4 0.117284 1.48125 9.6 0.117284
1.48125 9.8 0.117284 1.48125 10 0.117284 1.48125 10.2 0.117284 1.48125
10.4 0.117284 1.48125 10.6 0.117284 1.48125 10.8 0.117284 1.48125 11
0.117284 1.48125 11.2 0.117284 1.48125 11.4 0.117284 1.48125 11.6 0.117284
1.48125 11.8 0.117284 1.48125 12 0.117284 1.48125 12.2 0.117284 1.48125
12.4 0.117284 1.48125 12.6 0.117284 1.48125 12.8 0.117284 1.48125 13
0.117284 1.48125 13.2 0.117284 1.48125 13.4 0.117284 1.48125 13.6 0.117284
1.48125 13.8 0.117284 1.48125 14 0.117284 1.48125 14.2 0.117284 1.48125
14.4 0.117284 1.48125 14.6 0.117284 1.48125 14.8 0.117284 1.48125 15
0.117284 1.48125 15.2 0.117284 1.48125 15.4 0.117284 1.48125 15.6 0.117284
1.48125 15.8 0.117284 1.48125 16 0.117284 1.48125 16.2 0.117284 1.48125
16.4 0.117284 1.48125 16.6 0.117284 1.48125 16.8 0.117284 1.48125 17
0.117284 1.48125 17.2 0.117284 1.48125 17.4 0.117284 1.48125 17.6 0.117284
1.48125 17.8 0.117284 1.48125 18 0.117284 1.48125 18.2 0.117284 1.48125
18.4 0.117284 1.48125 18.6 0.117284 1.48125 18.8 0.117284 1.48125 19
0.117284 1.48125 19.2 0.117284 1.48125 19.4 0.117284 1.48125 19.6 0.117284
1.48125 19.8 0.117284 1.48125 20 0.117284 1.48125 20.2 0.117284 1.48125
20.4 0.117284 1.48125 20.6 0.117284 1.48125 20.8 0.117284 1.48125 21
0.117284 1.48125 21.2 0.117284 1.48125 21.4 0.117284 1.48125 21.6 0.117284
1.48125 21.8 0.117284 1.48125 22 0.117284 1.48125 22.2 0.117284 1.48125
22.4 0.117284 1.48125 22.6 0.117284 1.48125 22.8 0.117284 1.48125 23
0.117284 1.48125 23.2 0.117284 1.48125 23.4 0.117284 1.48125 23.6 0.117284
1.48125 23.8 0.117284 1.48125 24 0.117284 1.48125 24.2 0.117284 1.48125
24.4 0.117284 1.48125 24.6 0.117284 1.48125 24.8 0.117284 1.48125 25
0.117284 1.48125 25.2 0.117284 1.48125 25.4 0.117284 1.48125 25.6 0.117284
1.48125 25.8 0.117284 1.48125 26 0.117284 1.48125 26.2 0.117284 1.48125
26.4 0.117284 1.48125 26.6 0.117284 1.48125 26.8 0.117284 1.48125 27
0.117284 1.48125 27.2 0.117284 1.48125 27.4 0.117284 1.48125 27.6 0.117284
1.48125 27.8 0.117284 1.48125 28 0.117284 1.48125 28.2 0.117284 1.48125
28.4 0.117284 1.48125 28.6 0.117284 1.48125 28.8 0.117284 1.48125 29
0.117284 1.48125 29.2 0.117284 1.48125 29.4 0.117284 1.48125 29.6 0.117284
1.48125 29.8 0.117284 1.48125 30 0.117284 1.48125 -10 0.102702 0.641188
-9.8 0.102702 0.641188 -9.6 0.102702 0.641188 -9.4 0.102702 0.641188 -9.2
0.102702 0.641188 -9 0.102702 0.641188 -8.8 0.102702 0.641188 -8.6 0.102702
0.641188 -8.4 0.102702 0.641188 -8.2 0.102702 0.641188 -8 0.102702 0.641188
-7.8 0.102702 0.641188 -7.6 0.102702 0.641188 -7.4 0.102702 0.641188 -7.2
0.102702 0.641188 -7 0.102702 0.641188 -6.8 0.102702 0.641188 -6.6 0.102702
0.641188 -6.4 0.102702 0.641188 -6.2 0.102702 0.641188 -6 0.102702 0.641188
-5.8 0.102702 0.641188 -5.6 0.102702 0.641188 -5.4 0.102702 0.641188 -5.2
0.102702 0.641188 -5 0.102702 0.641188 -4.8 0.102702 0.641188 -4.6 0.102702
0.641188 -4.4 0.102702 0.641188 -4.2 0.102702 0.641188 -4 0.102702 0.641188
-3.8 0.102702 0.641188 -3.6 0.102702 0.641188 -3.4 0.102702 0.641188 -3.2
0.102702 0.641188 -3 0.102702 0.641188 -2.8 0.102702 0.641188 -2.6 0.102702
0.641188 -2.4 0.102702 0.641188 -2.2 0.102702 0.641188 -2 0.102702 0.641188
-1.8 0.102702 0.641188 -1.6 0.102702 0.641188 -1.4 0.102702 0.641188 -1.2
0.102702 0.641188 -1 0.102702 0.641188 -0.8 0.102702 0.641188 -0.6 0.102702
0.641188 -0.4 0.102702 0.641188 -0.2 0.102702 0.641188 0 0.102702 0.641188
0.2 0.102702 0.641188 0.4 0.102702 0.641188 0.6 0.102702 0.641188 0.8
0.102702 0.641188 1 0.102702 0.641188 1.2 0.102702 0.641188 1.4 0.102702
0.641188 1.6 0.102702 0.641188 1.8 0.102702 0.641188 2 0.102702 0.641188
2.2 0.102702 0.641188 2.4 0.102702 0.641188 2.6 0.102702 0.641188 2.8
0.102702 0.641188 3 0.102702 0.641188 3.15988 0.102702 0.641188 3.31975 0.102702
0.641188 3.47963 0.102702 0.641188 3.6395 0.102702 0.641188 3.79938 0.102702 0.641188
3.8395 0.102702 0.641188 3.87963 0.102702 0.641188 3.91975 0.102702 0.641188 3.95988
0.102702 0.641188 4 0.102702 0.641188 4.2 0.102702 0.641188 4.4 0.102702
0.641188 4.6 0.102702 0.641188 4.8 0.102702 0.641188 5 0.102702 0.641188
5.2 0.102702 0.641188 5.4 0.102702 0.641188 5.6 0.102702 0.641188 5.8
0.102702 0.641188 6 0.102702 0.641188 6.2 0.102702 0.641188 6.4 0.102702
0.641188 6.6 0.102702 0.641188 6.8 0.102702 0.641188 7 0.102702 0.641188
7.2 0.102702 0.641188 7.4 0.102702 0.641188 7.6 0.102702 0.641188 7.8
0.102702 0.641188 8 0.102702 0.641188 8.2 0.102702 0.641188 8.4 0.102702
0.641188 8.6 0.102702 0.641188 8.8 0.102702 0.641188 9 0.102702 0.641188
9.2 0.102702 0.641188 9.4 0.102702 0.641188 9.6 0.102702 0.641188 9.8
0.102702 0.641188 10 0.102702 0.641188 10.2 0.102702 0.641188 10.4 0.102702
0.641188 10.6 0.102702 0.641188 10.8 0.102702 0.641188 11 0.102702 0.641188
11.2 0.102702 0.641188 11.4 0.102702 0.641188 11.6 0.102702 0.641188 11.8
0.102702 0.641188 12 0.102702 0.641188 12.2 0.102702 0.641188 12.4 0.102702
0.641188 12.6 0.102702 0.641188 12.8 0.102702 0.641188 13 0.102702 0.641188
13.2 0.102702 0.641188 13.4 0.102702 0.641188 13.6 0.102702 0.641188 13.8
0.102702 0.641188 14 0.102702 0.641188 14.2 0.102702 0.641188 14.4 0.102702
0.641188 14.6 0.102702 0.641188 14.8 0.102702 0.641188 15 0.102702 0.641188
15.2 0.102702 0.641188 15.4 0.102702 0.641188 15.6 0.102702 0.641188 15.8
0.102702 0.641188 16 0.102702 0.641188 16.2 0.102702 0.641188 16.4 0.102702
0.641188 16.6 0.102702 0.641188 16.8 0.102702 0.641188 17 0.102702 0.641188
17.2 0.102702 0.641188 17.4 0.102702 0.641188 17.6 0.102702 0.641188 17.8
0.102702 0.641188 18 0.102702 0.641188 18.2 0.102702 0.641188 18.4 0.102702
0.641188 18.6 0.102702 0.641188 18.8 0.102702 0.641188 19 0.102702 0.641188
19.2 0.102702 0.641188 19.4 0.102702 0.641188 19.6 0.102702 0.641188 19.8
0.102702 0.641188 20 0.102702 0.641188 20.2 0.102702 0.641188 20.4 0.102702
0.641188 20.6 0.102702 0.641188 20.8 0.102702 0.641188 21 0.102702 0.641188
21.2 0.102702 0.641188 21.4 0.102702 0.641188 21.6 0.102702 0.641188 21.8
0.102702 0.641188 22 0.102702 0.641188 22.2 0.102702 0.641188 22.4 0.102702
0.641188 22.6 0.102702 0.641188 22.8 0.102702 0.641188 23 0.102702 0.641188
23.2 0.102702 0.641188 23.4 0.102702 0.641188 23.6 0.102702 0.641188 23.8
0.102702 0.641188 24 0.102702 0.641188 24.2 0.102702 0.641188 24.4 0.102702
0.641188 24.6 0.102702 0.641188 24.8 0.102702 0.641188 25 0.102702 0.641188
25.2 0.102702 0.641188 25.4 0.102702 0.641188 25.6 0.102702 0.641188 25.8
0.102702 0.641188 26 0.102702 0.641188 26.2 0.102702 0.641188 26.4 0.102702
0.641188 26.6 0.102702 0.641188 26.8 0.102702 0.641188 27 0.102702 0.641188
27.2 0.102702 0.641188 27.4 0.102702 0.641188 27.6 0.102702 0.641188 27.8
0.102702 0.641188 28 0.102702 0.641188 28.2 0.102702 0.641188 28.4 0.102702
0.641188 28.6 0.102702 0.641188 28.8 0.102702 0.641188 29 0.102702 0.641188
29.2 0.102702 0.641188 29.4 0.102702 0.641188 29.6 0.102702 0.641188 29.8
0.102702 0.641188 30 0.102702 0.641188 -10 0.414896 0.97204 -9.8 0.414896
0.97204 -9.6 0.414896 0.97204 -9.4 0.414896 0.97204 -9.2 0.414896 0.97204
-9 0.414896 0.97204 -8.8 0.414896 0.97204 -8.6 0.414896 0.97204 -8.4
0.414896 0.97204 -8.2 0.414896 0.97204 -8 0.414896 0.97204 -7.8 0.414896
0.97204 -7.6 0.414896 0.97204 -7.4 0.414896 0.97204 -7.2 0.414896 0.97204
-7 0.414896 0.97204 -6.8 0.414896 0.97204 -6.6 0.414896 0.97204 -6.4
0.414896 0.97204 -6.2 0.414896 0.97204 -6 0.414896 0.97204 -5.8 0.414896
0.97204 -5.6 0.414896 0.97204 -5.4 0.414896 0.97204 -5.2 0.414896 0.97204
-5 0.414896 0.97204 -4.8 0.414896 0.97204 -4.6 0.414896 0.97204 -4.4
0.414896 0.97204 -4.2 0.414896 0.97204 -4 0.414896 0.97204 -3.8 0.414896
0.97204 -3.6 0.414896 0.97204 -3.4 0.414896 0.97204 -3.2 0.414896 0.97204
-3 0.414896 0.97204 -2.8 0.414896 0.97204 -2.6 0.414896 0.97204 -2.4
0.414896 0.97204 -2.2 0.414896 0.97204 -2 0.414896 0.97204 -1.8 0.414896
0.97204 -1.6 0.414896 0.97204 -1.4 0.414896 0.97204 -1.2 0.414896 0.97204
-1 0.414896 0.97204 -0.8 0.414896 0.97204 -0.6 0.414896 0.97204 -0.4
0.414896 0.97204 -0.2 0.414896 0.97204 0 0.414896 0.97204 0.2 0.414896
0.97204 0.4 0.414896 0.97204 0.6 0.414896 0.97204 0.8 0.414896 0.97204
1 0.414896 0.97204 1.2 0.414896 0.97204 1.4 0.414896 0.97204 1.6
0.414896 0.97204 1.8 0.414896 0.97204 2 0.414896 0.97204 2.2 0.414896
0.97204 2.4 0.414896 0.97204 2.6 0.414896 0.97204 2.8 0.414896 0.97204
3 0.414896 0.97204 3.13259 0.414896 0.97204 3.26519 0.414896 0.97204 3.39778
0.414896 0.97204 3.53038 0.414896 0.97204 3.66297 0.414896 0.97204 3.73038 0.414896
0.97204 3.79778 0.414896 0.97204 3.86519 0.414896 0.97204 3.93259 0.414896 0.97204
4 0.414896 0.97204 4.2 0.414896 0.97204 4.4 0.414896 0.97204 4.6
0.414896 0.97204 4.8 0.414896 0.97204 5 0.414896 0.97204 5.2 0.414896
0.97204 5.4 0.414896 0.97204 5.6 0.414896 0.97204 5.8 0.414896 0.97204
6 0.414896 0.97204 6.2 0.414896 0.97204 6.4 0.414896 0.97204 6.6
0.414896 0.97204 6.8 0.414896 0.97204 7 0.414896 0.97204 7.2 0.414896
0.97204 7.4 0.414896 0.97204 7.6 0.414896 0.97204 7.8 0.414896 0.97204
8 0.414896 0.97204 8.2 0.414896 0.97204 8.4 0.414896 0.97204 8.6
0.414896 0.97204 8.8 0.414896 0.97204 9 0.414896 0.97204 9.2 0.414896
0.97204 9.4 0.414896 0.97204 9.6 0.414896 0.97204 9.8 0.414896 0.97204
10 0.414896 0.97204 10.2 0.414896 0.97204 10.4 0.414896 0.97204 10.6
0.414896 0.97204 10.8 0.414896 0.97204 11 0.414896 0.97204 11.2 0.414896
0.97204 11.4 0.414896 0.97204 11.6 0.414896 0.97204 11.8 0.414896 0.97204
12 0.414896 0.97204 12.2 0.414896 0.97204 12.4 0.414896 0.97204 12.6
0.414896 0.97204 12.8 0.414896 0.97204 13 0.414896 0.97204 13.2 0.414896
0.97204 13.4 0.414896 0.97204 13.6 0.414896 0.97204 13.8 0.414896 0.97204
14 0.414896 0.97204 14.2 0.414896 0.97204 14.4 0.414896 0.97204 14.6
0.414896 0.97204 14.8 0.414896 0.97204 15 0.414896 0.97204 15.2 0.414896
0.97204 15.4 0.414896 0.97204 15.6 0.414896 0.97204 15.8 0.414896 0.97204
16 0.414896 0.97204 16.2 0.414896 0.97204 16.4 0.414896 0.97204 16.6
0.414896 0.97204 16.8 0.414896 0.97204 17 0.414896 0.97204 17.2 0.414896
0.97204 17.4 0.414896 0.97204 17.6 0.414896 0.97204 17.8 0.414896 0.97204
18 0.414896 0.97204 18.2 0.414896 0.97204 18.4 0.414896 0.97204 18.6
0.414896 0.97204 18.8 0.414896 0.97204 19 0.414896 0.97204 19.2 0.414896
0.97204 19.4 0.414896 0.97204 19.6 0.414896 0.97204 19.8 0.414896 0.97204
20 0.414896 0.97204 20.2 0.414896 0.97204 20.4 0.414896 0.97204 20.6
0.414896 0.97204 20.8 0.414896 0.97204 21 0.414896 0.97204 21.2 0.414896
0.97204 21.4 0.414896 0.97204 21.6 0.414896 0.97204 21.8 0.414896 0.97204
22 0.414896 0.97204 22.2 0.414896 0.97204 22.4 0.414896 0.97204 22.6
0.414896 0.97204 22.8 0.414896 0.97204 23 0.414896 0.97204 23.2 0.414896
0.97204 23.4 0.414896 0.97204 23.6 0.414896 0.97204 23.8 0.414896 0.97204
24 0.414896 0.97204 24.2 0.414896 0.97204 24.4 0.414896 0.97204 24.6
0.414896 0.97204 24.8 0.414896 0.97204 25 0.414896 0.97204 25.2 0.414896
0.97204 25.4 0.414896 0.97204 25.6 0.414896 0.97204 25.8 0.414896 0.97204
26 0.414896 0.97204 26.2 0.414896 0.97204 26.4 0.414896 0.97204 26.6
0.414896 0.97204 26.8 0.414896 0.97204 27 0.414896 0.97204 27.2 0.414896
0.97204 27.4 0.414896 0.97204 27.6 0.414896 0.97204 27.8 0.414896 0.97204
28 0.414896 0.97204 28.2 0.414896 0.97204 28.4 0.414896 0.97204 28.6
0.414896 0.97204 28.8 0.414896 0.97204 29 0.414896 0.97204 29.2 0.414896
0.97204 29.4 0.414896 0.97204 29.6 0.414896 0.97204 29.8 0.414896 0.97204
30 0.414896 0.97204 -10 -0.470097 1.01158 -9.8 -0.470097 1.01158 -9.6
-0.470097 1.01158 -9.4 -0.470097 1.01158 -9.2 -0.470097 1.01158 -9 -0.470097
1.01158 -8.8 -0.470097 1.01158 -8.6 -0.470097 1.01158 -8.4 -0.470097 1.01158
-8.2 -0.470097 1.01158 -8 -0.470097 1.01158 -7.8 -0.470097 1.01158 -7.6
-0.470097 1.01158 -7.4 -0.470097 1.01158 -7.2 -0.470097 1.01158 -7 -0.470097
1.01158 -6.8 -0.470097 1.01158 -6.6 -0.470097 1.01158 -6.4 -0.470097 1.01158
-6.2 -0.470097 1.01158 -6 -0.470097 1.01158 -5.8 -0.470097 1.01158 -5.6
-0.470097 1.01158 -5.4 -0.470097 1.01158 -5.2 -0.470097 1.01158 -5 -0.470097
1.01158 -4.8 -0.470097 1.01158 -4.6 -0.470097 1.01158 -4.4 -0.470097 1.01158
-4.2 -0.470097 1.01158 -4 -0.470097 1.01158 -3.8 -0.470097 1.01158 -3.6
-0.470097 1.01158 -3.4 -0.470097 1.01158 -3.2 -0.470097 1.01158 -3 -0.470097
1.01158 -2.8 -0.470097 1.01158 -2.6 -0.470097 1.01158 -2.4 -0.470097 1.01158
-2.2 -0.470097 1.01158 -2 -0.470097 1.01158 -1.8 -0.470097 1.01158 -1.6
-0.470097 1.01158 -1.4 -0.470097 1.01158 -1.2 -0.470097 1.01158 -1 -0.470097
1.01158 -0.8 -0.470097 1.01158 -0.6 -0.470097 1.01158 -0.4 -0.470097 1.01158
-0.2 -0.470097 1.01158 -6.95883e-17 -0.470097 1.01158 0.2 -0.470097 1.01158 0.4
-0.470097 1.01158 0.6 -0.470097 1.01158 0.8 -0.470097 1.01158 1 -0.470097
1.01158 1.2 -0.470097 1.01158 1.4 -0.470097 1.01158 1.6 -0.470097 1.01158
1.8 -0.470097 1.01158 2 -0.470097 1.01158 2.2 -0.470097 1.01158 2.4
-0.470097 1.01158 2.6 -0.470097 1.01158 2.8 -0.470097 1.01158 3 -0.470097
1.01158 3.1411 -0.470097 1.01158 3.2822 -0.470097 1.01158 3.4233 -0.470097 1.01158
3.5644 -0.470097 1.01158 3.7055 -0.470097 1.01158 3.7644 -0.470097 1.01158 3.8233
-0.470097 1.01158 3.8822 -0.470097 1.01158 3.9411 -0.470097 1.01158 4 -0.470097
1.01158 4.2 -0.470097 1.01158 4.4 -0.470097 1.01158 4.6 -0.470097 1.01158
4.8 -0.470097 1.01158 5 -0.470097 1.01158 5.2 -0.470097 1.01158 5.4
-0.470097 1.01158 5.6 -0.470097 1.01158 5.8 -0.470097 1.01158 6 -0.470097
1.01158 6.2 -0.470097 1.01158 6.4 -0.470097 1.01158 6.6 -0.470097 1.01158
6.8 -0.470097 1.01158 7 -0.470097 1.01158 7.2 -0.470097 1.01158 7.4
-0.470097 1.01158 7.6 -0.470097 1.01158 7.8 -0.470097 1.01158 8 -0.470097
1.01158 8.2 -0.470097 1.01158 8.4 -0.470097 1.01158 8.6 -0.470097 1.01158
8.8 -0.470097 1.01158 9 -0.470097 1.01158 9.2 -0.470097 1.01158 9.4
-0.470097 1.01158 9.6 -0.470097 1.01158 9.8 -0.470097 1.01158 10 -0.470097
1.01158 10.2 -0.470097 1.01158 10.4 -0.470097 1.01158 10.6 -0.470097 1.01158
10.8 -0.470097 1.01158 11 -0.470097 1.01158 11.2 -0.470097 1.01158 11.4
-0.470097 1.01158 11.6 -0.470097 1.01158 11.8 -0.470097 1.01158 12 -0.470097
1.01158 12.2 -0.470097 1.01158 12.4 -0.470097 1.01158 12.6 -0.470097 1.01158
12.8 -0.470097 1.01158 13 -0.470097 1.01158 13.2 -0.470097 1.01158 13.4
-0.470097 1.01158 13.6 -0.470097 1.01158 13.8 -0.470097 1.01158 14 -0.470097
1.01158 14.2 -0.470097 1.01158 14.4 -0.470097 1.01158 14.6 -0.470097 1.01158
14.8 -0.470097 1.01158 15 -0.470097 1.01158 15.2 -0.470097 1.01158 15.4
-0.470097 1.01158 15.6 -0.470097 1.01158 15.8 -0.470097 1.01158 16 -0.470097
1.01158 16.2 -0.470097 1.01158 16.4 -0.470097 1.01158 16.6 -0.470097 1.01158
16.8 -0.470097 1.01158 17 -0.470097 1.01158 17.2 -0.470097 1.01158 17.4
-0.470097 1.01158 17.6 -0.470097 1.01158 17.8 -0.470097 1.01158 18 -0.470097
1.01158 18.2 -0.470097 1.01158 18.4 -0.470097 1.01158 18.6 -0.470097 1.01158
18.8 -0.470097 1.01158 19 -0.470097 1.01158 19.2 -0.470097 1.01158 19.4
-0.470097 1.01158 19.6 -0.470097 1.01158 19.8 -0.470097 1.01158 20 -0.470097
1.01158 20.2 -0.470097 1.01158 20.4 -0.470097 1.01158 20.6 -0.470097 1.01158
20.8 -0.470097 1.01158 21 -0.470097 1.01158 21.2 -0.470097 1.01158 21.4
-0.470097 1.01158 21.6 -0.470097 1.01158 21.8 -0.470097 1.01158 22 -0.470097
1.01158 22.2 -0.470097 1.01158 22.4 -0.470097 1.01158 22.6 -0.470097 1.01158
22.8 -0.470097 1.01158 23 -0.470097 1.01158 23.2 -0.470097 1.01158 23.4
-0.470097 1.01158 23.6 -0.470097 1.01158 23.8 -0.470097 1.01158 24 -0.470097
1.01158 24.2 -0.470097 1.01158 24.4 -0.470097 1.01158 24.6 -0.470097 1.01158
24.8 -0.470097 1.01158 25 -0.470097 1.01158 25.2 -0.470097 1.01158 25.4
-0.470097 1.01158 25.6 -0.470097 1.01158 25.8 -0.470097 1.01158 26 -0.470097
1.01158 26.2 -0.470097 1.01158 26.4 -0.470097 1.01158 26.6 -0.470097 1.01158
26.8 -0.470097 1.01158 27 -0.470097 1.01158 27.2 -0.470097 1.01158 27.4
-0.470097 1.01158 27.6 -0.470097 1.01158 27.8 -0.470097 1.01158 28 -0.470097
1.01158 28.2 -0.470097 1.01158 28.4 -0.470097 1.01158 28.6 -0.470097 1.01158
28.8 -0.470097 1.01158 29 -0.470097 1.01158 29.2 -0.470097 1.01158 29.4
-0.470097 1.01158 29.6 -0.470097 1.01158 29.8 -0.470097 1.01158 30 -0.470097
1.01158 -10 -0.00702951 0.954975 -9.8 -0.00702951 0.954975 -9.6 -0.00702951 0.954975
-9.4 -0.00702951 0.954975 -9.2 -0.00702951 0.954975 -9 -0.00702951 0.954975 -8.8
-0.00702951 0.954975 -8.6 -0.00702951 0.954975 -8.4 -0.00702951 0.954975 -8.2 -0.00702951
0.954975 -8 -0.00702951 0.954975 -7.8 -0.00702951 0.954975 -7.6 -0.00702951 0.954975
-7.4 -0.00702951 0.954975 -7.2 -0.00702951 0.954975 -7 -0.00702951 0.954975 -6.8
-0.00702951 0.954975 -6.6 -0.00702951 0.954975 -6.4 -0.00702951 0.954975 -6.2 -0.00702951
0.954975 -6 -0.00702951 0.954975 -5.8 -0.00702951 0.954975 -5.6 -0.00702951 0.954975
-5.4 -0.00702951 0.954975 -5.2 -0.00702951 0.954975 -5 -0.00702951 0.954975 -4.8
-0.00702951 0.954975 -4.6 -0.00702951 0.954975 -4.4 -0.00702951 0.954975 -4.2 -0.00702951
0.954975 -4 -0.00702951 0.954975 -3.8 -0.00702951 0.954975 -3.6 -0.00702951 0.954975
-3.4 -0.00702951 0.954975 -3.2 -0.00702951 0.954975 -3 -0.00702951 0.954975 -2.8
-0.00702951 0.954975 -2.6 -0.00702951 0.954975 -2.4 -0.00702951 0.954975 -2.2 -0.00702951
0.954975 -2 -0.00702951 0.954975 -1.8 -0.00702951 0.954975 -1.6 -0.00702951 0.954975
-1.4 -0.00702951 0.954975 -1.2 -0.00702951 0.954975 -1 -0.00702951 0.954975 -0.8
-0.00702951 0.954975 -0.6 -0.00702951 0.954975 -0.4 -0.00702951 0.954975 -0.2 -0.00702951
0.954975 -1.04058e-18 -0.00702951 0.954975 0.2 -0.00702951 0.954975 0.4 -0.00702951 0.954975
0.6 -0.00702951 0.954975 0.8 -0.00702951 0.954975 1 -0.00702951 0.954975 1.2
-0.00702951 0.954975 1.4 -0.00702951 0.954975 1.6 -0.00702951 0.954975 1.8 -0.00702951
0.954975 2 -0.00702951 0.954975 2.2 -0.00702951 0.954975 2.4 -0.00702951 0.954975
2.6 -0.00702951 0.954975 2.8 -0.00702951 0.954975 3 -0.00702951 0.954975 3.18906
-0.00702951 0.954975 3.37813 -0.00702951 0.954975 3.56719 -0.00702951 0.954975 3.75626 -0.00702951
0.954975 3.94532 -0.00702951 0.954975 3.95626 -0.00702951 0.954975 3.96719 -0.00702951 0.954975
3.97813 -0.00702951 0.954975 3.98906 -0.00702951 0.954975 4 -0.00702951 0.954975 4.2
-0.00702951 0.954975 4.4 -0.00702951 0.954975 4.6 -0.00702951 0.954975 4.8 -0.00702951
0.954975 5 -0.00702951 0.954975 5.2 -0.00702951 0.954975 5.4 -0.00702951 0.954975
5.6 -0.00702951 0.954975 5.8 -0.00702951 0.954975 6 -0.00702951 0.954975 6.2
-0.00702951 0.954975 6.4 -0.00702951 0.954975 6.6 -0.00702951 0.954975 6.8 -0.00702951
0.954975 7 -0.00702951 0.954975 7.2 -0.00702951 0.954975 7.4 -0.00702951 0.954975
7.6 -0.00702951 0.954975 7.8 -0.00702951 0.954975 8 -0.00702951 0.954975 8.2
-0.00702951 0.954975 8.4 -0.00702951 0.954975 8.6 -0.00702951 0.954975 8.8 -0.00702951
0.954975 9 -0.00702951 0.954975 9.2 -0.00702951 0.954975 9.4 -0.00702951 0.954975
9.6 -0.00702951 0.954975 9.8 -0.00702951 0.954975 10 -0.00702951 0.954975 10.2
-0.00702951 0.954975 10.4 -0.00702951 0.954975 10.6 -0.00702951 0.954975 10.8 -0.00702951
0.954975 11 -0.00702951 0.954975 11.2 -0.00702951 0.954975 11.4 -0.00702951 0.954975
11.6 -0.00702951 0.954975 11.8 -0.00702951 0.954975 12 -0.00702951 0.954975 12.2
-0.00702951 0.954975 12.4 -0.00702951 0.954975 12.6 -0.00702951 0.954975 12.8 -0.00702951
0.954975 13 -0.00702951 0.954975 13.2 -0.00702951 0.954975 13.4 -0.00702951 0.954975
13.6 -0.00702951 0.954975 13.8 -0.00702951 0.954975 14 -0.00702951 0.954975 14.2
-0.00702951 0.954975 14.4 -0.00702951 0.954975 14.6 -0.00702951 0.954975 14.8 -0.00702951
0.954975 15 -0.00702951 0.954975 15.2 -0.00702951 0.954975 15.4 -0.00702951 0.954975
15.6 -0.00702951 0.954975 15.8 -0.00702951 0.954975 16 -0.00702951 0.954975 16.2
-0.00702951 0.954975 16.4 -0.00702951 0.954975 16.6 -0.00702951 0.954975 16.8 -0.00702951
0.954975 17 -0.00702951 0.954975 17.2 -0.00702951 0.954975 17.4 -0.00702951 0.954975
17.6 -0.00702951 0.954975 17.8 -0.00702951 0.954975 18 -0.00702951 0.954975 18.2
-0.00702951 0.954975 18.4 -0.00702951 0.954975 18.6 -0.00702951 0.954975 18.8 -0.00702951
0.954975 19 -0.00702951 0.954975 19.2 -0.00702951 0.954975 19.4 -0.00702951 0.954975
19.6 -0.00702951 0.954975 19.8 -0.00702951 0.954975 20 -0.00702951 0.954975 20.2
-0.00702951 0.954975 20.4 -0.00702951 0.954975 20.6 -0.00702951 0.954975 20.8 -0.00702951
0.954975 21 -0.00702951 0.954975 21.2 -0.00702951 0.954975 21.4 -0.00702951 0.954975
21.6 -0.00702951 0.954975 21.8 -0.00702951 0.954975 22 -0.00702951 0.954975 22.2
-0.00702951 0.954975 22.4 -0.00702951 0.954975 22.6 -0.00702951 0.954975 22.8 -0.00702951
0.954975 23 -0.00702951 0.954975 23.2 -0.00702951 0.954975 23.4 -0.00702951 0.954975
23.6 -0.00702951 0.954975 23.8 -0.00702951 0.954975 24 -0.00702951 0.954975 24.2
-0.00702951 0.954975 24.4 -0.00702951 0.954975 24.6 -0.00702951 0.954975 24.8 -0.00702951
0.954975 25 -0.00702951 0.954975 25.2 -0.00702951 0.954975 25.4 -0.00702951 0.954975
25.6 -0.00702951 0.954975 25.8 -0.00702951 0.954975 26 -0.00702951 0.954975 26.2
-0.00702951 0.954975 26.4 -0.00702951 0.954975 26.6 -0.00702951 0.954975 26.8 -0.00702951
0.954975 27 -0.00702951 0.954975 27.2 -0.00702951 0.954975 27.4 -0.00702951 0.954975
27.6 -0.00702951 0.954975 27.8 -0.00702951 0.954975 28 -0.00702951 0.954975 28.2
-0.00702951 0.954975 28.4 -0.00702951 0.954975 28.6 -0.00702951 0.954975 28.8 -0.00702951
0.954975 29 -0.00702951 0.954975 29.2 -0.00702951 0.954975 29.4 -0.00702951 0.954975
29.6 -0.00702951 0.954975 29.8 -0.00702951 0.954975 30 -0.00702951 0.954975 -10
-0.152256 0.832423 -9.8 -0.152256 0.832423 -9.6 -0.152256 0.832423 -9.4 -0.152256
0.832423 -9.2 -0.152256 0.832423 -9 -0.152256 0.832423 -8.8 -0.152256 0.832423
-8.6 -0.152256 0.832423 -8.4 -0.152256 0.832423 -8.2 -0.152256 0.832423 -8
-0.152256 0.832423 -7.8 -0.152256 0.832423 -7.6 -0.152256 0.832423 -7.4 -0.152256
0.832423 -7.2 -0.152256 0.832423 -7 -0.152256 0.832423 -6.8 -0.152256 0.832423
-6.6 -0.152256 0.832423 -6.4 -0.152256 0.832423 -6.2 -0.152256 0.832423 -6
-0.152256 0.832423 -5.8 -0.152256 0.832423 -5.6 -0.152256 0.832423 -5.4 -0.152256
0.832423 -5.2 -0.152256 0.832423 -5 -0.152256 0.832423 -4.8 -0.152256 0.832423
-4.6 -0.152256 0.832423 -4.4 -0.152256 0.832423 -4.2 -0.152256 0.832423 -4
-0.152256 0.832423 -3.8 -0.152256 0.832423 -3.6 -0.152256 0.832423 -3.4 -0.152256
0.832423 -3.2 -0.152256 0.832423 -3 -0.152256 0.832423 -2.8 -0.152256 0.832423
-2.6 -0.152256 0.832423 -2.4 -0.152256 0.832423 -2.2 -0.152256 0.832423 -2
-0.152256 0.832423 -1.8 -0.152256 0.832423 -1.6 -0.152256 0.832423 -1.4 -0.152256
0.832423 -1.2 -0.152256 0.832423 -1 -0.152256 0.832423 -0.8 -0.152256 0.832423
-0.6 -0.152256 0.832423 -0.4 -0.152256 0.832423 -0.2 -0.152256 0.832423 -2.25384e-17
-0.152256 0.832423 0.2 -0.152256 0.832423 0.4 -0.152256 0.832423 0.6 -0.152256
0.832423 0.8 -0.152256 0.832423 1 -0.152256 0.832423 1.2 -0.152256 0.832423
1.4 -0.152256 0.832423 1.6 -0.152256 0.832423 1.8 -0.152256 0.832423 2
-0.152256 0.832423 2.2 -0.152256 0.832423 2.4 -0.152256 0.832423 2.6 -0.152256
0.832423 2.8 -0.152256 0.832423 3 -0.152256 0.832423 3.16338 -0.152256 0.832423
3.32676 -0.152256 0.832423 3.49015 -0.152256 0.832423 3.65353 -0.152256 0.832423 3.81691
-0.152256 0.832423 3.85353 -0.152256 0.832423 3.89015 -0.152256 0.832423 3.92676 -0.152256
0.832423 3.96338 -0.152256 0.832423 4 -0.152256 0.832423 4.2 -0.152256 0.832423
4.4 -0.152256 0.832423 4.6 -0.152256 0.832423 4.8 -0.152256 0.832423 5
-0.152256 0.832423 5.2 -0.152256 0.832423 5.4 -0.152256 0.832423 5.6 -0.152256
0.832423 5.8 -0.152256 0.832423 6 -0.152256 0.832423 6.2 -0.152256 0.832423
6.4 -0.152256 0.832423 6.6 -0.152256 0.832423 6.8 -0.152256 0.832423 7
-0.152256 0.832423 7.2 -0.152256 0.832423 7.4 -0.152256 0.832423 7.6 -0.152256
0.832423 7.8 -0.152256 0.832423 8 -0.152256 0.832423 8.2 -0.152256 0.832423
8.4 -0.152256 0.832423 8.6 -0.152256 0.832423 8.8 -0.152256 0.832423 9
-0.152256 0.832423 9.2 -0.152256 0.832423 9.4 -0.152256 0.832423 9.6 -0.152256
0.832423 9.8 -0.152256 0.832423 10 -0.152256 0.832423 10.2 -0.152256 0.832423
10.4 -0.152256 0.832423 10.6 -0.152256 0.832423 10.8 -0.152256 0.832423 11
-0.152256 0.832423 11.2 -0.152256 0.832423 11.4 -0.152256 0.832423 11.6 -0.152256
0.832423 11.8 -0.152256 0.832423 12 -0.152256 0.832423 12.2 -0.152256 0.832423
12.4 -0.152256 0.832423 12.6 -0.152256 0.832423 12.8 -0.152256 0.832423 13
-0.152256 0.832423 13.2 -0.152256 0.832423 13.4 -0.152256 0.832423 13.6 -0.152256
0.832423 13.8 -0.152256 0.832423 14 -0.152256 0.832423 14.2 -0.152256 0.832423
14.4 -0.152256 0.832423 14.6 -0.152256 0.832423 14.8 -0.152256 0.832423 15
-0.152256 0.832423 15.2 -0.152256 0.832423 15.4 -0.152256 0.832423 15.6 -0.152256
0.832423 15.8 -0.152256 0.832423 16 -0.152256 0.832423 16.2 -0.152256 0.832423
16.4 -0.152256 0.832423 16.6 -0.152256 0.832423 16.8 -0.152256 0.832423 17
-0.152256 0.832423 17.2 -0.152256 0.832423 17.4 -0.152256 0.832423 17.6 -0.152256
0.832423 17.8 -0.152256 0.832423 18 -0.152256 0.832423 18.2 -0.152256 0.832423
18.4 -0.152256 0.832423 18.6 -0.152256 0.832423 18.8 -0.152256 0.832423 19
-0.152256 0.832423 19.2 -0.152256 0.832423 19.4 -0.152256 0.832423 19.6 -0.152256
0.832423 19.8 -0.152256 0.832423 20 -0.152256 0.832423 20.2 -0.152256 0.832423
20.4 -0.152256 0.832423 20.6 -0.152256 0.832423 20.8 -0.152256 0.832423 21
-0.152256 0.832423 21.2 -0.152256 0.832423 21.4 -0.152256 0.832423 21.6 -0.152256
0.832423 21.8 -0.152256 0.832423 22 -0.152256 0.832423 22.2 -0.152256 0.832423
22.4 -0.152256 0.832423 22.6 -0.152256 0.832423 22.8 -0.152256 0.832423 23
-0.152256 0.832423 23.2 -0.152256 0.832423 23.4 -0.152256 0.832423 23.6 -0.152256
0.832423 23.8 -0.152256 0.832423 24 -0.152256 0.832423 24.2 -0.152256 0.832423
24.4 -0.152256 0.832423 24.6 -0.152256 0.832423 24.8 -0.152256 0.832423 25
-0.152256 0.832423 25.2 -0.152256 0.832423 25.4 -0.152256 0.832423 25.6 -0.152256
0.832423 25.8 -0.152256 0.832423 26 -0.152256 0.832423 26.2 -0.152256 0.832423
26.4 -0.152256 0.832423 26.6 -0.152256 0.832423 26.8 -0.152256 0.832423 27
-0.152256 0.832423 27.2 -0.152256 0.832423 27.4 -0.152256 0.832423 27.6 -0.152256
0.832423 27.8 -0.152256 0.832423 28 -0.152256 0.832423 28.2 -0.152256 0.832423
28.4 -0.152256 0.832423 28.6 -0.152256 0.832423 28.8 -0.152256 0.832423 29
-0.152256 0.832423 29.2 -0.152256 0.832423 29.4 -0.152256 0.832423 29.6 -0.152256
0.832423 29.8 -0.152256 0.832423 30 -0.152256 0.832423 -10 -0.630517 0.207671
-9.8 -0.630517 0.207671 -9.6 -0.630517 0.207671 -9.4 -0.630517 0.207671 -9.2
-0.630517 0.207671 -9 -0.630517 0.207671 -8.8 -0.630517 0.207671 -8.6 -0.630517
0.207671 -8.4 -0.630517 0.207671 -8.2 -0.630517 0.207671 -8 -0.630517 0.207671
-7.8 -0.630517 0.207671 -7.6 -0.630517 0.207671 -7.4 -0.630517 0.207671 -7.2
-0.630517 0.207671 -7 -0.630517 0.207671 -6.8 -0.630517 0.207671 -6.6 -0.630517
0.207671 -6.4 -0.630517 0.207671 -6.2 -0.630517 0.207671 -6 -0.630517 0.207671
-5.8 -0.630517 0.207671 -5.6 -0.630517 0.207671 -5.4 -0.630517 0.207671 -5.2
-0.630517 0.207671 -5 -0.630517 0.207671 -4.8 -0.630517 0.207671 -4.6 -0.630517
0.207671 -4.4 -0.630517 0.207671 -4.2 -0.630517 0.207671 -4 -0.630517 0.207671
-3.8 -0.630517 0.207671 -3.6 -0.630517 0.207671 -3.4 -0.630517 0.207671 -3.2
-0.630517 0.207671 -3 -0.630517 0.207671 -2.8 -0.630517 0.207671 -2.6 -0.630517
0.207671 -2.4 -0.630517 0.207671 -2.2 -0.630517 0.207671 -2 -0.630517 0.207671
-1.8 -0.630517 0.207671 -1.6 -0.630517 0.207671 -1.4 -0.630517 0.207671 -1.2
-0.630517 0.207671 -1 -0.630517 0.207671 -0.8 -0.630517 0.207671 -0.6 -0.630517
0.207671 -0.4 -0.630517 0.207671 -0.2 -0.630517 0.207671 -9.33352e-17 -0.630517 0.207671
0.2 -0.630517 0.207671 0.4 -0.630517 0.207671 0.6 -0.630517 0.207671 0.8
-0.630517 0.207671 1 -0.630517 0.207671 1.2 -0.630517 0.207671 1.4 -0.630517
0.207671 1.6 -0.630517 0.207671 1.8 -0.630517 0.207671 2 -0.630517 0.207671
2.2 -0.630517 0.207671 2.4 -0.630517 0.207671 2.6 -0.630517 0.207671 2.8
-0.630517 0.207671 3 -0.630517 0.207671 3.2 -0.630517 0.207671 3.4 -0.630517
0.207671 3.6 -0.630517 0.207671 3.8 -0.630517 0.207671 4 -0.630517 0.207671
4.11281 -0.630517 0.207671 4.22562 -0.630517 0.207671 4.33843 -0.630517 0.207671 4.45124
-0.630517 0.207671 4.56405 -0.630517 0.207671 4.65124 -0.630517 0.207671 4.73843 -0.630517
0.207671 4.82562 -0.630517 0.207671 4.91281 -0.630517 0.207671 5 -0.630517 0.207671
5.2 -0.630517 0.207671 5.4 -0.630517 0.207671 5.6 -0.630517 0.207671 5.8
-0.630517 0.207671 6 -0.630517 0.207671 6.2 -0.630517 0.207671 6.4 -0.630517
0.207671 6.6 -0.630517 0.207671 6.8 -0.630517 0.207671 7 -0.630517 0.207671
7.2 -0.630517 0.207671 7.4 -0.630517 0.207671 7.6 -0.630517 0.207671 7.8
-0.630517 0.207671 8 -0.630517 0.207671 8.2 -0.630517 0.207671 8.4 -0.630517
0.207671 8.6 -0.630517 0.207671 8.8 -0.630517 0.207671 9 -0.630517 0.207671
9.2 -0.630517 0.207671 9.4 -0.630517 0.207671 9.6 -0.630517 0.207671 9.8
-0.630517 0.207671 10 -0.630517 0.207671 10.2 -0.630517 0.207671 10.4 -0.630517
0.207671 10.6 -0.630517 0.207671 10.8 -0.630517 0.207671 11 -0.630517 0.207671
11.2 -0.630517 0.207671 11.4 -0.630517 0.207671 11.6 -0.630517 0.207671 11.8
-0.630517 0.207671 12 -0.630517 0.207671 12.2 -0.630517 0.207671 12.4 -0.630517
0.207671 12.6 -0.630517 0.207671 12.8 -0.630517 0.207671 13 -0.630517 0.207671
13.2 -0.630517 0.207671 13.4 -0.630517 0.207671 13.6 -0.630517 0.207671 13.8
-0.630517 0.207671 14 -0.630517 0.207671 14.2 -0.630517 0.207671 14.4 -0.630517
0.207671 14.6 -0.630517 0.207671 14.8 -0.630517 0.207671 15 -0.630517 0.207671
15.2 -0.630517 0.207671 15.4 -0.630517 0.207671 15.6 -0.630517 0.207671 15.8
-0.630517 0.207671 16 -0.630517 0.207671 16.2 -0.630517 0.207671 16.4 -0.630517
0.207671 16.6 -0.630517 0.207671 16.8 -0.630517 0.207671 17 -0.630517 0.207671
17.2 -0.630517 0.207671 17.4 -0.630517 0.207671 17.6 -0.630517 0.207671 17.8
-0.630517 0.207671 18 -0.630517 0.207671 18.2 -0.630517 0.207671 18.4 -0.630517
0.207671 18.6 -0.630517 0.207671 18.8 -0.630517 0.207671 19 -0.630517 0.207671
19.2 -0.630517 0.207671 19.4 -0.630517 0.207671 19.6 -0.630517 0.207671 19.8
-0.630517 0.207671 20 -0.630517 0.207671 20.2 -0.630517 0.207671 20.4 -0.630517
0.207671 20.6 -0.630517 0.207671 20.8 -0.630517 0.207671 21 -0.630517 0.207671
21.2 -0.630517 0.207671 21.4 -0.630517 0.207671 21.6 -0.630517 0.207671 21.8
-0.630517 0.207671 22 -0.630517 0.207671 22.2 -0.630517 0.207671 22.4 -0.630517
0.207671 22.6 -0.630517 0.207671 22.8 -0.630517 0.207671 23 -0.630517 0.207671
23.2 -0.630517 0.207671 23.4 -0.630517 0.207671 23.6 -0.630517 0.207671 23.8
-0.630517 0.207671 24 -0.630517 0.207671 24.2 -0.630517 0.207671 24.4 -0.630517
0.207671 24.6 -0.630517 0.207671 24.8 -0.630517 0.207671 25 -0.630517 0.207671
25.2 -0.630517 0.207671 25.4 -0.630517 0.207671 25.6 -0.630517 0.207671 25.8
-0.630517 0.207671 26 -0.630517 0.207671 26.2 -0.630517 0.207671 26.4 -0.630517
0.207671 26.6 -0.630517 0.207671 26.8 -0.630517 0.207671 27 -0.630517 0.207671
27.2 -0.630517 0.207671 27.4 -0.630517 0.207671 27.6 -0.630517 0.207671 27.8
-0.630517 0.207671 28 -0.630517 0.207671 28.2 -0.630517 0.207671 28.4 -0.630517
0.207671 28.6 -0.630517 0.207671 28.8 -0.630517 0.207671 29 -0.630517 0.207671
29.2 -0.630517 0.207671 29.4 -0.630517 0.207671 29.6 -0.630517 0.207671 29.8
-0.630517 0.207671 30 -0.630517 0.207671 -10 0.492095 1.36145 -9.8 0.492095
1.36145 -9.6 0.492095 1.36145 -9.4 0.492095 1.36145 -9.2 0.492095 1.36145
-9 0.492095 1.36145 -8.8 0.492095 1.36145 -8.6 0.492095 1.36145 -8.4
0.492095 1.36145 -8.2 0.492095 1.36145 -8 0.492095 1.36145 -7.8 0.492095
1.36145 -7.6 0.492095 1.36145 -7.4 0.492095 1.36145 -7.2 0.492095 1.36145
-7 0.492095 1.36145 -6.8 0.492095 1.36145 -6.6 0.492095 1.36145 -6.4
0.492095 1.36145 -6.2 0.492095 1.36145 -6 0.492095 1.36145 -5.8 0.492095
1.36145 -5.6 0.492095 1.36145 -5.4 0.492095 1.36145 -5.2 0.492095 1.36145
-5 0.492095 1.36145 -4.8 0.492095 1.36145 -4.6 0.492095 1.36145 -4.4
0.492095 1.36145 -4.2 0.492095 1.36145 -4 0.492095 1.36145 -3.8 0.492095
1.36145 -3.6 0.492095 1.36145 -3.4 0.492095 1.36145 -3.2 0.492095 1.36145
-3 0.492095 1.36145 -2.8 0.492095 1.36145 -2.6 0.492095 1.36145 -2.4
0.492095 1.36145 -2.2 0.492095 1.36145 -2 0.492095 1.36145 -1.8 0.492095
1.36145 -1.6 0.492095 1.36145 -1.4 0.492095 1.36145 -1.2 0.492095 1.36145
-1 0.492095 1.36145 -0.8 0.492095 1.36145 -0.6 0.492095 1.36145 -0.4
0.492095 1.36145 -0.2 0.492095 1.36145 0 0.492095 1.36145 0.2 0.492095
1.36145 0.4 0.492095 1.36145 0.6 0.492095 1.36145 0.8 0.492095 1.36145
1 0.492095 1.36145 1.2 0.492095 1.36145 1.4 0.492095 1.36145 1.6
0.492095 1.36145 1.8 0.492095 1.36145 2 0.492095 1.36145 2.2 0.492095
1.36145 2.4 0.492095 1.36145 2.6 0.492095 1.36145 2.8 0.492095 1.36145
3 0.492095 1.36145 3.2 0.492095 1.36145 3.4 0.492095 1.36145 3.6
0.492095 1.36145 3.8 0.492095 1.36145 4 0.492095 1.36145 4.02605 0.492095
1.36145 4.05211 0.492095 1.36145 4.07816 0.492095 1.36145 4.10422 0.492095 1.36145
4.13027 0.492095 1.36145 4.30422 0.492095 1.36145 4.47816 0.492095 1.36145 4.65211
0.492095 1.36145 4.82605 0.492095 1.36145 5 0.492095 1.36145 5.2 0.492095
1.36145 5.4 0.492095 1.36145 5.6 0.492095 1.36145 5.8 0.492095 1.36145
6 0.492095 1.36145 6.2 0.492095 1.36145 6.4 0.492095 1.36145 6.6
0.492095 1.36145 6.8 0.492095 1.36145 7 0.492095 1.36145 7.2 0.492095
1.36145 7.4 0.492095 1.36145 7.6 0.492095 1.36145 7.8 0.492095 1.36145
8 0.492095 1.36145 8.2 0.492095 1.36145 8.4 0.492095 1.36145 8.6
0.492095 1.36145 8.8 0.492095 1.36145 9 0.492095 1.36145 9.2 0.492095
1.36145 9.4 0.492095 1.36145 9.6 0.492095 1.36145 9.8 0.492095 1.36145
10 0.492095 1.36145 10.2 0.492095 1.36145 10.4 0.492095 1.36145 10.6
0.492095 1.36145 10.8 0.492095 1.36145 11 0.492095 1.36145 11.2 0.492095
1.36145 11.4 0.492095 1.36145 11.6 0.492095 1.36145 11.8 0.492095 1.36145
12 0.492095 1.36145 12.2 0.492095 1.36145 12.4 0.492095 1.36145 12.6
0.492095 1.36145 12.8 0.492095 1.36145 13 0.492095 1.36145 13.2 0.492095
1.36145 13.4 0.492095 1.36145 13.6 0.492095 1.36145 13.8 0.492095 1.36145
14 0.492095 1.36145 14.2 0.492095 1.36145 14.4 0.492095 1.36145 14.6
0.492095 1.36145 14.8 0.492095 1.36145 15 0.492095 1.36145 15.2 0.492095
1.36145 15.4 0.492095 1.36145 15.6 0.492095 1.36145 15.8 0.492095 1.36145
16 0.492095 1.36145 16.2 0.492095 1.36145 16.4 0.492095 1.36145 16.6
0.492095 1.36145 16.8 0.492095 1.36145 17 0.492095 1.36145 17.2 0.492095
1.36145 17.4 0.492095 1.36145 17.6 0.492095 1.36145 17.8 0.492095 1.36145
18 0.492095 1.36145 18.2 0.492095 1.36145 18.4 0.492095 1.36145 18.6
0.492095 1.36145 18.8 0.492095 1.36145 19 0.492095 1.36145 19.2 0.492095
1.36145 19.4 0.492095 1.36145 19.6 0.492095 1.36145 19.8 0.492095 1.36145
20 0.492095 1.36145 20.2 0.492095 1.36145 20.4 0.492095 1.36145 20.6
0.492095 1.36145 20.8 0.492095 1.36145 21 0.492095 1.36145 21.2 0.492095
1.36145 21.4 0.492095 1.36145 21.6 0.492095 1.36145 21.8 0.492095 1.36145
22 0.492095 1.36145 22.2 0.492095 1.36145 22.4 0.492095 1.36145 22.6
0.492095 1.36145 22.8 0.492095 1.36145 23 0.492095 1.36145 23.2 0.492095
1.36145 23.4 0.492095 1.36145 23.6 0.492095 1.36145 23.8 0.492095 1.36145
24 0.492095 1.36145 24.2 0.492095 1.36145 24.4 0.492095 1.36145 24.6
0.492095 1.36145 24.8 0.492095 1.36145 25 0.492095 1.36145 25.2 0.492095
1.36145 25.4 0.492095 1.36145 25.6 0.492095 1.36145 25.8 0.492095 1.36145
26 0.492095 1.36145 26.2 0.492095 1.36145 26.4 0.492095 1.36145 26.6
0.492095 1.36145 26.8 0.492095 1.36145 27 0.492095 1.36145 27.2 0.492095
1.36145 27.4 0.492095 1.36145 27.6 0.492095 1.36145 27.8 0.492095 1.36145
28 0.492095 1.36145 28.2 0.492095 1.36145 28.4 0.492095 1.36145 28.6
0.492095 1.36145 28.8 0.492095 1.36145 29 0.492095 1.36145 29.2 0.492095
1.36145 29.4 0.492095 1.36145 29.6 0.492095 1.36145 29.8 0.492095 1.36145
30 0.492095 1.36145 -10 -0.026235 0.486395 -9.8 -0.026235 0.486395 -9.6
-0.026235 0.486395 -9.4 -0.026235 0.486395 -9.2 -0.026235 0.486395 -9 -0.026235
0.486395 -8.8 -0.026235 0.486395 -8.6 -0.026235 0.486395 -8.4 -0.026235 0.486395
-8.2 -0.026235 0.486395 -8 -0.026235 0.486395 -7.8 -0.026235 0.486395 -7.6
-0.026235 0.486395 -7.4 -0.026235 0.486395 -7.2 -0.026235 0.486395 -7 -0.026235
0.486395 -6.8 -0.026235 0.486395 -6.6 -0.026235 0.486395 -6.4 -0.026235 0.486395
-6.2 -0.026235 0.486395 -6 -0.026235 0.486395 -5.8 -0.026235 0.486395 -5.6
-0.026235 0.486395 -5.4 -0.026235 0.486395 -5.2 -0.026235 0.486395 -5 -0.026235
0.486395 -4.8 -0.026235 0.486395 -4.6 -0.026235 0.486395 -4.4 -0.026235 0.486395
-4.2 -0.026235 0.486395 -4 -0.026235 0.486395 -3.8 -0.026235 0.486395 -3.6
-0.026235 0.486395 -3.4 -0.026235 0.486395 -3.2 -0.026235 0.486395 -3 -0.026235
0.486395 -2.8 -0.026235 0.486395 -2.6 -0.026235 0.486395 -2.4 -0.026235 0.486395
-2.2 -0.026235 0.486395 -2 -0.026235 0.486395 -1.8 -0.026235 0.486395 -1.6
-0.026235 0.486395 -1.4 -0.026235 0.486395 -1.2 -0.026235 0.486395 -1 -0.026235
0.486395 -0.8 -0.026235 0.486395 -0.6 -0.026235 0.486395 -0.4 -0.026235 0.486395
-0.2 -0.026235 0.486395 -3.88356e-18 -0.026235 0.486395 0.2 -0.026235 0.486395 0.4
-0.026235 0.486395 0.6 -0.026235 0.486395 0.8 -0.026235 0.486395 1 -0.026235
0.486395 1.2 -0.026235 0.486395 1.4 -0.026235 0.486395 1.6 -0.026235 0.486395
1.8 -0.026235 0.486395 2 -0.026235 0.486395 2.2 -0.026235 0.486395 2.4
-0.026235 0.486395 2.6 -0.026235 0.486395 2.8 -0.026235 0.486395 3 -0.026235
0.486395 3.2 -0.026235 0.486395 3.4 -0.026235 0.486395 3.6 -0.026235 0.486395
3.8 -0.026235 0.486395 4 -0.026235 0.486395 4.04961 -0.026235 0.486395 4.09922
-0.026235 0.486395 4.14882 -0.026235 0.486395 4.19843 -0.026235 0.486395 4.24804 -0.026235
0.486395 4.39843 -0.026235 0.486395 4.54882 -0.026235 0.486395 4.69921 -0.026235 0.486395
4.84961 -0.026235 0.486395 5 -0.026235 0.486395 5.2 -0.026235 0.486395 5.4
-0.026235 0.486395 5.6 -0.026235 0.486395 5.8 -0.026235 0.486395 6 -0.026235
0.486395 6.2 -0.026235 0.486395 6.4 -0.026235 0.486395 6.6 -0.026235 0.486395
6.8 -0.026235 0.486395 7 -0.026235 0.486395 7.2 -0.026235 0.486395 7.4
-0.026235 0.486395 7.6 -0.026235 0.486395 7.8 -0.026235 0.486395 8 -0.026235
0.486395 8.2 -0.026235 0.486395 8.4 -0.026235 0.486395 8.6 -0.026235 0.486395
8.8 -0.026235 0.486395 9 -0.026235 0.486395 9.2 -0.026235 0.486395 9.4
-0.026235 0.486395 9.6 -0.026235 0.486395 9.8 -0.026235 0.486395 10 -0.026235
0.486395 10.2 -0.026235 0.486395 10.4 -0.026235 0.486395 10.6 -0.026235 0.486395
10.8 -0.026235 0.486395 11 -0.026235 0.486395 11.2 -0.026235 0.486395 11.4
-0.026235 0.486395 11.6 -0.026235 0.486395 11.8 -0.026235 0.486395 12 -0.026235
0.486395 12.2 -0.026235 0.486395 12.4 -0.026235 0.486395 12.6 -0.026235 0.486395
12.8 -0.026235 0.486395 13 -0.026235 0.486395 13.2 -0.026235 0.486395 13.4
-0.026235 0.486395 13.6 -0.026235 0.486395 13.8 -0.026235 0.486395 14 -0.026235
0.486395 14.2 -0.026235 0.486395 14.4 -0.026235 0.486395 14.6 -0.026235 0.486395
14.8 -0.026235 0.486395 15 -0.026235 0.486395 15.2 -0.026235 0.486395 15.4
-0.026235 0.486395 15.6 -0.026235 0.486395 15.8 -0.026235 0.486395 16 -0.026235
0.486395 16.2 -0.026235 0.486395 16.4 -0.026235 0.486395 16.6 -0.026235 0.486395
16.8 -0.026235 0.486395 17 -0.026235 0.486395 17.2 -0.026235 0.486395 17.4
-0.026235 0.486395 17.6 -0.026235 0.486395 17.8 -0.026235 0.486395 18 -0.026235
0.486395 18.2 -0.026235 0.486395 18.4 -0.026235 0.486395 18.6 -0.026235 0.486395
18.8 -0.026235 0.486395 19 -0.026235 0.486395 19.2 -0.026235 0.486395 19.4
-0.026235 0.486395 19.6 -0.026235 0.486395 19.8 -0.026235 0.486395 20 -0.026235
0.486395 20.2 -0.026235 0.486395 20.4 -0.026235 0.486395 20.6 -0.026235 0.486395
20.8 -0.026235 0.486395 21 -0.026235 0.486395 21.2 -0.026235 0.486395 21.4
-0.026235 0.486395 21.6 -0.026235 0.486395 21.8 -0.026235 0.486395 22 -0.026235
0.486395 22.2 -0.026235 0.486395 22.4 -0.026235 0.486395 22.6 -0.026235 0.486395
22.8 -0.026235 0.486395 23 -0.026235 0.486395 23.2 -0.026235 0.486395 23.4
-0.026235 0.486395 23.6 -0.026235 0.486395 23.8 -0.026235 0.486395 24 -0.026235
0.486395 24.2 -0.026235 0.486395 24.4 -0.026235 0.486395 24.6 -0.026235 0.486395
24.8 -0.026235 0.486395 25 -0.026235 0.486395 25.2 -0.026235 0.486395 25.4
-0.026235 0.486395 25.6 -0.026235 0.486395 25.8 -0.026235 0.486395 26 -0.026235
0.486395 26.2 -0.026235 0.486395 26.4 -0.026235 0.486395 26.6 -0.026235 0.486395
26.8 -0.026235 0.486395 27 -0.026235 0.486395 27.2 -0.026235 0.486395 27.4
-0.026235 0.486395 27.6 -0.026235 0.486395 27.8 -0.026235 0.486395 28 -0.026235
0.486395 28.2 -0.026235 0.486395 28.4 -0.026235 0.486395 28.6 -0.026235 0.486395
28.8 -0.026235 0.486395 29 -0.026235 0.486395 29.2 -0.026235 0.486395 29.4
-0.026235 0.486395 29.6 -0.026235 0.486395 29.8 -0.026235 0.486395 30 -0.026235
0.486395 -10 -0.487233 1.29544 -9.8 -0.487233 1.29544 -9.6 -0.487233 1.29544
-9.4 -0.487233 1.29544 -9.2 -0.487233 1.29544 -9 -0.487233 1.29544 -8.8
-0.487233 1.29544 -8.6 -0.487233 1.29544 -8.4 -0.487233 1.29544 -8.2 -0.487233
1.29544 -8 -0.487233 1.29544 -7.8 -0.487233 1.29544 -7.6 -0.487233 1.29544
-7.4 -0.487233 1.29544 -7.2 -0.487233 1.29544 -7 -0.487233 1.29544 -6.8
-0.487233 1.29544 -6.6 -0.487233 1.29544 -6.4 -0.487233 1.29544 -6.2 -0.487233
1.29544 -6 -0.487233 1.29544 -5.8 -0.487233 1.29544 -5.6 -0.487233 1.29544
-5.4 -0.487233 1.29544 -5.2 -0.487233 1.29544 -5 -0.487233 1.29544 -4.8
-0.487233 1.29544 -4.6 -0.487233 1.29544 -4.4 -0.487233 1.29544 -4.2 -0.487233
1.29544 -4 -0.487233 1.29544 -3.8 -0.487233 1.29544 -3.6 -0.487233 1.29544
-3.4 -0.487233 1.29544 -3.2 -0.487233 1.29544 -3 -0.487233 1.29544 -2.8
-0.487233 1.29544 -2.6 -0.487233 1.29544 -2.4 -0.487233 1.29544 -2.2 -0.487233
1.29544 -2 -0.487233 1.29544 -1.8 -0.487233 1.29544 -1.6 -0.487233 1.29544
-1.4 -0.487233 1.29544 -1.2 -0.487233 1.29544 -1 -0.487233 1.29544 -0.8
-0.487233 1.29544 -0.6 -0.487233 1.29544 -0.4 -0.487233 1.29544 -0.2 -0.487233
1.29544 -7.2125e-17 -0.487233 1.29544 0.2 -0.487233 1.29544 0.4 -0.487233 1.29544
0.6 -0.487233 1.29544 0.8 -0.487233 1.29544 1 -0.487233 1.29544 1.2
-0.487233 1.29544 1.4 -0.487233 1.29544 1.6 -0.487233 1.29544 1.8 -0.487233
1.29544 2 -0.487233 1.29544 2.2 -0.487233 1.29544 2.4 -0.487233 1.29544
2.6 -0.487233 1.29544 2.8 -0.487233 1.29544 3 -0.487233 1.29544 3.09106
-0.487233 1.29544 3.18211 -0.487233 1.29544 3.27317 -0.487233 1.29544 3.36423 -0.487233
1.29544 3.45529 -0.487233 1.29544 3.56423 -0.487233 1.29544 3.67317 -0.487233 1.29544
3.78211 -0.487233 1.29544 3.89106 -0.487233 1.29544 4 -0.487233 1.29544 4.2
-0.487233 1.29544 4.4 -0.487233 1.29544 4.6 -0.487233 1.29544 4.8 -0.487233
1.29544 5 -0.487233 1.29544 5.2 -0.487233 1.29544 5.4 -0.487233 1.29544
5.6 -0.487233 1.29544 5.8 -0.487233 1.29544 6 -0.487233 1.29544 6.2
-0.487233 1.29544 6.4 -0.487233 1.29544 6.6 -0.487233 1.29544 6.8 -0.487233
1.29544 7 -0.487233 1.29544 7.2 -0.487233 1.29544 7.4 -0.487233 1.29544
7.6 -0.487233 1.29544 7.8 -0.487233 1.29544 8 -0.487233 1.29544 8.2
-0.487233 1.29544 8.4 -0.487233 1.29544 8.6 -0.487233 1.29544 8.8 -0.487233
1.29544 9 -0.487233 1.29544 9.2 -0.487233 1.29544 9.4 -0.487233 1.29544
9.6 -0.487233 1.29544 9.8 -0.487233 1.29544 10 -0.487233 1.29544 10.2
-0.487233 1.29544 10.4 -0.487233 1.29544 10.6 -0.487233 1.29544 10.8 -0.487233
1.29544 11 -0.487233 1.29544 11.2 -0.487233 1.29544 11.4 -0.487233 1.29544
11.6 -0.487233 1.29544 11.8 -0.487233 1.29544 12 -0.487233 1.29544 12.2
-0.487233 1.29544 12.4 -0.487233 1.29544 12.6 -0.487233 1.29544 12.8 -0.487233
1.29544 13 -0.487233 1.29544 13.2 -0.487233 1.29544 13.4 -0.487233 1.29544
13.6 -0.487233 1.29544 13.8 -0.487233 1.29544 14 -0.487233 1.29544 14.2
-0.487233 1.29544 14.4 -0.487233 1.29544 14.6 -0.487233 1.29544 14.8 -0.487233
1.29544 15 -0.487233 1.29544 15.2 -0.487233 1.29544 15.4 -0.487233 1.29544
15.6 -0.487233 1.29544 15.8 -0.487233 1.29544 16 -0.487233 1.29544 16.2
-0.487233 1.29544 16.4 -0.487233 1.29544 16.6 -0.487233 1.29544 16.8 -0.487233
1.29544 17 -0.487233 1.29544 17.2 -0.487233 1.29544 17.4 -0.487233 1.29544
17.6 -0.487233 1.29544 17.8 -0.487233 1.29544 18 -0.487233 1.29544 18.2
-0.487233 1.29544 18.4 -0.487233 1.29544 18.6 -0.487233 1.29544 18.8 -0.487233
1.29544 19 -0.487233 1.29544 19.2 -0.487233 1.29544 19.4 -0.487233 1.29544
19.6 -0.487233 1.29544 19.8 -0.487233 1.29544 20 -0.487233 1.29544 20.2
-0.487233 1.29544 20.4 -0.487233 1.29544 20.6 -0.487233 1.29544 20.8 -0.487233
1.29544 21 -0.487233 1.29544 21.2 -0.487233 1.29544 21.4 -0.487233 1.29544
21.6 -0.487233 1.29544 21.8 -0.487233 1.29544 22 -0.487233 1.29544 22.2
-0.487233 1.29544 22.4 -0.487233 1.29544 22.6 -0.487233 1.29544 22.8 -0.487233
1.29544 23 -0.487233 1.29544 23.2 -0.487233 1.29544 23.4 -0.487233 1.29544
23.6 -0.487233 1.29544 23.8 -0.487233 1.29544 24 -0.487233 1.29544 24.2
-0.487233 1.29544 24.4 -0.487233 1.29544 24.6 -0.487233 1.29544 24.8 -0.487233
1.29544 25 -0.487233 1.29544 25.2 -0.487233 1.29544 25.4 -0.487233 1.29544
25.6 -0.487233 1.29544 25.8 -0.487233 1.29544 26 -0.487233 1.29544 26.2
-0.487233 1.29544 26.4 -0.487233 1.29544 26.6 -0.487233 1.29544 26.8 -0.487233
1.29544 27 -0.487233 1.29544 27.2 -0.487233 1.29544 27.4 -0.487233 1.29544
27.6 -0.487233 1.29544 27.8 -0.487233 1.29544 28 -0.487233 1.29544 28.2
-0.487233 1.29544 28.4 -0.487233 1.29544 28.6 -0.487233 1.29544 28.8 -0.487233
1.29544 29 -0.487233 1.29544 29.2 -0.487233 1.29544 29.4 -0.487233 1.29544
29.6 -0.487233 1.29544 29.8 -0.487233 1.29544 30 -0.487233 1.29544 -10
0.0999389 0.308095 -9.8 0.0999389 0.308095 -9.6 0.0999389 0.308095 -9.4 0.0999389
0.308095 -9.2 0.0999389 0.308095 -9 0.0999389 0.308095 -8.8 0.0999389 0.308095
-8.6 0.0999389 0.308095 -8.4 0.0999389 0.308095 -8.2 0.0999389 0.308095 -8
0.0999389 0.308095 -7.8 0.0999389 0.308095 -7.6 0.0999389 0.308095 -7.4 0.0999389
0.308095 -7.2 0.0999389 0.308095 -7 0.0999389 0.308095 -6.8 0.0999389 0.308095
-6.6 0.0999389 0.308095 -6.4 0.0999389 0.308095 -6.2 0.0999389 0.308095 -6
0.0999389 0.308095 -5.8 0.0999389 0.308095 -5.6 0.0999389 0.308095 -5.4 0.0999389
0.308095 -5.2 0.0999389 0.308095 -5 0.0999389 0.308095 -4.8 0.0999389 0.308095
-4.6 0.0999389 0.308095 -4.4 0.0999389 0.308095 -4.2 0.0999389 0.308095 -4
0.0999389 0.308095 -3.8 0.0999389 0.308095 -3.6 0.0999389 0.308095 -3.4 0.0999389
0.308095 -3.2 0.0999389 0.308095 -3 0.0999389 0.308095 -2.8 0.0999389 0.308095
-2.6 0.0999389 0.308095 -2.4 0.0999389 0.308095 -2.2 0.0999389 0.308095 -2
0.0999389 0.308095 -1.8 0.0999389 0.308095 -1.6 0.0999389 0.308095 -1.4 0.0999389
0.308095 -1.2 0.0999389 0.308095 -1 0.0999389 0.308095 -0.8 0.0999389 0.308095
-0.6 0.0999389 0.308095 -0.4 0.0999389 0.308095 -0.2 0.0999389 0.308095 0
0.0999389 0.308095 0.2 0.0999389 0.308095 0.4 0.0999389 0.308095 0.6 0.0999389
0.308095 0.8 0.0999389 0.308095 1 0.0999389 0.308095 1.2 0.0999389 0.308095
1.4 0.0999389 0.308095 1.6 0.0999389 0.308095 1.8 0.0999389 0.308095 2
0.0999389 0.308095 2.2 0.0999389 0.308095 2.4 0.0999389 0.308095 2.6 0.0999389
0.308095 2.8 0.0999389 0.308095 3 0.0999389 0.308095 3.2 0.0999389 0.308095
3.4 0.0999389 0.308095 3.6 0.0999389 0.308095 3.8 0.0999389 0.308095 4
0.0999389 0.308095 4.15932 0.0999389 0.308095 4.31864 0.0999389 0.308095 4.47797 0.0999389
0.308095 4.63729 0.0999389 0.308095 4.79661 0.0999389 0.308095 4.83729 0.0999389 0.308095
4.87797 0.0999389 0.308095 4.91864 0.0999389 0.308095 4.95932 0.0999389 0.308095 5
0.0999389 0.308095 5.2 0.0999389 0.308095 5.4 0.0999389 0.308095 5.6 0.0999389
0.308095 5.8 0.0999389 0.308095 6 0.0999389 0.308095 6.2 0.0999389 0.308095
6.4 0.0999389 0.308095 6.6 0.0999389 0.308095 6.8 0.0999389 0.308095 7
0.0999389 0.308095 7.2 0.0999389 0.308095 7.4 0.0999389 0.308095 7.6 0.0999389
0.308095 7.8 0.0999389 0.308095 8 0.0999389 0.308095 8.2 0.0999389 0.308095
8.4 0.0999389 0.308095 8.6 0.0999389 0.308095 8.8 0.0999389 0.308095 9
0.0999389 0.308095 9.2 0.0999389 0.308095 9.4 0.0999389 0.308095 9.6 0.0999389
0.308095 9.8 0.0999389 0.308095 10 0.0999389 0.308095 10.2 0.0999389 0.308095
10.4 0.0999389 0.308095 10.6 0.0999389 0.308095 10.8 0.0999389 0.308095 11
0.0999389 0.308095 11.2 0.0999389 0.308095 11.4 0.0999389 0.308095 11.6 0.0999389
0.308095 11.8 0.0999389 0.308095 12 0.0999389 0.308095 12.2 0.0999389 0.308095
12.4 0.0999389 0.308095 12.6 0.0999389 0.308095 12.8 0.0999389 0.308095 13
0.0999389 0.308095 13.2 0.0999389 0.308095 13.4 0.0999389 0.308095 13.6 0.0999389
0.308095 13.8 0.0999389 0.308095 14 0.0999389 0.308095 14.2 0.0999389 0.308095
14.4 0.0999389 0.308095 14.6 0.0999389 0.308095 14.8 0.0999389 0.308095 15
0.0999389 0.308095 15.2 0.0999389 0.308095 15.4 0.0999389 0.308095 15.6 0.0999389
0.308095 15.8 0.0999389 0.308095 16 0.0999389 0.308095 16.2 0.0999389 0.308095
16.4 0.0999389 0.308095 16.6 0.0999389 0.308095 16.8 0.0999389 0.308095 17
0.0999389 0.308095 17.2 0.0999389 0.308095 17.4 0.0999389 0.308095 17.6 0.0999389
0.308095 17.8 0.0999389 0.308095 18 0.0999389 0.308095 18.2 0.0999389 0.308095
18.4 0.0999389 0.308095 18.6 0.0999389 0.308095 18.8 0.0999389 0.308095 19
0.0999389 0.308095 19.2 0.0999389 0.308095 19.4 0.0999389 0.308095 19.6 0.0999389
0.308095 19.8 0.0999389 0.308095 20 0.0999389 0.308095 20.2 0.0999389 0.308095
20.4 0.0999389 0.308095 20.6 0.0999389 0.308095 20.8 0.0999389 0.308095 21
0.0999389 0.308095 21.2 0.0999389 0.308095 21.4 0.0999389 0.308095 21.6 0.0999389
0.308095 21.8 0.0999389 0.308095 22 0.0999389 0.308095 22.2 0.0999389 0.308095
22.4 0.0999389 0.308095 22.6 0.0999389 0.308095 22.8 0.0999389 0.308095 23
0.0999389 0.308095 23.2 0.0999389 0.308095 23.4 0.0999389 0.308095 23.6 0.0999389
0.308095 23.8 0.0999389 0.308095 24 0.0999389 0.308095 24.2 0.0999389 0.308095
24.4 0.0999389 0.308095 24.6 0.0999389 0.308095 24.8 0.0999389 0.308095 25
0.0999389 0.308095 25.2 0.0999389 0.308095 25.4 0.0999389 0.308095 25.6 0.0999389
0.308095 25.8 0.0999389 0.308095 26 0.0999389 0.308095 26.2 0.0999389 0.308095
26.4 0.0999389 0.308095 26.6 0.0999389 0.308095 26.8 0.0999389 0.308095 27
0.0999389 0.308095 27.2 0.0999389 0.308095 27.4 0.0999389 0.308095 27.6 0.0999389
0.308095 27.8 0.0999389 0.308095 28 0.0999389 0.308095 28.2 0.0999389 0.308095
28.4 0.0999389 0.308095 28.6 0.0999389 0.308095 28.8 0.0999389 0.308095 29
0.0999389 0.308095 29.2 0.0999389 0.308095 29.4 0.0999389 0.308095 29.6 0.0999389
0.308095 29.8 0.0999389 0.308095 30 0.0999389 0.308095 -10 0.461435 0.997865
-9.8 0.461435 0.997865 -9.6 0.461435 0.997865 -9.4 0.461435 0.997865 -9.2
0.461435 0.997865 -9 0.461435 0.997865 -8.8 0.461435 0.997865 -8.6 0.461435
0.997865 -8.4 0.461435 0.997865 -8.2 0.461435 0.997865 -8 0.461435 0.997865
-7.8 0.461435 0.997865 -7.6 0.461435 0.997865 -7.4 0.461435 0.997865 -7.2
0.461435 0.997865 -7 0.461435 0.997865 -6.8 0.461435 0.997865 -6.6 0.461435
0.997865 -6.4 0.461435 0.997865 -6.2 0.461435 0.997865 -6 0.461435 0.997865
-5.8 0.461435 0.997865 -5.6 0.461435 0.997865 -5.4 0.461435 0.997865 -5.2
0.461435 0.997865 -5 0.461435 0.997865 -4.8 0.461435 0.997865 -4.6 0.461435
0.997865 -4.4 0.461435 0.997865 -4.2 0.461435 0.997865 -4 0.461435 0.997865
-3.8 0.461435 0.997865 -3.6 0.461435 0.997865 -3.4 0.461435 0.997865 -3.2
0.461435 0.997865 -3 0.461435 0.997865 -2.8 0.461435 0.997865 -2.6 0.461435
0.997865 -2.4 0.461435 0.997865 -2.2 0.461435 0.997865 -2 0.461435 0.997865
-1.8 0.461435 0.997865 -1.6 0.461435 0.997865 -1.4 0.461435 0.997865 -1.2
0.461435 0.997865 -1 0.461435 0.997865 -0.8 0.461435 0.997865 -0.6 0.461435
0.997865 -0.4 0.461435 0.997865 -0.2 0.461435 0.997865 0 0.461435 0.997865
0.2 0.461435 0.997865 0.4 0.461435 0.997865 0.6 0.461435 0.997865 0.8
0.461435 0.997865 1 0.461435 0.997865 1.2 0.461435 0.997865 1.4 0.461435
0.997865 1.6 0.461435 0.997865 1.8 0.461435 0.997865 2 0.461435 0.997865
2.2 0.461435 0.997865 2.4 0.461435 0.997865 2.6 0.461435 0.997865 2.8
0.461435 0.997865 3 0.461435 0.997865 3.2 0.461435 0.997865 3.4 0.461435
0.997865 3.6 0.461435 0.997865 3.8 0.461435 0.997865 4 0.461435 0.997865
4.11953 0.461435 0.997865 4.23906 0.461435 0.997865 4.35859 0.461435 0.997865 4.47813
0.461435 0.997865 4.59766 0.461435 0.997865 4.67813 0.461435 0.997865 4.75859 0.461435
0.997865 4.83906 0.461435 0.997865 4.91953 0.461435 0.997865 5 0.461435 0.997865
5.2 0.461435 0.997865 5.4 0.461435 0.997865 5.6 0.461435 0.997865 5.8
0.461435 0.997865 6 0.461435 0.997865 6.2 0.461435 0.997865 6.4 0.461435
0.997865 6.6 0.461435 0.997865 6.8 0.461435 0.997865 7 0.461435 0.997865
7.2 0.461435 0.997865 7.4 0.461435 0.997865 7.6 0.461435 0.997865 7.8
0.461435 0.997865 8 0.461435 0.997865 8.2 0.461435 0.997865 8.4 0.461435
0.997865 8.6 0.461435 0.997865 8.8 0.461435 0.997865 9 0.461435 0.997865
9.2 0.461435 0.997865 9.4 0.461435 0.997865 9.6 0.461435 0.997865 9.8
0.461435 0.997865 10 0.461435 0.997865 10.2 0.461435 0.997865 10.4 0.461435
0.997865 10.6 0.461435 0.997865 10.8 0.461435 0.997865 11 0.461435 0.997865
11.2 0.461435 0.997865 11.4 0.461435 0.997865 11.6 0.461435 0.997865 11.8
0.461435 0.997865 12 0.461435 0.997865 12.2 0.461435 0.997865 12.4 0.461435
0.997865 12.6 0.461435 0.997865 12.8 0.461435 0.997865 13 0.461435 0.997865
13.2 0.461435 0.997865 13.4 0.461435 0.997865 13.6 0.461435 0.997865 13.8
0.461435 0.997865 14 0.461435 0.997865 14.2 0.461435 0.997865 14.4 0.461435
0.997865 14.6 0.461435 0.997865 14.8 0.461435 0.997865 15 0.461435 0.997865
15.2 0.461435 0.997865 15.4 0.461435 0.997865 15.6 0.461435 0.997865 15.8
0.461435 0.997865 16 0.461435 0.997865 16.2 0.461435 0.997865 16.4 0.461435
0.997865 16.6 0.461435 0.997865 16.8 0.461435 0.997865 17 0.461435 0.997865
17.2 0.461435 0.997865 17.4 0.461435 0.997865 17.6 0.461435 0.997865 17.8
0.461435 0.997865 18 0.461435 0.997865 18.2 0.461435 0.997865 18.4 0.461435
0.997865 18.6 0.461435 0.997865 18.8 0.461435 0.997865 19 0.461435 0.997865
19.2 0.461435 0.997865 19.4 0.461435 0.997865 19.6 0.461435 0.997865 19.8
0.461435 0.997865 20 0.461435 0.997865 20.2 0.461435 0.997865 20.4 0.461435
0.997865 20.6 0.461435 0.997865 20.8 0.461435 0.997865 21 0.461435 0.997865
21.2 0.461435 0.997865 21.4 0.461435 0.997865 21.6 0.461435 0.997865 21.8
0.461435 0.997865 22 0.461435 0.997865 22.2 0.461435 0.997865 22.4 0.461435
0.997865 22.6 0.461435 0.997865 22.8 0.461435 0.997865 23 0.461435 0.997865
23.2 0.461435 0.997865 23.4 0.461435 0.997865 23.6 0.461435 0.997865 23.8
0.461435 0.997865 24 0.461435 0.997865 24.2 0.461435 0.997865 24.4 0.461435
0.997865 24.6 0.461435 0.997865 24.8 0.461435 0.997865 25 0.461435 0.997865
25.2 0.461435 0.997865 25.4 0.461435 0.997865 25.6 0.461435 0.997865 25.8
0.461435 0.997865 26 0.461435 0.997865 26.2 0.461435 0.997865 26.4 0.461435
0.997865 26.6 0.461435 0.997865 26.8 0.461435 0.997865 27 0.461435 0.997865
27.2 0.461435 0.997865 27.4 0.461435 0.997865 27.6 0.461435 0.997865 27.8
0.461435 0.997865 28 0.461435 0.997865 28.2 0.461435 0.997865 28.4 0.461435
0.997865 28.6 0.461435 0.997865 28.8 0.461435 0.997865 29 0.461435 0.997865
29.2 0.461435 0.997865 29.4 0.461435 0.997865 29.6 0.461435 0.997865 29.8
0.461435 0.997865 30 0.461435 0.997865 -10 0.15046 0.836028 -9.8 0.15046
0.836028 -9.6 0.15046 0.836028 -9.4 0.15046 0.836028 -9.2 0.15046 0.836028
-9 0.15046 0.836028 -8.8 0.15046 0.836028 -8.6 0.15046 0.836028 -8.4
0.15046 0.836028 -8.2 0.15046 0.836028 -8 0.15046 0.836028 -7.8 0.15046
0.836028 -7.6 0.15046 0.836028 -7.4 0.15046 0.836028 -7.2 0.15046 0.836028
-7 0.15046 0.836028 -6.8 0.15046 0.836028 -6.6 0.15046 0.836028 -6.4
0.15046 0.836028 -6.2 0.15046 0.836028 -6 0.15046 0.836028 -5.8 0.15046
0.836028 -5.6 0.15046 0.836028 -5.4 0.15046 0.836028 -5.2 0.15046 0.836028
-5 0.15046 0.836028 -4.8 0.15046 0.836028 -4.6 0.15046 0.836028 -4.4
0.15046 0.836028 -4.2 0.15046 0.836028 -4 0.15046 0.836028 -3.8 0.15046
0.836028 -3.6 0.15046 0.836028 -3.4 0.15046 0.836028 -3.2 0.15046 0.836028
-3 0.15046 0.836028 -2.8 0.15046 0.836028 -2.6 0.15046 0.836028 -2.4
0.15046 0.836028 -2.2 0.15046 0.836028 -2 0.15046 0.836028 -1.8 0.15046
0.836028 -1.6 0.15046 0.836028 -1.4 0.15046 0.836028 -1.2 0.15046 0.836028
-1 0.15046 0.836028 -0.8 0.15046 0.836028 -0.6 0.15046 0.836028 -0.4
0.15046 0.836028 -0.2 0.15046 0.836028 0 0.15046 0.836028 0.2 0.15046
0.836028 0.4 0.15046 0.836028 0.6 0.15046 0.836028 0.8 0.15046 0.836028
1 0.15046 0.836028 1.2 0.15046 0.836028 1.4 0.15046 0.836028 1.6
0.15046 0.836028 1.8 0.15046 0.836028 2 0.15046 0.836028 2.2 0.15046
0.836028 2.4 0.15046 0.836028 2.6 0.15046 0.836028 2.8 0.15046 0.836028
3 0.15046 0.836028 3.2 0.15046 0.836028 3.4 0.15046 0.836028 3.6
0.15046 0.836028 3.8 0.15046 0.836028 4 0.15046 0.836028 4.13954 0.15046
0.836028 4.27909 0.15046 0.836028 4.41863 0.15046 0.836028 4.55817 0.15046 0.836028
4.69772 0.15046 0.836028 4.75817 0.15046 0.836028 4.81863 0.15046 0.836028 4.87909
0.15046 0.836028 4.93954 0.15046 0.836028 5 0.15046 0.836028 5.2 0.15046
0.836028 5.4 0.15046 0.836028 5.6 0.15046 0.836028 5.8 0.15046 0.836028
6 0.15046 0.836028 6.2 0.15046 0.836028 6.4 0.15046 0.836028 6.6
0.15046 0.836028 6.8 0.15046 0.836028 7 0.15046 0.836028 7.2 0.15046
0.836028 7.4 0.15046 0.836028 7.6 0.15046 0.836028 7.8 0.15046 0.836028
8 0.15046 0.836028 8.2 0.15046 0.836028 8.4 0.15046 0.836028 8.6
0.15046 0.836028 8.8 0.15046 0.836028 9 0.15046 0.836028 9.2 0.15046
0.836028 9.4 0.15046 0.836028 9.6 0.15046 0.836028 9.8 0.15046 0.836028
10 0.15046 0.836028 10.2 0.15046 0.836028 10.4 0.15046 0.836028 10.6
0.15046 0.836028 10.8 0.15046 0.836028 11 0.15046 0.836028 11.2 0.15046
0.836028 11.4 0.15046 0.836028 11.6 0.15046 0.836028 11.8 0.15046 0.836028
12 0.15046 0.836028 12.2 0.15046 0.836028 12.4 0.15046 0.836028 12.6
0.15046 0.836028 12.8 0.15046 0.836028 13 0.15046 0.836028 13.2 0.15046
0.836028 13.4 0.15046 0.836028 13.6 0.15046 0.836028 13.8 0.15046 0.836028
14 0.15046 0.836028 14.2 0.15046 0.836028 14.4 0.15046 0.836028 14.6
0.15046 0.836028 14.8 0.15046 0.836028 15 0.15046 0.836028 15.2 0.15046
0.836028 15.4 0.15046 0.836028 15.6 0.15046 0.836028 15.8 0.15046 0.836028
16 0.15046 0.836028 16.2 0.15046 0.836028 16.4 0.15046 0.836028 16.6
0.15046 0.836028 16.8 0.15046 0.836028 17 0.15046 0.836028 17.2 0.15046
0.836028 17.4 0.15046 0.836028 17.6 0.15046 0.836028 17.8 0.15046 0.836028
18 0.15046 0.836028 18.2 0.15046 0.836028 18.4 0.15046 0.836028 18.6
0.15046 0.836028 18.8 0.15046 0.836028 19 0.15046 0.836028 19.2 0.15046
0.836028 19.4 0.15046 0.836028 19.6 0.15046 0.836028 19.8 0.15046 0.836028
20 0.15046 0.836028 20.2 0.15046 0.836028 20.4 0.15046 0.836028 20.6
0.15046 0.836028 20.8 0.15046 0.836028 21 0.15046 0.836028 21.2 0.15046
0.836028 21.4 0.15046 0.836028 21.6 0.15046 0.836028 21.8 0.15046 0.836028
22 0.15046 0.836028 22.2 0.15046 0.836028 22.4 0.15046 0.836028 22.6
0.15046 0.836028 22.8 0.15046 0.836028 23 0.15046 0.836028 23.2 0.15046
0.836028 23.4 0.15046 0.836028 23.6 0.15046 0.836028 23.8 0.15046 0.836028
24 0.15046 0.836028 24.2 0.15046 0.836028 24.4 0.15046 0.836028 24.6
0.15046 0.836028 24.8 0.15046 0.836028 25 0.15046 0.836028 25.2 0.15046
0.836028 25.4 0.15046 0.836028 25.6 0.15046 0.836028 25.8 0.15046 0.836028
26 0.15046 0.836028 26.2 0.15046 0.836028 26.4 0.15046 0.836028 26.6
0.15046 0.836028 26.8 0.15046 0.836028 27 0.15046 0.836028 27.2 0.15046
0.836028 27.4 0.15046 0.836028 27.6 0.15046 0.836028 27.8 0.15046 0.836028
28 0.15046 0.836028 28.2 0.15046 0.836028 28.4 0.15046 0.836028 28.6
0.15046 0.836028 28.8 0.15046 0.836028 29 0.15046 0.836028 29.2 0.15046
0.836028 29.4 0.15046 0.836028 29.6 0.15046 0.836028 29.8 0.15046 0.836028
30 0.15046 0.836028 -10 -0.601899 0.0923233 -9.8 -0.601899 0.0923233 -9.6
-0.601899 0.0923233 -9.4 -0.601899 0.0923233 -9.2 -0.601899 0.0923233 -9 -0.601899
0.0923233 -8.8 -0.601899 0.0923233 -8.6 -0.601899 0.0923233 -8.4 -0.601899 0.0923233
-8.2 -0.601899 0.0923233 -8 -0.601899 0.0923233 -7.8 -0.601899 0.0923233 -7.6
-0.601899 0.0923233 -7.4 -0.601899 0.0923233 -7.2 -0.601899 0.0923233 -7 -0.601899
0.0923233 -6.8 -0.601899 0.0923233 -6.6 -0.601899 0.0923233 -6.4 -0.601899 0.0923233
-6.2 -0.601899 0.0923233 -6 -0.601899 0.0923233 -5.8 -0.601899 0.0923233 -5.6
-0.601899 0.0923233 -5.4 -0.601899 0.0923233 -5.2 -0.601899 0.0923233 -5 -0.601899
0.0923233 -4.8 -0.601899 0.0923233 -4.6 -0.601899 0.0923233 -4.4 -0.601899 0.0923233
-4.2 -0.601899 0.0923233 -4 -0.601899 0.0923233 -3.8 -0.601899 0.0923233 -3.6
-0.601899 0.0923233 -3.4 -0.601899 0.0923233 -3.2 -0.601899 0.0923233 -3 -0.601899
0.0923233 -2.8 -0.601899 0.0923233 -2.6 -0.601899 0.0923233 -2.4 -0.601899 0.0923233
-2.2 -0.601899 0.0923233 -2 -0.601899 0.0923233 -1.8 -0.601899 0.0923233 -1.6
-0.601899 0.0923233 -1.4 -0.601899 0.0923233 -1.2 -0.601899 0.0923233 -1 -0.601899
0.0923233 -0.8 -0.601899 0.0923233 -0.6 -0.601899 0.0923233 -0.4 -0.601899 0.0923233
-0.2 -0.601899 0.0923233 -8.90989e-17 -0.601899 0.0923233 0.2 -0.601899 0.0923233 0.4
-0.601899 0.0923233 0.6 -0.601899 0.0923233 0.8 -0.601899 0.0923233 1 -0.601899
0.0923233 1.2 -0.601899 0.0923233 1.4 -0.601899 0.0923233 1.6 -0.601899 0.0923233
1.8 -0.601899 0.0923233 2 -0.601899 0.0923233 2.2 -0.601899 0.0923233 2.4
-0.601899 0.0923233 2.6 -0.601899 0.0923233 2.8 -0.601899 0.0923233 3 -0.601899
0.0923233 3.16405 -0.601899 0.0923233 3.3281 -0.601899 0.0923233 3.49216 -0.601899 0.0923233
3.65621 -0.601899 0.0923233 3.82026 -0.601899 0.0923233 3.85621 -0.601899 0.0923233 3.89216
-0.601899 0.0923233 3.9281 -0.601899 0.0923233 3.96405 -0.601899 0.0923233 4 -0.601899
0.0923233 4.2 -0.601899 0.0923233 4.4 -0.601899 0.0923233 4.6 -0.601899 0.0923233
4.8 -0.601899 0.0923233 5 -0.601899 0.0923233 5.2 -0.601899 0.0923233 5.4
-0.601899 0.0923233 5.6 -0.601899 0.0923233 5.8 -0.601899 0.0923233 6 -0.601899
0.0923233 6.2 -0.601899 0.0923233 6.4 -0.601899 0.0923233 6.6 -0.601899 0.0923233
6.8 -0.601899 0.0923233 7 -0.601899 0.0923233 7.2 -0.601899 0.0923233 7.4
-0.601899 0.0923233 7.6 -0.601899 0.0923233 7.8 -0.601899 0.0923233 8 -0.601899
0.0923233 8.2 -0.601899 0.0923233 8.4 -0.601899 0.0923233 8.6 -0.601899 0.0923233
8.8 -0.601899 0.0923233 9 -0.601899 0.0923233 9.2 -0.601899 0.0923233 9.4
-0.601899 0.0923233 9.6 -0.601899 0.0923233 9.8 -0.601899 0.0923233 10 -0.601899
0.0923233 10.2 -0.601899 0.0923233 10.4 -0.601899 0.0923233 10.6 -0.601899 0.0923233
10.8 -0.601899 0.0923233 11 -0.601899 0.0923233 11.2 -0.601899 0.0923233 11.4
-0.601899 0.0923233 11.6 -0.601899 0.0923233 11.8 -0.601899 0.0923233 12 -0.601899
0.0923233 12.2 -0.601899 0.0923233 12.4 -0.601899 0.0923233 12.6 -0.601899 0.0923233
12.8 -0.601899 0.0923233 13 -0.601899 0.0923233 13.2 -0.601899 0.0923233 13.4
-0.601899 0.0923233 13.6 -0.601899 0.0923233 13.8 -0.601899 0.0923233 14 -0.601899
0.0923233 14.2 -0.601899 0.0923233 14.4 -0.601899 0.0923233 14.6 -0.601899 0.0923233
14.8 -0.601899 0.0923233 15 -0.601899 0.0923233 15.2 -0.601899 0.0923233 15.4
-0.601899 0.0923233 15.6 -0.601899 0.0923233 15.8 -0.601899 0.0923233 16 -0.601899
0.0923233 16.2 -0.601899 0.0923233 16.4 -0.601899 0.0923233 16.6 -0.601899 0.0923233
16.8 -0.601899 0.0923233 17 -0.601899 0.0923233 17.2 -0.601899 0.0923233 17.4
-0.601899 0.0923233 17.6 -0.601899 0.0923233 17.8 -0.601899 0.0923233 18 -0.601899
0.0923233 18.2 -0.601899 0.0923233 18.4 -0.601899 0.0923233 18.6 -0.601899 0.0923233
18.8 -0.601899 0.0923233 19 -0.601899 0.0923233 19.2 -0.601899 0.0923233 19.4
-0.601899 0.0923233 19.6 -0.601899 0.0923233 19.8 -0.601899 0.0923233 20 -0.601899
0.0923233 20.2 -0.601899 0.0923233 20.4 -0.601899 0.0923233 20.6 -0.601899 0.0923233
20.8 -0.601899 0.0923233 21 -0.601899 0.0923233 21.2 -0.601899 0.0923233 21.4
-0.601899 0.0923233 21.6 -0.601899 0.0923233 21.8 -0.601899 0.0923233 22 -0.601899
0.0923233 22.2 -0.601899 0.0923233 22.4 -0.601899 0.0923233 22.6 -0.601899 0.0923233
22.8 -0.601899 0.0923233 23 -0.601899 0.0923233 23.2 -0.601899 0.0923233 23.4
-0.601899 0.0923233 23.6 -0.601899 0.0923233 23.8 -0.601899 0.0923233 24 -0.601899
0.0923233 24.2 -0.601899 0.0923233 24.4 -0.601899 0.0923233 24.6 -0.601899 0.0923233
24.8 -0.601899 0.0923233 25 -0.601899 0.0923233 25.2 -0.601899 0.0923233 25.4
-0.601899 0.0923233 25.6 -0.601899 0.0923233 25.8 -0.601899 0.0923233 26 -0.601899
0.0923233 26.2 -0.601899 0.0923233 26.4 -0.601899 0.0923233 26.6 -0.601899 0.0923233
26.8 -0.601899 0.0923233 27 -0.601899 0.0923233 27.2 -0.601899 0.0923233 27.4
-0.601899 0.0923233 27.6 -0.601899 0.0923233 27.8 -0.601899 0.0923233 28 -0.601899
0.0923233 28.2 -0.601899 0.0923233 28.4 -0.601899 0.0923233 28.6 -0.601899 0.0923233
28.8 -0.601899 0.0923233 29 -0.601899 0.0923233 29.2 -0.601899 0.0923233 29.4
-0.601899 0.0923233 29.6 -0.601899 0.0923233 29.8 -0.601899 0.0923233 30 -0.601899
0.0923233 -10 0.166464 0.514297 -9.8 0.166464 0.514297 -9.6 0.166464 0.514297
-9.4 0.166464 0.514297 -9.2 0.166464 0.514297 -9 0.166464 0.514297 -8.8
0.166464 0.514297 -8.6 0.166464 0.514297 -8.4 0.166464 0.514297 -8.2 0.166464
0.514297 -8 0.166464 0.514297 -7.8 0.166464 0.514297 -7.6 0.166464 0.514297
-7.4 0.166464 0.514297 -7.2 0.166464 0.514297 -7 0.166464 0.514297 -6.8
0.166464 0.514297 -6.6 0.166464 0.514297 -6.4 0.166464 0.514297 -6.2 0.166464
0.514297 -6 0.166464 0.514297 -5.8 0.166464 0.514297 -5.6 0.166464 0.514297
-5.4 0.166464 0.514297 -5.2 0.166464 0.514297 -5 0.166464 0.514297 -4.8
0.166464 0.514297 -4.6 0.166464 0.514297 -4.4 0.166464 0.514297 -4.2 0.166464
0.514297 -4 0.166464 0.514297 -3.8 0.166464 0.514297 -3.6 0.166464 0.514297
-3.4 0.166464 0.514297 -3.2 0.166464 0.514297 -3 0.166464 0.514297 -2.8
0.166464 0.514297 -2.6 0.166464 0.514297 -2.4 0.166464 0.514297 -2.2 0.166464
0.514297 -2 0.166464 0.514297 -1.8 0.166464 0.514297 -1.6 0.166464 0.514297
-1.4 0.166464 0.514297 -1.2 0.166464 0.514297 -1 0.166464 0.514297 -0.8
0.166464 0.514297 -0.6 0.166464 0.514297 -0.4 0.166464 0.514297 -0.2 0.166464
0.514297 0 0.166464 0.514297 0.2 0.166464 0.514297 0.4 0.166464 0.514297
0.6 0.166464 0.514297 0.8 0.166464 0.514297 1 0.166464 0.514297 1.2
0.166464 0.514297 1.4 0.166464 0.514297 1.6 0.166464 0.514297 1.8 0.166464
0.514297 2 0.166464 0.514297 2.2 0.166464 0.514297 2.4 0.166464 0.514297
2.6 0.166464 0.514297 2.8 0.166464 0.514297 3 0.166464 0.514297 3.02683
0.166464 0.514297 3.05367 0.166464 0.514297 3.0805 0.166464 0.514297 3.10734 0.166464
0.514297 3.13417 0.166464 0.514297 3.30734 0.166464 0.514297 3.4805 0.166464 0.514297
3.65367 0.166464 0.514297 3.82683 0.166464 0.514297 4 0.166464 0.514297 4.2
0.166464 0.514297 4.4 0.166464 0.514297 4.6 0.166464 0.514297 4.8 0.166464
0.514297 5 0.166464 0.514297 5.2 0.166464 0.514297 5.4 0.166464 0.514297
5.6 0.166464 0.514297 5.8 0.166464 0.514297 6 0.166464 0.514297 6.2
0.166464 0.514297 6.4 0.166464 0.514297 6.6 0.166464 0.514297 6.8 0.166464
0.514297 7 0.166464 0.514297 7.2 0.166464 0.514297 7.4 0.166464 0.514297
7.6 0.166464 0.514297 7.8 0.166464 0.514297 8 0.166464 0.514297 8.2
0.166464 0.514297 8.4 0.166464 0.514297 8.6 0.166464 0.514297 8.8 0.166464
0.514297 9 0.166464 0.514297 9.2 0.166464 0.514297 9.4 0.166464 0.514297
9.6 0.166464 0.514297 9.8 0.166464 0.514297 10 0.166464 0.514297 10.2
0.166464 0.514297 10.4 0.166464 0.514297 10.6 0.166464 0.514297 10.8 0.166464
0.514297 11 0.166464 0.514297 11.2 0.166464 0.514297 11.4 0.166464 0.514297
11.6 0.166464 0.514297 11.8 0.166464 0.514297 12 0.166464 0.514297 12.2
0.166464 0.514297 12.4 0.166464 0.514297 12.6 0.166464 0.514297 12.8 0.166464
0.514297 13 0.166464 0.514297 13.2 0.166464 0.514297 13.4 0.166464 0.514297
13.6 0.166464 0.514297 13.8 0.166464 0.514297 14 0.166464 0.514297 14.2
0.166464 0.514297 14.4 0.166464 0.514297 14.6 0.166464 0.514297 14.8 0.166464
0.514297 15 0.166464 0.514297 15.2 0.166464 0.514297 15.4 0.166464 0.514297
15.6 0.166464 0.514297 15.8 0.166464 0.514297 16 0.166464 0.514297 16.2
0.166464 0.514297 16.4 0.166464 0.514297 16.6 0.166464 0.514297 16.8 0.166464
0.514297 17 0.166464 0.514297 17.2 0.166464 0.514297 17.4 0.166464 0.514297
17.6 0.166464 0.514297 17.8 0.166464 0.514297 18 0.166464 0.514297 18.2
0.166464 0.514297 18.4 0.166464 0.514297 18.6 0.166464 0.514297 18.8 0.166464
0.514297 19 0.166464 0.514297 19.2 0.166464 0.514297 19.4 0.166464 0.514297
19.6 0.166464 0.514297 19.8 0.166464 0.514297 20 0.166464 0.514297 20.2
0.166464 0.514297 20.4 0.166464 0.514297 20.6 0.166464 0.514297 20.8 0.166464
0.514297 21 0.166464 0.514297 21.2 0.166464 0.514297 21.4 0.166464 0.514297
21.6 0.166464 0.514297 21.8 0.166464 0.514297 22 0.166464 0.514297 22.2
0.166464 0.514297 22.4 0.166464 0.514297 22.6 0.166464 0.514297 22.8 0.166464
0.514297 23 0.166464 0.514297 23.2 0.166464 0.514297 23.4 0.166464 0.514297
23.6 0.166464 0.514297 23.8 0.166464 0.514297 24 0.166464 0.514297 24.2
0.166464 0.514297 24.4 0.166464 0.514297 24.6 0.166464 0.514297 24.8 0.166464
0.514297 25 0.166464 0.514297 25.2 0.166464 0.514297 25.4 0.166464 0.514297
25.6 0.166464 0.514297 25.8 0.166464 0.514297 26 0.166464 0.514297 26.2
0.166464 0.514297 26.4 0.166464 0.514297 26.6 0.166464 0.514297 26.8 0.166464
0.514297 27 0.166464 0.514297 27.2 0.166464 0.514297 27.4 0.166464 0.514297
27.6 0.166464 0.514297 27.8 0.166464 0.514297 28 0.166464 0.514297 28.2
0.166464 0.514297 28.4 0.166464 0.514297 28.6 0.166464 0.514297 28.8 0.166464
0.514297 29 0.166464 0.514297 29.2 0.166464 0.514297 29.4 0.166464 0.514297
29.6 0.166464 0.514297 29.8 0.166464 0.514297 30 0.166464 0.514297 -10
-0.144635 1.40592 -9.8 -0.144635 1.40592 -9.6 -0.144635 1.40592 -9.4 -0.144635
1.40592 -9.2 -0.144635 1.40592 -9 -0.144635 1.40592 -8.8 -0.144635 1.40592
-8.6 -0.144635 1.40592 -8.4 -0.144635 1.40592 -8.2 -0.144635 1.40592 -8
-0.144635 1.40592 -7.8 -0.144635 1.40592 -7.6 -0.144635 1.40592 -7.4 -0.144635
1.40592 -7.2 -0.144635 1.40592 -7 -0.144635 1.40592 -6.8 -0.144635 1.40592
-6.6 -0.144635 1.40592 -6.4 -0.144635 1.40592 -6.2 -0.144635 1.40592 -6
-0.144635 1.40592 -5.8 -0.144635 1.40592 -5.6 -0.144635 1.40592 -5.4 -0.144635
1.40592 -5.2 -0.144635 1.40592 -5 -0.144635 1.40592 -4.8 -0.144635 1.40592
-4.6 -0.144635 1.40592 -4.4 -0.144635 1.40592 -4.2 -0.144635 1.40592 -4
-0.144635 1.40592 -3.8 -0.144635 1.40592 -3.6 -0.144635 1.40592 -3.4 -0.144635
1.40592 -3.2 -0.144635 1.40592 -3 -0.144635 1.40592 -2.8 -0.144635 1.40592
-2.6 -0.144635 1.40592 -2.4 -0.144635 1.40592 -2.2 -0.144635 1.40592 -2
-0.144635 1.40592 -1.8 -0.144635 1.40592 -1.6 -0.144635 1.40592 -1.4 -0.144635
1.40592 -1.2 -0.144635 1.40592 -1 -0.144635 1.40592 -0.8 -0.144635 1.40592
-0.6 -0.144635 1.40592 -0.4 -0.144635 1.40592 -0.2 -0.144635 1.40592 -2.14103e-17
-0.144635 1.40592 0.2 -0.144635 1.40592 0.4 -0.144635 1.40592 0.6 -0.144635
1.40592 0.8 -0.144635 1.40592 1 -0.144635 1.40592 1.2 -0.144635 1.40592
1.4 -0.144635 1.40592 1.6 -0.144635 1.40592 1.8 -0.144635 1.40592 2
-0.144635 1.40592 2.2 -0.144635 1.40592 2.4 -0.144635 1.40592 2.6 -0.144635
1.40592 2.8 -0.144635 1.40592 3 -0.144635 1.40592 3.2 -0.144635 1.40592
3.4 -0.144635 1.40592 3.6 -0.144635 1.40592 3.8 -0.144635 1.40592 4
-0.144635 1.40592 4.13141 -0.144635 1.40592 4.26282 -0.144635 1.40592 4.39423 -0.144635
1.40592 4.52564 -0.144635 1.40592 4.65705 -0.144635 1.40592 4.72564 -0.144635 1.40592
4.79423 -0.144635 1.40592 4.86282 -0.144635 1.40592 4.93141 -0.144635 1.40592 5
-0.144635 1.40592 5.2 -0.144635 1.40592 5.4 -0.144635 1.40592 5.6 -0.144635
1.40592 5.8 -0.144635 1.40592 6 -0.144635 1.40592 6.2 -0.144635 1.40592
6.4 -0.144635 1.40592 6.6 -0.144635 1.40592 6.8 -0.144635 1.40592 7
-0.144635 1.40592 7.2 -0.144635 1.40592 7.4 -0.144635 1.40592 7.6 -0.144635
1.40592 7.8 -0.144635 1.40592 8 -0.144635 1.40592 8.2 -0.144635 1.40592
8.4 -0.144635 1.40592 8.6 -0.144635 1.40592 8.8 -0.144635 1.40592 9
-0.144635 1.40592 9.2 -0.144635 1.40592 9.4 -0.144635 1.40592 9.6 -0.144635
1.40592 9.8 -0.144635 1.40592 10 -0.144635 1.40592 10.2 -0.144635 1.40592
10.4 -0.144635 1.40592 10.6 -0.144635 1.40592 10.8 -0.144635 1.40592 11
-0.144635 1.40592 11.2 -0.144635 1.40592 11.4 -0.144635 1.40592 11.6 -0.144635
1.40592 11.8 -0.144635 1.40592 12 -0.144635 1.40592 12.2 -0.144635 1.40592
12.4 -0.144635 1.40592 12.6 -0.144635 1.40592 12.8 -0.144635 1.40592 13
-0.144635 1.40592 13.2 -0.144635 1.40592 13.4 -0.144635 1.40592 13.6 -0.144635
1.40592 13.8 -0.144635 1.40592 14 -0.144635 1.40592 14.2 -0.144635 1.40592
14.4 -0.144635 1.40592 14.6 -0.144635 1.40592 14.8 -0.144635 1.40592 15
-0.144635 1.40592 15.2 -0.144635 1.40592 15.4 -0.144635 1.40592 15.6 -0.144635
1.40592 15.8 -0.144635 1.40592 16 -0.144635 1.40592 16.2 -0.144635 1.40592
16.4 -0.144635 1.40592 16.6 -0.144635 1.40592 16.8 -0.144635 1.40592 17
-0.144635 1.40592 17.2 -0.144635 1.40592 17.4 -0.144635 1.40592 17.6 -0.144635
1.40592 17.8 -0.144635 1.40592 18 -0.144635 1.40592 18.2 -0.144635 1.40592
18.4 -0.144635 1.40592 18.6 -0.144635 1.40592 18.8 -0.144635 1.40592 19
-0.144635 1.40592 19.2 -0.144635 1.40592 19.4 -0.144635 1.40592 19.6 -0.144635
1.40592 19.8 -0.144635 1.40592 20 -0.144635 1.40592 20.2 -0.144635 1.40592
20.4 -0.144635 1.40592 20.6 -0.144635 1.40592 20.8 -0.144635 1.40592 21
-0.144635 1.40592 21.2 -0.144635 1.40592 21.4 -0.144635 1.40592 21.6 -0.144635
1.40592 21.8 -0.144635 1.40592 22 -0.144635 1.40592 22.2 -0.144635 1.40592
22.4 -0.144635 1.40592 22.6 -0.144635 1.40592 22.8 -0.144635 1.40592 23
-0.144635 1.40592 23.2 -0.144635 1.40592 23.4 -0.144635 1.40592 23.6 -0.144635
1.40592 23.8 -0.144635 1.40592 24 -0.144635 1.40592 24.2 -0.144635 1.40592
24.4 -0.144635 1.40592 24.6 -0.144635 1.40592 24.8 -0.144635 1.40592 25
-0.144635 1.40592 25.2 -0.144635 1.40592 25.4 -0.144635 1.40592 25.6 -0.144635
1.40592 25.8 -0.144635 1.40592 26 -0.144635 1.40592 26.2 -0.144635 1.40592
26.4 -0.144635 1.40592 26.6 -0.144635 1.40592 26.8 -0.144635 1.40592 27
-0.144635 1.40592 27.2 -0.144635 1.40592 27.4 -0.144635 1.40592 27.6 -0.144635
1.40592 27.8 -0.144635 1.40592 28 -0.144635 1.40592 28.2 -0.144635 1.40592
28.4 -0.144635 1.40592 28.6 -0.144635 1.40592 28.8 -0.144635 1.40592 29
-0.144635 1.40592 29.2 -0.144635 1.40592 29.4 -0.144635 1.40592 29.6 -0.144635
1.40592 29.8 -0.144635 1.40592 30 -0.144635 1.40592 -10 -0.658253 1.08723
-9.8 -0.658253 1.08723 -9.6 -0.658253 1.08723 -9.4 -0.658253 1.08723 -9.2
-0.658253 1.08723 -9 -0.658253 1.08723 -8.8 -0.658253 1.08723 -8.6 -0.658253
1.08723 -8.4 -0.658253 1.08723 -8.2 -0.658253 1.08723 -8 -0.658253 1.08723
-7.8 -0.658253 1.08723 -7.6 -0.658253 1.08723 -7.4 -0.658253 1.08723 -7.2
-0.658253 1.08723 -7 -0.658253 1.08723 -6.8 -0.658253 1.08723 -6.6 -0.658253
1.08723 -6.4 -0.658253 1.08723 -6.2 -0.658253 1.08723 -6 -0.658253 1.08723
-5.8 -0.658253 1.08723 -5.6 -0.658253 1.08723 -5.4 -0.658253 1.08723 -5.2
-0.658253 1.08723 -5 -0.658253 1.08723 -4.8 -0.658253 1.08723 -4.6 -0.658253
1.08723 -4.4 -0.658253 1.08723 -4.2 -0.658253 1.08723 -4 -0.658253 1.08723
-3.8 -0.658253 1.08723 -3.6 -0.658253 1.08723 -3.4 -0.658253 1.08723 -3.2
-0.658253 1.08723 -3 -0.658253 1.08723 -2.8 -0.658253 1.08723 -2.6 -0.658253
1.08723 -2.4 -0.658253 1.08723 -2.2 -0.658253 1.08723 -2 -0.658253 1.08723
-1.8 -0.658253 1.08723 -1.6 -0.658253 1.08723 -1.4 -0.658253 1.08723 -1.2
-0.658253 1.08723 -1 -0.658253 1.08723 -0.8 -0.658253 1.08723 -0.6 -0.658253
1.08723 -0.4 -0.658253 1.08723 -0.2 -0.658253 1.08723 -9.7441e-17 -0.658253 1.08723
0.2 -0.658253 1.08723 0.4 -0.658253 1.08723 0.6 -0.658253 1.08723 0.8
-0.658253 1.08723 1 -0.658253 1.08723 1.2 -0.658253 1.08723 1.4 -0.658253
1.08723 1.6 -0.658253 1.08723 1.8 -0.658253 1.08723 2 -0.658253 1.08723
2.2 -0.658253 1.08723 2.4 -0.658253 1.08723 2.6 -0.658253 1.08723 2.8
-0.658253 1.08723 3 -0.658253 1.08723 3.09248 -0.658253 1.08723 3.18496 -0.658253
1.08723 3.27743 -0.658253 1.08723 3.36991 -0.658253 1.08723 3.46239 -0.658253 1.08723
3.56991 -0.658253 1.08723 3.67743 -0.658253 1.08723 3.78496 -0.658253 1.08723 3.89248
-0.658253 1.08723 4 -0.658253 1.08723 4.2 -0.658253 1.08723 4.4 -0.658253
1.08723 4.6 -0.658253 1.08723 4.8 -0.658253 1.08723 5 -0.658253 1.08723
5.2 -0.658253 1.08723 5.4 -0.658253 1.08723 5.6 -0.658253 1.08723 5.8
-0.658253 1.08723 6 -0.658253 1.08723 6.2 -0.658253 1.08723 6.4 -0.658253
1.08723 6.6 -0.658253 1.08723 6.8 -0.658253 1.08723 7 -0.658253 1.08723
7.2 -0.658253 1.08723 7.4 -0.658253 1.08723 7.6 -0.658253 1.08723 7.8
-0.658253 1.08723 8 -0.658253 1.08723 8.2 -0.658253 1.08723 8.4 -0.658253
1.08723 8.6 -0.658253 1.08723 8.8 -0.658253 1.08723 9 -0.658253 1.08723
9.2 -0.658253 1.08723 9.4 -0.658253 1.08723 9.6 -0.658253 1.08723 9.8
-0.658253 1.08723 10 -0.658253 1.08723 10.2 -0.658253 1.08723 10.4 -0.658253
1.08723 10.6 -0.658253 1.08723 10.8 -0.658253 1.08723 11 -0.658253 1.08723
11.2 -0.658253 1.08723 11.4 -0.658253 1.08723 11.6 -0.658253 1.08723 11.8
-0.658253 1.08723 12 -0.658253 1.08723 12.2 -0.658253 1.08723 12.4 -0.658253
1.08723 12.6 -0.658253 1.08723 12.8 -0.658253 1.08723 13 -0.658253 1.08723
13.2 -0.658253 1.08723 13.4 -0.658253 1.08723 13.6 -0.658253 1.08723 13.8
-0.658253 1.08723 14 -0.658253 1.08723 14.2 -0.658253 1.08723 14.4 -0.658253
1.08723 14.6 -0.658253 1.08723 14.8 -0.658253 1.08723 15 -0.658253 1.08723
15.2 -0.658253 1.08723 15.4 -0.658253 1.08723 15.6 -0.658253 1.08723 15.8
-0.658253 1.08723 16 -0.658253 1.08723 16.2 -0.658253 1.08723 16.4 -0.658253
1.08723 16.6 -0.658253 1.08723 16.8 -0.658253 1.08723 17 -0.658253 1.08723
17.2 -0.658253 1.08723 17.4 -0.658253 1.08723 17.6 -0.658253 1.08723 17.8
-0.658253 1.08723 18 -0.658253 1.08723 18.2 -0.658253 1.08723 18.4 -0.658253
1.08723 18.6 -0.658253 1.08723 18.8 -0.658253 1.08723 19 -0.658253 1.08723
19.2 -0.658253 1.08723 19.4 -0.658253 1.08723 19.6 -0.658253 1.08723 19.8
-0.658253 1.08723 20 -0.658253 1.08723 20.2 -0.658253 1.08723 20.4 -0.658253
1.08723 20.6 -0.658253 1.08723 20.8 -0.658253 1.08723 21 -0.658253 1.08723
21.2 -0.658253 1.08723 21.4 -0.658253 1.08723 21.6 -0.658253 1.08723 21.8
-0.658253 1.08723 22 -0.658253 1.08723 22.2 -0.658253 1.08723 22.4 -0.658253
1.08723 22.6 -0.658253 1.08723 22.8 -0.658253 1.08723 23 -0.658253 1.08723
23.2 -0.658253 1.08723 23.4 -0.658253 1.08723 23.6 -0.658253 1.08723 23.8
-0.658253 1.08723 24 -0.658253 1.08723 24.2 -0.658253 1.08723 24.4 -0.658253
1.08723 24.6 -0.658253 1.08723 24.8 -0.658253 1.08723 25 -0.658253 1.08723
25.2 -0.658253 1.08723 25.4 -0.658253 1.08723 25.6 -0.658253 1.08723 25.8
-0.658253 1.08723 26 -0.658253 1.08723 26.2 -0.658253 1.08723 26.4 -0.658253
1.08723 26.6 -0.658253 1.08723 26.8 -0.658253 1.08723 27 -0.658253 1.08723
27.2 -0.658253 1.08723 27.4 -0.658253 1.08723 27.6 -0.658253 1.08723 27.8
-0.658253 1.08723 28 -0.658253 1.08723 28.2 -0.658253 1.08723 28.4 -0.658253
1.08723 28.6 -0.658253 1.08723 28.8 -0.658253 1.08723 29 -0.658253 1.08723
29.2 -0.658253 1.08723 29.4 -0.658253 1.08723 29.6 -0.658253 1.08723 29.8
-0.658253 1.08723 30 -0.658253 1.08723 
LINES 27 5589
206 0 1 2 3 4 5 6 7 8 9
10 11 12 13 14 15 16 17 18 19
20 21 22 23 24 25 26 27 28 29
30 31 32 33 34 35 36 37 38 39
40 41 42 43 44 45 46 47 48 49
50 51 52 53 54 55 56 57 58 59
60 61 62 63 64 65 66 67 68 69
70 71 72 73 74 75 76 77 78 79
80 81 82 83 84 85 86 87 88 89
90 91 92 93 94 95 96 97 98 99
100 101 102 103 104 105 106 107 108 109
110 111 112 113 114 115 116 117 118 119
120 121 122 123 124 125 126 127 128 129
130 131 132 133 134 135 136 137 138 139
140 141 142 143 144 145 146 147 148 149
150 151 152 153 154 155 156 157 158 159
160 161 162 163 164 165 166 167 168 169
170 171 172 173 174 175 176 177 178 179
180 181 182 183 184 185 186 187 188 189
190 191 192 193 194 195 196 197 198 199
200 201 202 203 204 205 206 206 207 208
209 210 211 212 213 214 215 216 217 218
219 220 221 222 223 224 225 226 227 228
229 230 231 232 233 234 235 236 237 238
239 240 241 242 243 244 245 246 247 248
249 250 251 252 253 254 255 256 257 258
259 260 261 262 263 264 265 266 267 268
269 270 271 272 273 274 275 276 277 278
279 280 281 282 283 284 285 286 287 288
289 290 291 292 293 294 295 296 297 298
299 300 301 302 303 304 305 306 307 308
309 310 311 312 313 314 315 316 317 318
319 320 321 322 323 324 325 326 327 328
329 330 331 332 333 334 335 336 337 338
339 340 341 342 343 344 345 346 347 348
349 350 351 352 353 354 355 356 357 358
359 360 361 362 363 364 365 366 367 368
369 370 371 372 373 374 375 376 377 378
379 380 381 382 383 384 385 386 387 388
389 390 391 392 393 394 395 396 397 398
399 400 401 402 403 404 405 406 407 408
409 410 411 206 412 413 414 415 416 417
418 419 420 421 422 423 424 425 426 427
428 429 430 431 432 433 434 435 436 437
438 439 440 441 442 443 444 445 446 447
448 449 450 451 452 453 454 455 456 457
458 459 460 461 462 463 464 465 466 467
468 469 470 471 472 473 474 475 476 477
478 479 480 481 482 483 484 485 486 487
488 489 490 491 492 493 494 495 496 497
498 499 500 501 502 503 504 505 506 507
508 509 510 511 512 513 514 515 516 517
518 519 520 521 522 523 524 525 526 527
528 529 530 531 532 533 534 535 536 537
538 539 540 541 542 543 544 545 546 547
548 549 550 551 552 553 554 555 556 557
558 559 560 561 562 563 564 565 566 567
568 569 570 571 572 573 574 575 576 577
578 579 580 581 582 583 584 585 586 587
588 589 590 591 592 593 594 595 596 597
598 599 600 601 602 603 604 605 606 607
608 609 610 611 612 613 614 615 616 617
206 618 619 620 621 622 623 624 625 626
627 628 629 630 631 632 633 634 635 636
637 638 639 640 641 642 643 644 645 646
647 648 649 650 651 652 653 654 655 656
657 658 659 660 661 662 663 664 665 666
667 668 669 670 671 672 673 674 675 676
677 678 679 680 681 682 683 684 685 686
687 688 689 690 691 692 693 694 695 696
697 698 699 700 701 702 703 704 705 706
707 708 709 710 711 712 713 714 715 716
717 718 719 720 721 722 723 724 725 726
727 728 729 730 731 732 733 734 735 736
737 738 739 740 741 742 743 744 745 746
747 748 749 750 751 752 753 754 755 756
757 758 759 760 761 762 763 764 765 766
767 768 769 770 771 772 773 774 775 776
777 778 779 780 781 782 783 784 785 786
787 788 789 790 791 792 793 794 795 796
797 798 799 800 801 802 803 804 805 806
807 808 809 810 811 812 813 814 815 816
817 818 819 820 821 822 823 206 824 825
826 827 828 829 830 831 832 833 834 835
836 837 838 839 840 841 842 843 844 845
846 847 848 849 850 851 852 853 854 855
856 857 858 859 860 861 862 863 864 865
866 867 868 869 870 871 872 873 874 875
876 877 878 879 880 881 882 883 884 885
886 887 888 889 890 891 892 893 894 895
896 897 898 899 900 901 902 903 904 905
906 907 908 909 910 911 912 913 914 915
916 917 918 919 920 921 922 923 924 925
926 927 928 929 930 931 932 933 934 935
936 937 938 939 940 941 942 943 944 945
946 947 948 949 950 951 952 953 954 955
956 957 958 959 960 961 962 963 964 965
966 967 968 969 970 971 972 973 974 975
976 977 978 979 980 981 982 983 984 985
986 987 988 989 990 991 992 993 994 995
996 997 998 999 1000 1001 1002 1003 1004 1005
1006 1007 1008 1009 1010 1011 1012 1013 1014 1015
1016 1017 1018 1019 1020 1021 1022 1023 1024 1025
1026 1027 1028 1029 206 1030 1031 1032 1033 1034
1035 1036 1037 1038 1039 1040 1041 1042 1043 1044
1045 1046 1047 1048 1049 1050 1051 1052 1053 1054
1055 1056 1057 1058 1059 1060 1061 1062 1063 1064
1065 1066 1067 1068 1069 1070 1071 1072 1073 1074
1075 1076 1077 1078 1079 1080 1081 1082 1083 1084
1085 1086 1087 1088 1089 1090 1091 1092 1093 1094
1095 1096 1097 1098 1099 1100 1101 1102 1103 1104
1105 1106 1107 1108 1109 1110 1111 1112 1113 1114
1115 1116 1117 1118 1119 1120 1121 1122 1123 1124
1125 1126 1127 1128 1129 1130 1131 1132 1133 1134
1135 1136 1137 1138 1139 1140 1141 1142 1143 1144
1145 1146 1147 1148 1149 1150 1151 1152 1153 1154
1155 1156 1157 1158 1159 1160 1161 1162 1163 1164
1165 1166 1167 1168 1169 1170 1171 1172 1173 1174
1175 1176 1177 1178 1179 1180 1181 1182 1183 1184
1185 1186 1187 1188 1189 1190 1191 1192 1193 1194
1195 1196 1197 1198 1199 1200 1201 1202 1203 1204
1205 1206 1207 1208 1209 1210 1211 1212 1213 1214
1215 1216 1217 1218 1219 1220 1221 1222 1223 1224
1225 1226 1227 1228 1229 1230 1231 1232 1233 1234
1235 206 1236 1237 1238 1239 1240 1241 1242 1243
1244 1245 1246 1247 1248 1249 1250 1251 1252 1253
1254 1255 1256 1257 1258 1259 1260 1261 1262 1263
1264 1265 1266 1267 1268 1269 1270 1271 1272 1273
1274 1275 1276 1277 1278 1279 1280 1281 1282 1283
1284 1285 1286 1287 1288 1289 1290 1291 1292 1293
1294 1295 1296 1297 1298 1299 1300 1301 1302 1303
1304 1305 1306 1307 1308 1309 1310 1311 1312 1313
1314 1315 1316 1317 1318 1319 1320 1321 1322 1323
1324 1325 1326 1327 1328 1329 1330 1331 1332 1333
1334 1335 1336 1337 1338 1339 1340 1341 1342 1343
1344 1345 1346 1347 1348 1349 1350 1351 1352 1353
1354 1355 1356 1357 1358 1359 1360 1361 1362 1363
1364 1365 1366 1367 1368 1369 1370 1371 1372 1373
1374 1375 1376 1377 1378 1379 1380 1381 1382 1383
1384 1385 1386 1387 1388 1389 1390 1391 1392 1393
1394 1395 1396 1397 1398 1399 1400 1401 1402 1403
1404 1405 1406 1407 1408 1409 1410 1411 1412 1413
1414 1415 1416 1417 1418 1419 1420 1421 1422 1423
1424 1425 1426 1427 1428 1429 1430 1431 1432 1433
1434 1435 1436 1437 1438 1439 1440 1441 206 1442
1443 1444 1445 1446 1447 1448 1449 1450 1451 1452
1453 1454 1455 1456 1457 1458 1459 1460 1461 1462
1463 1464 1465 1466 1467 1468 1469 1470 1471 1472
1473 1474 1475 1476 1477 1478 1479 1480 1481 1482
1483 1484 1485 1486 1487 1488 1489 1490 1491 1492
1493 1494 1495 1496 1497 1498 1499 1500 1501 1502
1503 1504 1505 1506 1507 1508 1509 1510 1511 1512
1513 1514 1515 1516 1517 1518 1519 1520 1521 1522
1523 1524 1525 1526 1527 1528 1529 1530 1531 1532
1533 1534 1535 1536 1537 1538 1539 1540 1541 1542
1543 1544 1545 1546 1547 1548 1549 1550 1551 1552
1553 1554 1555 1556 1557 1558 1559 1560 1561 1562
1563 1564 1565 1566 1567 1568 1569 1570 1571 1572
1573 1574 1575 1576 1577 1578 1579 1580 1581 1582
1583 1584 1585 1586 1587 1588 1589 1590 1591 1592
1593 1594 1595 1596 1597 1598 1599 1600 1601 1602
1603 1604 1605 1606 1607 1608 1609 1610 1611 1612
1613 1614 1615 1616 1617 1618 1619 1620 1621 1622
1623 1624 1625 1626 1627 1628 1629 1630 1631 1632
1633 1634 1635 1636 1637 1638 1639 1640 1641 1642
1643 1644 1645 1646 1647 206 1648 1649 1650 1651
1652 1653 1654 1655 1656 1657 1658 1659 1660 1661
1662 1663 1664 1665 1666 1667 1668 1669 1670 1671
1672 1673 1674 1675 1676 1677 1678 1679 1680 1681
1682 1683 1684 1685 1686 1687 1688 1689 1690 1691
1692 1693 1694 1695 1696 1697 1698 1699 1700 1701
1702 1703 1704 1705 1706 1707 1708 1709 1710 1711
1712 1713 1714 1715 1716 1717 1718 1719 1720 1721
1722 1723 1724 1725 1726 1727 1728 1729 1730 1731
1732 1733 1734 1735 1736 1737 1738 1739 1740 1741
1742 1743 1744 1745 1746 1747 1748 1749 1750 1751
1752 1753 1754 1755 1756 1757 1758 1759 1760 1761
1762 1763 1764 1765 1766 1767 1768 1769 1770 1771
1772 1773 1774 1775 1776 1777 1778 1779 1780 1781
1782 1783 1784 1785 1786 1787 1788 1789 1790 1791
1792 1793 1794 1795 1796 1797 1798 1799 1800 1801
1802 1803 1804 1805 1806 1807 1808 1809 1810 1811
1812 1813 1814 1815 1816 1817 1818 1819 1820 1821
1822 1823 1824 1825 1826 1827 1828 1829 1830 1831
1832 1833 1834 1835 1836 1837 1838 1839 1840 1841
1842 1843 1844 1845 1846 1847 1848 1849 1850 1851
1852 1853 206 1854 1855 1856 1857 1858 1859 1860
1861 1862 1863 1864 1865 1866 1867 1868 1869 1870
1871 1872 1873 1874 1875 1876 1877 1878 1879 1880
1881 1882 1883 1884 1885 1886 1887 1888 1889 1890
1891 1892 1893 1894 1895 1896 1897 1898 1899 1900
1901 1902 1903 1904 1905 1906 1907 1908 1909 1910
1911 1912 1913 1914 1915 1916 1917 1918 1919 1920
1921 1922 1923 1924 1925 1926 1927 1928 1929 1930
1931 1932 1933 1934 1935 1936 1937 1938 1939 1940
1941 1942 1943 1944 1945 1946 1947 1948 1949 1950
1951 1952 1953 1954 1955 1956 1957 1958 1959 1960
1961 1962 1963 1964 1965 1966 1967 1968 1969 1970
1971 1972 1973 1974 1975 1976 1977 1978 1979 1980
1981 1982 1983 1984 1985 1986 1987 1988 1989 1990
1991 1992 1993 1994 1995 1996 1997 1998 1999 2000
2001 2002 2003 2004 2005 2006 2007 2008 2009 2010
2011 2012 2013 2014 2015 2016 2017 2018 2019 2020
2021 2022 2023 2024 2025 2026 2027 2028 2029 2030
2031 2032 2033 2034 2035 2036 2037 2038 2039 2040
2041 2042 2043 2044 2045 2046 2047 2048 2049 2050
2051 2052 2053 2054 2055 2056 2057 2058 2059 206
2060 2061 2062 2063 2064 2065 2066 2067 2068 2069
2070 2071 2072 2073 2074 2075 2076 2077 2078 2079
2080 2081 2082 2083 2084 2085 2086 2087 2088 2089
2090 2091 2092 2093 2094 2095 2096 2097 2098 2099
2100 2101 2102 2103 2104 2105 2106 2107 2108 2109
2110 2111 2112 2113 2114 2115 2116 2117 2118 2119
2120 2121 2122 2123 2124 2125 2126 2127 2128 2129
2130 2131 2132 2133 2134 2135 2136 2137 2138 2139
2140 2141 2142 2143 2144 2145 2146 2147 2148 2149
2150 2151 2152 2153 2154 2155 2156 2157 2158 2159
2160 2161 2162 2163 2164 2165 2166 2167 2168 2169
2170 2171 2172 2173 2174 2175 2176 2177 2178 2179
2180 2181 2182 2183 2184 2185 2186 2187 2188 2189
2190 2191 2192 2193 2194 2195 2196 2197 2198 2199
2200 2201 2202 2203 2204 2205 2206 2207 2208 2209
2210 2211 2212 2213 2214 2215 2216 2217 2218 2219
2220 2221 2222 2223 2224 2225 2226 2227 2228 2229
2230 2231 2232 2233 2234 2235 2236 2237 2238 2239
2240 2241 2242 2243 2244 2245 2246 2247 2248 2249
2250 2251 2252 2253 2254 2255 2256 2257 2258 2259
2260 2261 2262 2263 2264 2265 206 2266 2267 2268
2269 2270 2271 2272 2273 2274 2275 2276 2277 2278
2279 2280 2281 2282 2283 2284 2285 2286 2287 2288
2289 2290 2291 2292 2293 2294 2295 2296 2297 2298
2299 2300 2301 2302 2303 2304 2305 2306 2307 2308
2309 2310 2311 2312 2313 2314 2315 2316 2317 2318
2319 2320 2321 2322 2323 2324 2325 2326 2327 2328
2329 2330 2331 2332 2333 2334 2335 2336 2337 2338
2339 2340 2341 2342 2343 2344 2345 2346 2347 2348
2349 2350 2351 2352 2353 2354 2355 2356 2357 2358
2359 2360 2361 2362 2363 2364 2365 2366 2367 2368
2369 2370 2371 2372 2373 2374 2375 2376 2377 2378
2379 2380 2381 2382 2383 2384 2385 2386 2387 2388
2389 2390 2391 2392 2393 2394 2395 2396 2397 2398
2399 2400 2401 2402 2403 2404 2405 2406 2407 2408
2409 2410 2411 2412 2413 2414 2415 2416 2417 2418
2419 2420 2421 2422 2423 2424 2425 2426 2427 2428
2429 2430 2431 2432 2433 2434 2435 2436 2437 2438
2439 2440 2441 2442 2443 2444 2445 2446 2447 2448
2449 2450 2451 2452 2453 2454 2455 2456 2457 2458
2459 2460 2461 2462 2463 2464 2465 2466 2467 2468
2469 2470 2471 206 2472 2473 2474 2475 2476 2477
2478 2479 2480 2481 2482 2483 2484 2485 2486 2487
2488 2489 2490 2491 2492 2493 2494 2495 2496 2497
2498 2499 2500 2501 2502 2503 2504 2505 2506 2507
2508 2509 2510 2511 2512 2513 2514 2515 2516 2517
2518 2519 2520 2521 2522 2523 2524 2525 2526 2527
2528 2529 2530 2531 2532 2533 2534 2535 2536 2537
2538 2539 2540 2541 2542 2543 2544 2545 2546 2547
2548 2549 2550 2551 2552 2553 2554 2555 2556 2557
2558 2559 2560 2561 2562 2563 2564 2565 2566 2567
2568 2569 2570 2571 2572 2573 2574 2575 2576 2577
2578 2579 2580 2581 2582 2583 2584 2585 2586 2587
2588 2589 2590 2591 2592 2593 2594 2595 2596 2597
2598 2599 2600 2601 2602 2603 2604 2605 2606 2607
2608 2609 2610 2611 2612 2613 2614 2615 2616 2617
2618 2619 2620 2621 2622 2623 2624 2625 2626 2627
2628 2629 2630 2631 2632 2633 2634 2635 2636 2637
2638 2639 2640 2641 2642 2643 2644 2645 2646 2647
2648 2649 2650 2651 2652 2653 2654 2655 2656 2657
2658 2659 2660 2661 2662 2663 2664 2665 2666 2667
2668 2669 2670 2671 2672 2673 2674 2675 2676 2677
206 2678 2679 2680 2681 2682 2683 2684 2685 2686
2687 2688 2689 2690 2691 2692 2693 2694 2695 2696
2697 2698 2699 2700 2701 2702 2703 2704 2705 2706
2707 2708 2709 2710 2711 2712 2713 2714 2715 2716
2717 2718 2719 2720 2721 2722 2723 2724 2725 2726
2727 2728 2729 2730 2731 2732 2733 2734 2735 2736
2737 2738 2739 2740 2741 2742 2743 2744 2745 2746
2747 2748 2749 2750 2751 2752 2753 2754 2755 2756
2757 2758 2759 2760 2761 2762 2763 2764 2765 2766
2767 2768 2769 2770 2771 2772 2773 2774 2775 2776
2777 2778 2779 2780 2781 2782 2783 2784 2785 2786
2787 2788 2789 2790 2791 2792 2793 2794 2795 2796
2797 2798 2799 2800 2801 2802 2803 2804 2805 2806
2807 2808 2809 2810 2811 2812 2813 2814 2815 2816
2817 2818 2819 2820 2821 2822 2823 2824 2825 2826
2827 2828 2829 2830 2831 2832 2833 2834 2835 2836
2837 2838 2839 2840 2841 2842 2843 2844 2845 2846
2847 2848 2849 2850 2851 2852 2853 2854 2855 2856
2857 2858 2859 2860 2861 2862 2863 2864 2865 2866
2867 2868 2869 2870 2871 2872 2873 2874 2875 2876
2877 2878 2879 2880 2881 2882 2883 206 2884 2885
2886 2887 2888 2889 2890 2891 2892 2893 2894 2895
2896 2897 2898 2899 2900 2901 2902 2903 2904 2905
2906 2907 2908 2909 2910 2911 2912 2913 2914 2915
2916 2917 2918 2919 2920 2921 2922 2923 2924 2925
2926 2927 2928 2929 2930 2931 2932 2933 2934 2935
2936 2937 2938 2939 2940 2941 2942 2943 2944 2945
2946 2947 2948 2949 2950 2951 2952 2953 2954 2955
2956 2957 2958 2959 2960 2961 2962 2963 2964 2965
2966 2967 2968 2969 2970 2971 2972 2973 2974 2975
2976 2977 2978 2979 2980 2981 2982 2983 2984 2985
2986 2987 2988 2989 2990 2991 2992 2993 2994 2995
2996 2997 2998 2999 3000 3001 3002 3003 3004 3005
3006 3007 3008 3009 3010 3011 3012 3013 3014 3015
3016 3017 3018 3019 3020 3021 3022 3023 3024 3025
3026 3027 3028 3029 3030 3031 3032 3033 3034 3035
3036 3037 3038 3039 3040 3041 3042 3043 3044 3045
3046 3047 3048 3049 3050 3051 3052 3053 3054 3055
3056 3057 3058 3059 3060 3061 3062 3063 3064 3065
3066 3067 3068 3069 3070 3071 3072 3073 3074 3075
3076 3077 3078 3079 3080 3081 3082 3083 3084 3085
3086 3087 3088 3089 206 3090 3091 3092 3093 3094
3095 3096 3097 3098 3099 3100 3101 3102 3103 3104
3105 3106 3107 3108 3109 3110 3111 3112 3113 3114
3115 3116 3117 3118 3119 3120 3121 3122 3123 3124
3125 3126 3127 3128 3129 3130 3131 3132 3133 3134
3135 3136 3137 3138 3139 3140 3141 3142 3143 3144
3145 3146 3147 3148 3149 3150 3151 3152 3153 3154
3155 3156 3157 3158 3159 3160 3161 3162 3163 3164
3165 3166 3167 3168 3169 3170 3171 3172 3173 3174
3175 3176 3177 3178 3179 3180 3181 3182 3183 3184
3185 3186 3187 3188 3189 3190 3191 3192 3193 3194
3195 3196 3197 3198 3199 3200 3201 3202 3203 3204
3205 3206 3207 3208 3209 3210 3211 3212 3213 3214
3215 3216 3217 3218 3219 3220 3221 3222 3223 3224
3225 3226 3227 3228 3229 3230 3231 3232 3233 3234
3235 3236 3237 3238 3239 3240 3241 3242 3243 3244
3245 3246 3247 3248 3249 3250 3251 3252 3253 3254
3255 3256 3257 3258 3259 3260 3261 3262 3263 3264
3265 3266 3267 3268 3269 3270 3271 3272 3273 3274
3275 3276 3277 3278 3279 3280 3281 3282 3283 3284
3285 3286 3287 3288 3289 3290 3291 3292 3293 3294
3295 206 3296 3297 3298 3299 3300 3301 3302 3303
3304 3305 3306 3307 3308 3309 3310 3311 3312 3313
3314 3315 3316 3317 3318 3319 3320 3321 3322 3323
3324 3325 3326 3327 3328 3329 3330 3331 3332 3333
3334 3335 3336 3337 3338 3339 3340 3341 3342 3343
3344 3345 3346 3347 3348 3349 3350 3351 3352 3353
3354 3355 3356 3357 3358 3359 3360 3361 3362 3363
3364 3365 3366 3367 3368 3369 3370 3371 3372 3373
3374 3375 3376 3377 3378 3379 3380 3381 3382 3383
3384 3385 3386 3387 3388 3389 3390 3391 3392 3393
3394 3395 3396 3397 3398 3399 3400 3401 3402 3403
3404 3405 3406 3407 3408 3409 3410 3411 3412 3413
3414 3415 3416 3417 3418 3419 3420 3421 3422 3423
3424 3425 3426 3427 3428 3429 3430 3431 3432 3433
3434 3435 3436 3437 3438 3439 3440 3441 3442 3443
3444 3445 3446 3447 3448 3449 3450 3451 3452 3453
3454 3455 3456 3457 3458 3459 3460 3461 3462 3463
3464 3465 3466 3467 3468 3469 3470 3471 3472 3473
3474 3475 3476 3477 3478 3479 3480 3481 3482 3483
3484 3485 3486 3487 3488 3489 3490 3491 3492 3493
3494 3495 3496 3497 3498 3499 3500 3501 206 3502
3503 3504 3505 3506 3507 3508 3509 3510 3511 3512
3513 3514 3515 3516 3517 3518 3519 3520 3521 3522
3523 3524 3525 3526 3527 3528 3529 3530 3531 3532
3533 3534 3535 3536 3537 3538 3539 3540 3541 3542
3543 3544 3545 3546 3547 3548 3549 3550 3551 3552
3553 3554 3555 3556 3557 3558 3559 3560 3561 3562
3563 3564 3565 3566 3567 3568 3569 3570 3571 3572
3573 3574 3575 3576 3577 3578 3579 3580 3581 3582
3583 3584 3585 3586 3587 3588 3589 3590 3591 3592
3593 3594 3595 3596 3597 3598 3599 3600 3601 3602
3603 3604 3605 3606 3607 3608 3609 3610 3611 3612
3613 3614 3615 3616 3617 3618 3619 3620 3621 3622
3623 3624 3625 3626 3627 3628 3629 3630 3631 3632
3633 3634 3635 3636 3637 3638 3639 3640 3641 3642
3643 3644 3645 3646 3647 3648 3649 3650 3651 3652
3653 3654 3655 3656 3657 3658 3659 3660 3661 3662
3663 3664 3665 3666 3667 3668 3669 3670 3671 3672
3673 3674 3675 3676 3677 3678 3679 3680 3681 3682
3683 3684 3685 3686 3687 3688 3689 3690 3691 3692
3693 3694 3695 3696 3697 3698 3699 3700 3701 3702
3703 3704 3705 3706 3707 206 3708 3709 3710 3711
3712 3713 3714 3715 3716 3717 3718 3719 3720 3721
3722 3723 3724 3725 3726 3727 3728 3729 3730 3731
3732 3733 3734 3735 3736 3737 3738 3739 3740 3741
3742 3743 3744 3745 3746 3747 3748 3749 3750 3751
3752 3753 3754 3755 3756 3757 3758 3759 3760 3761
3762 3763 3764 3765 3766 3767 3768 3769 3770 3771
3772 3773 3774 3775 3776 3777 3778 3779 3780 3781
3782 3783 3784 3785 3786 3787 3788 3789 3790 3791
3792 3793 3794 3795 3796 3797 3798 3799 3800 3801
3802 3803 3804 3805 3806 3807 3808 3809 3810 3811
3812 3813 3814 3815 3816 3817 3818 3819 3820 3821
3822 3823 3824 3825 3826 3827 3828 3829 3830 3831
3832 3833 3834 3835 3836 3837 3838 3839 3840 3841
3842 3843 3844 3845 3846 3847 3848 3849 3850 3851
3852 3853 3854 3855 3856 3857 3858 3859 3860 3861
3862 3863 3864 3865 3866 3867 3868 3869 3870 3871
3872 3873 3874 3875 3876 3877 3878 3879 3880 3881
3882 3883 3884 3885 3886 3887 3888 3889 3890 3891
3892 3893 3894 3895 3896 3897 3898 3899 3900 3901
3902 3903 3904 3905 3906 3907 3908 3909 3910 3911
3912 3913 206 3914 3915 3916 3917 3918 3919 3920
3921 3922 3923 3924 3925 3926 3927 3928 3929 3930
3931 3932 3933 3934 3935 3936 3937 3938 3939 3940
3941 3942 3943 3944 3945 3946 3947 3948 3949 3950
3951 3952 3953 3954 3955 3956 3957 3958 3959 3960
3961 3962 3963 3964 3965 3966 3967 3968 3969 3970
3971 3972 3973 3974 3975 3976 3977 3978 3979 3980
3981 3982 3983 3984 3985 3986 3987 3988 3989 3990
3991 3992 3993 3994 3995 3996 3997 3998 3999 4000
4001 4002 4003 4004 4005 4006 4007 4008 4009 4010
4011 4012 4013 4014 4015 4016 4017 4018 4019 4020
4021 4022 4023 4024 4025 4026 4027 4028 4029 4030
4031 4032 4033 4034 4035 4036 4037 4038 4039 4040
4041 4042 4043 4044 4045 4046 4047 4048 4049 4050
4051 4052 4053 4054 4055 4056 4057 4058 4059 4060
4061 4062 4063 4064 4065 4066 4067 4068 4069 4070
4071 4072 4073 4074 4075 4076 4077 4078 4079 4080
4081 4082 4083 4084 4085 4086 4087 4088 4089 4090
4091 4092 4093 4094 4095 4096 4097 4098 4099 4100
4101 4102 4103 4104 4105 4106 4107 4108 4109 4110
4111 4112 4113 4114 4115 4116 4117 4118 4119 206
4120 4121 4122 4123 4124 4125 4126 4127 4128 4129
4130 4131 4132 4133 4134 4135 4136 4137 4138 4139
4140 4141 4142 4143 4144 4145 4146 4147 4148 4149
4150 4151 4152 4153 4154 4155 4156 4157 4158 4159
4160 4161 4162 4163 4164 4165 4166 4167 4168 4169
4170 4171 4172 4173 4174 4175 4176 4177 4178 4179
4180 4181 4182 4183 4184 4185 4186 4187 4188 4189
4190 4191 4192 4193 4194 4195 4196 4197 4198 4199
4200 4201 4202 4203 4204 4205 4206 4207 4208 4209
4210 4211 4212 4213 4214 4215 4216 4217 4218 4219
4220 4221 4222 4223 4224 4225 4226 4227 4228 4229
4230 4231 4232 4233 4234 4235 4236 4237 4238 4239
4240 4241 4242 4243 4244 4245 4246 4247 4248 4249
4250 4251 4252 4253 4254 4255 4256 4257 4258 4259
4260 4261 4262 4263 4264 4265 4266 4267 4268 4269
4270 4271 4272 4273 4274 4275 4276 4277 4278 4279
4280 4281 4282 4283 4284 4285 4286 4287 4288 4289
4290 4291 4292 4293 4294 4295 4296 4297 4298 4299
4300 4301 4302 4303 4304 4305 4306 4307 4308 4309
4310 4311 4312 4313 4314 4315 4316 4317 4318 4319
4320 4321 4322 4323 4324 4325 206 4326 4327 4328
4329 4330 4331 4332 4333 4334 4335 4336 4337 4338
4339 4340 4341 4342 4343 4344 4345 4346 4347 4348
4349 4350 4351 4352 4353 4354 4355 4356 4357 4358
4359 4360 4361 4362 4363 4364 4365 4366 4367 4368
4369 4370 4371 4372 4373 4374 4375 4376 4377 4378
4379 4380 4381 4382 4383 4384 4385 4386 4387 4388
4389 4390 4391 4392 4393 4394 4395 4396 4397 4398
4399 4400 4401 4402 4403 4404 4405 4406 4407 4408
4409 4410 4411 4412 4413 4414 4415 4416 4417 4418
4419 4420 4421 4422 4423 4424 4425 4426 4427 4428
4429 4430 4431 4432 4433 4434 4435 4436 4437 4438
4439 4440 4441 4442 4443 4444 4445 4446 4447 4448
4449 4450 4451 4452 4453 4454 4455 4456 4457 4458
4459 4460 4461 4462 4463 4464 4465 4466 4467 4468
4469 4470 4471 4472 4473 4474 4475 4476 4477 4478
4479 4480 4481 4482 4483 4484 4485 4486 4487 4488
4489 4490 4491 4492 4493 4494 4495 4496 4497 4498
4499 4500 4501 4502 4503 4504 4505 4506 4507 4508
4509 4510 4511 4512 4513 4514 4515 4516 4517 4518
4519 4520 4521 4522 4523 4524 4525 4526 4527 4528
4529 4530 4531 206 4532 4533 4534 4535 4536 4537
4538 4539 4540 4541 4542 4543 4544 4545 4546 4547
4548 4549 4550 4551 4552 4553 4554 4555 4556 4557
4558 4559 4560 4561 4562 4563 4564 4565 4566 4567
4568 4569 4570 4571 4572 4573 4574 4575 4576 4577
4578 4579 4580 4581 4582 4583 4584 4585 4586 4587
4588 4589 4590 4591 4592 4593 4594 4595 4596 4597
4598 4599 4600 4601 4602 4603 4604 4605 4606 4607
4608 4609 4610 4611 4612 4613 4614 4615 4616 4617
4618 4619 4620 4621 4622 4623 4624 4625 4626 4627
4628 4629 4630 4631 4632 4633 4634 4635 4636 4637
4638 4639 4640 4641 4642 4643 4644 4645 4646 4647
4648 4649 4650 4651 4652 4653 4654 4655 4656 4657
4658 4659 4660 4661 4662 4663 4664 4665 4666 4667
4668 4669 4670 4671 4672 4673 4674 4675 4676 4677
4678 4679 4680 4681 4682 4683 4684 4685 4686 4687
4688 4689 4690 4691 4692 4693 4694 4695 4696 4697
4698 4699 4700 4701 4702 4703 4704 4705 4706 4707
4708 4709 4710 4711 4712 4713 4714 4715 4716 4717
4718 4719 4720 4721 4722 4723 4724 4725 4726 4727
4728 4729 4730 4731 4732 4733 4734 4735 4736 4737
206 4738 4739 4740 4741 4742 4743 4744 4745 4746
4747 4748 4749 4750 4751 4752 4753 4754 4755 4756
4757 4758 4759 4760 4761 4762 4763 4764 4765 4766
4767 4768 4769 4770 4771 4772 4773 4774 4775 4776
4777 4778 4779 4780 4781 4782 4783 4784 4785 4786
4787 4788 4789 4790 4791 4792 4793 4794 4795 4796
4797 4798 4799 4800 4801 4802 4803 4804 4805 4806
4807 4808 4809 4810 4811 4812 4813 4814 4815 4816
4817 4818 4819 4820 4821 4822 4823 4824 4825 4826
4827 4828 4829 4830 4831 4832 4833 4834 4835 4836
4837 4838 4839 4840 4841 4842 4843 4844 4845 4846
4847 4848 4849 4850 4851 4852 4853 4854 4855 4856
4857 4858 4859 4860 4861 4862 4863 4864 4865 4866
4867 4868 4869 4870 4871 4872 4873 4874 4875 4876
4877 4878 4879 4880 4881 4882 4883 4884 4885 4886
4887 4888 4889 4890 4891 4892 4893 4894 4895 4896
4897 4898 4899 4900 4901 4902 4903 4904 4905 4906
4907 4908 4909 4910 4911 4912 4913 4914 4915 4916
4917 4918 4919 4920 4921 4922 4923 4924 4925 4926
4927 4928 4929 4930 4931 4932 4933 4934 4935 4936
4937 4938 4939 4940 4941 4942 4943 206 4944 4945
4946 4947 4948 4949 4950 4951 4952 4953 4954 4955
4956 4957 4958 4959 4960 4961 4962 4963 4964 4965
4966 4967 4968 4969 4970 4971 4972 4973 4974 4975
4976 4977 4978 4979 4980 4981 4982 4983 4984 4985
4986 4987 4988 4989 4990 4991 4992 4993 4994 4995
4996 4997 4998 4999 5000 5001 5002 5003 5004 5005
5006 5007 5008 5009 5010 5011 5012 5013 5014 5015
5016 5017 5018 5019 5020 5021 5022 5023 5024 5025
5026 5027 5028 5029 5030 5031 5032 5033 5034 5035
5036 5037 5038 5039 5040 5041 5042 5043 5044 5045
5046 5047 5048 5049 5050 5051 5052 5053 5054 5055
5056 5057 5058 5059 5060 5061 5062 5063 5064 5065
5066 5067 5068 5069 5070 5071 5072 5073 5074 5075
5076 5077 5078 5079 5080 5081 5082 5083 5084 5085
5086 5087 5088 5089 5090 5091 5092 5093 5094 5095
5096 5097 5098 5099 5100 5101 5102 5103 5104 5105
5106 5107 5108 5109 5110 5111 5112 5113 5114 5115
5116 5117 5118 5119 5120 5121 5122 5123 5124 5125
5126 5127 5128 5129 5130 5131 5132 5133 5134 5135
5136 5137 5138 5139 5140 5141 5142 5143 5144 5145
5146 5147 5148 5149 206 5150 5151 5152 5153 5154
5155 5156 5157 5158 5159 5160 5161 5162 5163 5164
5165 5166 5167 5168 5169 5170 5171 5172 5173 5174
5175 5176 5177 5178 5179 5180 5181 5182 5183 5184
5185 5186 5187 5188 5189 5190 5191 5192 5193 5194
5195 5196 5197 5198 5199 5200 5201 5202 5203 5204
5205 5206 5207 5208 5209 5210 5211 5212 5213 5214
5215 5216 5217 5218 5219 5220 5221 5222 5223 5224
5225 5226 5227 5228 5229 5230 5231 5232 5233 5234
5235 5236 5237 5238 5239 5240 5241 5242 5243 5244
5245 5246 5247 5248 5249 5250 5251 5252 5253 5254
5255 5256 5257 5258 5259 5260 5261 5262 5263 5264
5265 5266 5267 5268 5269 5270 5271 5272 5273 5274
5275 5276 5277 5278 5279 5280 5281 5282 5283 5284
5285 5286 5287 5288 5289 5290 5291 5292 5293 5294
5295 5296 5297 5298 5299 5300 5301 5302 5303 5304
5305 5306 5307 5308 5309 5310 5311 5312 5313 5314
5315 5316 5317 5318 5319 5320 5321 5322 5323 5324
5325 5326 5327 5328 5329 5330 5331 5332 5333 5334
5335 5336 5337 5338 5339 5340 5341 5342 5343 5344
5345 5346 5347 5348 5349 5350 5351 5352 5353 5354
5355 206 5356 5357 5358 5359 5360 5361 5362 5363
5364 5365 5366 5367 5368 5369 5370 5371 5372 5373
5374 5375 5376 5377 5378 5379 5380 5381 5382 5383
5384 5385 5386 5387 5388 5389 5390 5391 5392 5393
5394 5395 5396 5397 5398 5399 5400 5401 5402 5403
5404 5405 5406 5407 5408 5409 5410 5411 5412 5413
5414 5415 5416 5417 5418 5419 5420 5421 5422 5423
5424 5425 5426 5427 5428 5429 5430 5431 5432 5433
5434 5435 5436 5437 5438 5439 5440 5441 5442 5443
5444 5445 5446 5447 5448 5449 5450 5451 5452 5453
5454 5455 5456 5457 5458 5459 5460 5461 5462 5463
5464 5465 5466 5467 5468 5469 5470 5471 5472 5473
5474 5475 5476 5477 5478 5479 5480 5481 5482 5483
5484 5485 5486 5487 5488 5489 5490 5491 5492 5493
5494 5495 5496 5497 5498 5499 5500 5501 5502 5503
5504 5505 5506 5507 5508 5509 5510 5511 5512 5513
5514 5515 5516 5517 5518 5519 5520 5521 5522 5523
5524 5525 5526 5527 5528 5529 5530 5531 5532 5533
5534 5535 5536 5537 5538 5539 5540 5541 5542 5543
5544 5545 5546 5547 5548 5549 5550 5551 5552 5553
5554 5555 5556 5557 5558 5559 5560 5561 
POINT_DATA 5562
FIELD attributes 2
age 1 5562 float
-0.880099 -0.867599 -0.855099 -0.842599 -0.830099 -0.817599 -0.805099 -0.792599 -0.780099 -0.767599 -0.755099
-0.742599 -0.730099 -0.717599 -0.705099 -0.692599 -0.680099 -0.667599 -0.655099 -0.642599 -0.630099
-0.617599 -0.605099 -0.592599 -0.580099 -0.567599 -0.555099 -0.542599 -0.530099 -0.517599 -0.505099
-0.492599 -0.480099 -0.467599 -0.455099 -0.442599 -0.430099 -0.417599 -0.405099 -0.392599 -0.380099
-0.367599 -0.355099 -0.342599 -0.330099 -0.317599 -0.305099 -0.292599 -0.280099 -0.267599 -0.255099
-0.242599 -0.230099 -0.217599 -0.205099 -0.192599 -0.180099 -0.167599 -0.155099 -0.142599 -0.130099
-0.117599 -0.105099 -0.0925994 -0.0800994 -0.0675994 -0.0550994 -0.0425994 -0.0300994 -0.0175994 -0.00509939
-0.00407951 -0.00305963 -0.00203976 -0.00101988 0 0.0114801 0.0229602 0.0344404 0.0459205 0.0574006
0.0699006 0.0824006 0.0949006 0.107401 0.119901 0.132401 0.144901 0.157401 0.169901 0.182401
0.194901 0.207401 0.219901 0.232401 0.244901 0.257401 0.269901 0.282401 0.294901 0.307401
0.319901 0.332401 0.344901 0.357401 0.369901 0.382401 0.394901 0.407401 0.419901 0.432401
0.444901 0.457401 0.469901 0.482401 0.494901 0.507401 0.519901 0.532401 0.544901 0.557401
0.569901 0.582401 0.594901 0.607401 0.619901 0.632401 0.644901 0.657401 0.669901 0.682401
0.694901 0.707401 0.719901 0.732401 0.744901 0.757401 0.769901 0.782401 0.794901 0.807401
0.819901 0.832401 0.844901 0.857401 0.869901 0.882401 0.894901 0.907401 0.919901 0.932401
0.944901 0.957401 0.969901 0.982401 0.994901 1.0074 1.0199 1.0324 1.0449 1.0574
1.0699 1.0824 1.0949 1.1074 1.1199 1.1324 1.1449 1.1574 1.1699 1.1824
1.1949 1.2074 1.2199 1.2324 1.2449 1.2574 1.2699 1.2824 1.2949 1.3074
1.3199 1.3324 1.3449 1.3574 1.3699 1.3824 1.3949 1.4074 1.4199 1.4324
1.4449 1.4574 1.4699 1.4824 1.4949 1.5074 1.5199 1.5324 1.5449 1.5574
1.5699 1.5824 1.5949 1.6074 1.6199 -0.886217 -0.873717 -0.861217 -0.848717 -0.836217
-0.823717 -0.811217 -0.798717 -0.786217 -0.773717 -0.761217 -0.748717 -0.736217 -0.723717 -0.711217
-0.698717 -0.686217 -0.673717 -0.661217 -0.648717 -0.636217 -0.623717 -0.611217 -0.598717 -0.586217
-0.573717 -0.561217 -0.548717 -0.536217 -0.523717 -0.511217 -0.498717 -0.486217 -0.473717 -0.461217
-0.448717 -0.436217 -0.423717 -0.411217 -0.398717 -0.386217 -0.373717 -0.361217 -0.348717 -0.336217
-0.323717 -0.311217 -0.298717 -0.286217 -0.273717 -0.261217 -0.248717 -0.236217 -0.223717 -0.211217
-0.198717 -0.186217 -0.173717 -0.161217 -0.148717 -0.136217 -0.123717 -0.111217 -0.0987167 -0.0862167
-0.0737167 -0.0612167 -0.0487167 -0.0362167 -0.0237167 -0.0112167 -0.00897338 -0.00673004 -0.00448669 -0.00224335
0 0.0102567 0.0205133 0.03077 0.0410266 0.0512833 0.0637833 0.0762833 0.0887833 0.101283
0.113783 0.126283 0.138783 0.151283 0.163783 0.176283 0.188783 0.201283 0.213783 0.226283
0.238783 0.251283 0.263783 0.276283 0.288783 0.301283 0.313783 0.326283 0.338783 0.351283
0.363783 0.376283 0.388783 0.401283 0.413783 0.426283 0.438783 0.451283 0.463783 0.476283
0.488783 0.501283 0.513783 0.526283 0.538783 0.551283 0.563783 0.576283 0.588783 0.601283
0.613783 0.626283 0.638783 0.651283 0.663783 0.676283 0.688783 0.701283 0.713783 0.726283
0.738783 0.751283 0.763783 0.776283 0.788783 0.801283 0.813783 0.826283 0.838783 0.851283
0.863783 0.876283 0.888783 0.901283 0.913783 0.926283 0.938783 0.951283 0.963783 0.976283
0.988783 1.00128 1.01378 1.02628 1.03878 1.05128 1.06378 1.07628 1.08878 1.10128
1.11378 1.12628 1.13878 1.15128 1.16378 1.17628 1.18878 1.20128 1.21378 1.22628
1.23878 1.25128 1.26378 1.27628 1.28878 1.30128 1.31378 1.32628 1.33878 1.35128
1.36378 1.37628 1.38878 1.40128 1.41378 1.42628 1.43878 1.45128 1.46378 1.47628
1.48878 1.50128 1.51378 1.52628 1.53878 1.55128 1.56378 1.57628 1.58878 1.60128
1.61378 -0.865151 -0.852651 -0.840151 -0.827651 -0.815151 -0.802651 -0.790151 -0.777651 -0.765151
-0.752651 -0.740151 -0.727651 -0.715151 -0.702651 -0.690151 -0.677651 -0.665151 -0.652651 -0.640151
-0.627651 -0.615151 -0.602651 -0.590151 -0.577651 -0.565151 -0.552651 -0.540151 -0.527651 -0.515151
-0.502651 -0.490151 -0.477651 -0.465151 -0.452651 -0.440151 -0.427651 -0.415151 -0.402651 -0.390151
-0.377651 -0.365151 -0.352651 -0.340151 -0.327651 -0.315151 -0.302651 -0.290151 -0.277651 -0.265151
-0.252651 -0.240151 -0.227651 -0.215151 -0.202651 -0.190151 -0.177651 -0.165151 -0.152651 -0.140151
-0.127651 -0.115151 -0.102651 -0.0901514 -0.0776514 -0.0651514 -0.0526514 -0.0421212 -0.0315909 -0.0210606
-0.0105303 0 0.00196971 0.00393942 0.00590914 0.00787885 0.00984856 0.0223486 0.0348486 0.0473486
0.0598486 0.0723486 0.0848486 0.0973486 0.109849 0.122349 0.134849 0.147349 0.159849 0.172349
0.184849 0.197349 0.209849 0.222349 0.234849 0.247349 0.259849 0.272349 0.284849 0.297349
0.309849 0.322349 0.334849 0.347349 0.359849 0.372349 0.384849 0.397349 0.409849 0.422349
0.434849 0.447349 0.459849 0.472349 0.484849 0.497349 0.509849 0.522349 0.534849 0.547349
0.559849 0.572349 0.584849 0.597349 0.609849 0.622349 0.634849 0.647349 0.659849 0.672349
0.684849 0.697349 0.709849 0.722349 0.734849 0.747349 0.759849 0.772349 0.784849 0.797349
0.809849 0.822349 0.834849 0.847349 0.859849 0.872349 0.884849 0.897349 0.909849 0.922349
0.934849 0.947349 0.959849 0.972349 0.984849 0.997349 1.00985 1.02235 1.03485 1.04735
1.05985 1.07235 1.08485 1.09735 1.10985 1.12235 1.13485 1.14735 1.15985 1.17235
1.18485 1.19735 1.20985 1.22235 1.23485 1.24735 1.25985 1.27235 1.28485 1.29735
1.30985 1.32235 1.33485 1.34735 1.35985 1.37235 1.38485 1.39735 1.40985 1.42235
1.43485 1.44735 1.45985 1.47235 1.48485 1.49735 1.50985 1.52235 1.53485 1.54735
1.55985 1.57235 1.58485 1.59735 1.60985 1.62235 1.63485 -0.840465 -0.827965 -0.815465
-0.802965 -0.790465 -0.777965 -0.765465 -0.752965 -0.740465 -0.727965 -0.715465 -0.702965 -0.690465
-0.677965 -0.665465 -0.652965 -0.640465 -0.627965 -0.615465 -0.602965 -0.590465 -0.577965 -0.565465
-0.552965 -0.540465 -0.527965 -0.515465 -0.502965 -0.490465 -0.477965 -0.465465 -0.452965 -0.440465
-0.427965 -0.415465 -0.402965 -0.390465 -0.377965 -0.365465 -0.352965 -0.340465 -0.327965 -0.315465
-0.302965 -0.290465 -0.277965 -0.265465 -0.252965 -0.240465 -0.227965 -0.215465 -0.202965 -0.190465
-0.177965 -0.165465 -0.152965 -0.140465 -0.127965 -0.115465 -0.102965 -0.0904646 -0.0779646 -0.0654646
-0.0529646 -0.0404646 -0.0279646 -0.0223717 -0.0167788 -0.0111858 -0.00559292 0 0.00690708 0.0138142
0.0207212 0.0276283 0.0345354 0.0470354 0.0595354 0.0720354 0.0845354 0.0970354 0.109535 0.122035
0.134535 0.147035 0.159535 0.172035 0.184535 0.197035 0.209535 0.222035 0.234535 0.247035
0.259535 0.272035 0.284535 0.297035 0.309535 0.322035 0.334535 0.347035 0.359535 0.372035
0.384535 0.397035 0.409535 0.422035 0.434535 0.447035 0.459535 0.472035 0.484535 0.497035
0.509535 0.522035 0.534535 0.547035 0.559535 0.572035 0.584535 0.597035 0.609535 0.622035
0.634535 0.647035 0.659535 0.672035 0.684535 0.697035 0.709535 0.722035 0.734535 0.747035
0.759535 0.772035 0.784535 0.797035 0.809535 0.822035 0.834535 0.847035 0.859535 0.872035
0.884535 0.897035 0.909535 0.922035 0.934535 0.947035 0.959535 0.972035 0.984535 0.997035
1.00954 1.02204 1.03454 1.04704 1.05954 1.07204 1.08454 1.09704 1.10954 1.12204
1.13454 1.14704 1.15954 1.17204 1.18454 1.19704 1.20954 1.22204 1.23454 1.24704
1.25954 1.27204 1.28454 1.29704 1.30954 1.32204 1.33454 1.34704 1.35954 1.37204
1.38454 1.39704 1.40954 1.42204 1.43454 1.44704 1.45954 1.47204 1.48454 1.49704
1.50954 1.52204 1.53454 1.54704 1.55954 1.57204 1.58454 1.59704 1.60954 1.62204
1.63454 1.64704 1.65954 -0.876639 -0.864139 -0.851639 -0.839139 -0.826639 -0.814139 -0.801639
-0.789139 -0.776639 -0.764139 -0.751639 -0.739139 -0.726639 -0.714139 -0.701639 -0.689139 -0.676639
-0.664139 -0.651639 -0.639139 -0.626639 -0.614139 -0.601639 -0.589139 -0.576639 -0.564139 -0.551639
-0.539139 -0.526639 -0.514139 -0.501639 -0.489139 -0.476639 -0.464139 -0.451639 -0.439139 -0.426639
-0.414139 -0.401639 -0.389139 -0.376639 -0.364139 -0.351639 -0.339139 -0.326639 -0.314139 -0.301639
-0.289139 -0.276639 -0.264139 -0.251639 -0.239139 -0.226639 -0.214139 -0.201639 -0.189139 -0.176639
-0.164139 -0.151639 -0.139139 -0.126639 -0.114139 -0.101639 -0.0891389 -0.0766389 -0.0641389 -0.0516389
-0.0391389 -0.0266389 -0.0141389 -0.00163885 -0.00131108 -0.000983312 -0.000655542 -0.000327771 0 0.0121722
0.0243445 0.0365167 0.0486889 0.0608611 0.0733611 0.0858611 0.0983611 0.110861 0.123361 0.135861
0.148361 0.160861 0.173361 0.185861 0.198361 0.210861 0.223361 0.235861 0.248361 0.260861
0.273361 0.285861 0.298361 0.310861 0.323361 0.335861 0.348361 0.360861 0.373361 0.385861
0.398361 0.410861 0.423361 0.435861 0.448361 0.460861 0.473361 0.485861 0.498361 0.510861
0.523361 0.535861 0.548361 0.560861 0.573361 0.585861 0.598361 0.610861 0.623361 0.635861
0.648361 0.660861 0.673361 0.685861 0.698361 0.710861 0.723361 0.735861 0.748361 0.760861
0.773361 0.785861 0.798361 0.810861 0.823361 0.835861 0.848361 0.860861 0.873361 0.885861
0.898361 0.910861 0.923361 0.935861 0.948361 0.960861 0.973361 0.985861 0.998361 1.01086
1.02336 1.03586 1.04836 1.06086 1.07336 1.08586 1.09836 1.11086 1.12336 1.13586
1.14836 1.16086 1.17336 1.18586 1.19836 1.21086 1.22336 1.23586 1.24836 1.26086
1.27336 1.28586 1.29836 1.31086 1.32336 1.33586 1.34836 1.36086 1.37336 1.38586
1.39836 1.41086 1.42336 1.43586 1.44836 1.46086 1.47336 1.48586 1.49836 1.51086
1.52336 1.53586 1.54836 1.56086 1.57336 1.58586 1.59836 1.61086 1.62336 -0.907122
-0.894622 -0.882122 -0.869622 -0.857122 -0.844622 -0.832122 -0.819622 -0.807122 -0.794622 -0.782122
-0.769622 -0.757122 -0.744622 -0.732122 -0.719622 -0.707122 -0.694622 -0.682122 -0.669622 -0.657122
-0.644622 -0.632122 -0.619622 -0.607122 -0.594622 -0.582122 -0.569622 -0.557122 -0.544622 -0.532122
-0.519622 -0.507122 -0.494622 -0.482122 -0.469622 -0.457122 -0.444622 -0.432122 -0.419622 -0.407122
-0.394622 -0.382122 -0.369622 -0.357122 -0.344622 -0.332122 -0.319622 -0.307122 -0.294622 -0.282122
-0.269622 -0.257122 -0.244622 -0.232122 -0.219622 -0.207122 -0.194622 -0.182122 -0.169622 -0.157122
-0.144622 -0.132122 -0.119622 -0.107122 -0.0946217 -0.0821217 -0.0696217 -0.0571217 -0.0446217 -0.0321217
-0.0256974 -0.019273 -0.0128487 -0.00642434 0 0.00607566 0.0121513 0.018227 0.0243026 0.0303783
0.0428783 0.0553783 0.0678783 0.0803783 0.0928783 0.105378 0.117878 0.130378 0.142878 0.155378
0.167878 0.180378 0.192878 0.205378 0.217878 0.230378 0.242878 0.255378 0.267878 0.280378
0.292878 0.305378 0.317878 0.330378 0.342878 0.355378 0.367878 0.380378 0.392878 0.405378
0.417878 0.430378 0.442878 0.455378 0.467878 0.480378 0.492878 0.505378 0.517878 0.530378
0.542878 0.555378 0.567878 0.580378 0.592878 0.605378 0.617878 0.630378 0.642878 0.655378
0.667878 0.680378 0.692878 0.705378 0.717878 0.730378 0.742878 0.755378 0.767878 0.780378
0.792878 0.805378 0.817878 0.830378 0.842878 0.855378 0.867878 0.880378 0.892878 0.905378
0.917878 0.930378 0.942878 0.955378 0.967878 0.980378 0.992878 1.00538 1.01788 1.03038
1.04288 1.05538 1.06788 1.08038 1.09288 1.10538 1.11788 1.13038 1.14288 1.15538
1.16788 1.18038 1.19288 1.20538 1.21788 1.23038 1.24288 1.25538 1.26788 1.28038
1.29288 1.30538 1.31788 1.33038 1.34288 1.35538 1.36788 1.38038 1.39288 1.40538
1.41788 1.43038 1.44288 1.45538 1.46788 1.48038 1.49288 1.50538 1.51788 1.53038
1.54288 1.55538 1.56788 1.58038 1.59288 -0.882606 -0.870106 -0.857606 -0.845106 -0.832606
-0.820106 -0.807606 -0.795106 -0.782606 -0.770106 -0.757606 -0.745106 -0.732606 -0.720106 -0.707606
-0.695106 -0.682606 -0.670106 -0.657606 -0.645106 -0.632606 -0.620106 -0.607606 -0.595106 -0.582606
-0.570106 -0.557606 -0.545106 -0.532606 -0.520106 -0.507606 -0.495106 -0.482606 -0.470106 -0.457606
-0.445106 -0.432606 -0.420106 -0.407606 -0.395106 -0.382606 -0.370106 -0.357606 -0.345106 -0.332606
-0.320106 -0.307606 -0.295106 -0.282606 -0.270106 -0.257606 -0.245106 -0.232606 -0.220106 -0.207606
-0.195106 -0.182606 -0.170106 -0.157606 -0.145106 -0.132606 -0.120106 -0.107606 -0.0951064 -0.0826064
-0.0701064 -0.0576064 -0.0451064 -0.0326064 -0.0201064 -0.00760642 -0.00608514 -0.00456385 -0.00304257 -0.00152128
0 0.0109787 0.0219574 0.0329361 0.0439149 0.0548936 0.0673936 0.0798936 0.0923936 0.104894
0.117394 0.129894 0.142394 0.154894 0.167394 0.179894 0.192394 0.204894 0.217394 0.229894
0.242394 0.254894 0.267394 0.279894 0.292394 0.304894 0.317394 0.329894 0.342394 0.354894
0.367394 0.379894 0.392394 0.404894 0.417394 0.429894 0.442394 0.454894 0.467394 0.479894
0.492394 0.504894 0.517394 0.529894 0.542394 0.554894 0.567394 0.579894 0.592394 0.604894
0.617394 0.629894 0.642394 0.654894 0.667394 0.679894 0.692394 0.704894 0.717394 0.729894
0.742394 0.754894 0.767394 0.779894 0.792394 0.804894 0.817394 0.829894 0.842394 0.854894
0.867394 0.879894 0.892394 0.904894 0.917394 0.929894 0.942394 0.954894 0.967394 0.979894
0.992394 1.00489 1.01739 1.02989 1.04239 1.05489 1.06739 1.07989 1.09239 1.10489
1.11739 1.12989 1.14239 1.15489 1.16739 1.17989 1.19239 1.20489 1.21739 1.22989
1.24239 1.25489 1.26739 1.27989 1.29239 1.30489 1.31739 1.32989 1.34239 1.35489
1.36739 1.37989 1.39239 1.40489 1.41739 1.42989 1.44239 1.45489 1.46739 1.47989
1.49239 1.50489 1.51739 1.52989 1.54239 1.55489 1.56739 1.57989 1.59239 1.60489
1.61739 -0.907562 -0.895062 -0.882562 -0.870062 -0.857562 -0.845062 -0.832562 -0.820062 -0.807562
-0.795062 -0.782562 -0.770062 -0.757562 -0.745062 -0.732562 -0.720062 -0.707562 -0.695062 -0.682562
-0.670062 -0.657562 -0.645062 -0.632562 -0.620062 -0.607562 -0.595062 -0.582562 -0.570062 -0.557562
-0.545062 -0.532562 -0.520062 -0.507562 -0.495062 -0.482562 -0.470062 -0.457562 -0.445062 -0.432562
-0.420062 -0.407562 -0.395062 -0.382562 -0.370062 -0.357562 -0.345062 -0.332562 -0.320062 -0.307562
-0.295062 -0.282562 -0.270062 -0.257562 -0.245062 -0.232562 -0.220062 -0.207562 -0.195062 -0.182562
-0.170062 -0.157562 -0.145062 -0.132562 -0.120062 -0.107562 -0.0950624 -0.0825624 -0.0700624 -0.0575624
-0.0450624 -0.0325624 -0.0260499 -0.0195375 -0.013025 -0.00651249 0 0.00598751 0.011975 0.0179625
0.0239501 0.0299376 0.0424376 0.0549376 0.0674376 0.0799376 0.0924376 0.104938 0.117438 0.129938
0.142438 0.154938 0.167438 0.179938 0.192438 0.204938 0.217438 0.229938 0.242438 0.254938
0.267438 0.279938 0.292438 0.304938 0.317438 0.329938 0.342438 0.354938 0.367438 0.379938
0.392438 0.404938 0.417438 0.429938 0.442438 0.454938 0.467438 0.479938 0.492438 0.504938
0.517438 0.529938 0.542438 0.554938 0.567438 0.579938 0.592438 0.604938 0.617438 0.629938
0.642438 0.654938 0.667438 0.679938 0.692438 0.704938 0.717438 0.729938 0.742438 0.754938
0.767438 0.779938 0.792438 0.804938 0.817438 0.829938 0.842438 0.854938 0.867438 0.879938
0.892438 0.904938 0.917438 0.929938 0.942438 0.954938 0.967438 0.979938 0.992438 1.00494
1.01744 1.02994 1.04244 1.05494 1.06744 1.07994 1.09244 1.10494 1.11744 1.12994
1.14244 1.15494 1.16744 1.17994 1.19244 1.20494 1.21744 1.22994 1.24244 1.25494
1.26744 1.27994 1.29244 1.30494 1.31744 1.32994 1.34244 1.35494 1.36744 1.37994
1.39244 1.40494 1.41744 1.42994 1.44244 1.45494 1.46744 1.47994 1.49244 1.50494
1.51744 1.52994 1.54244 1.55494 1.56744 1.57994 1.59244 -0.868728 -0.856228 -0.843728
-0.831228 -0.818728 -0.806228 -0.793728 -0.781228 -0.768728 -0.756228 -0.743728 -0.731228 -0.718728
-0.706228 -0.693728 -0.681228 -0.668728 -0.656228 -0.643728 -0.631228 -0.618728 -0.606228 -0.593728
-0.581228 -0.568728 -0.556228 -0.543728 -0.531228 -0.518728 -0.506228 -0.493728 -0.481228 -0.468728
-0.456228 -0.443728 -0.431228 -0.418728 -0.406228 -0.393728 -0.381228 -0.368728 -0.356228 -0.343728
-0.331228 -0.318728 -0.306228 -0.293728 -0.281228 -0.268728 -0.256228 -0.243728 -0.231228 -0.218728
-0.206228 -0.193728 -0.181228 -0.168728 -0.156228 -0.143728 -0.131228 -0.118728 -0.106228 -0.0937278
-0.0812278 -0.0687279 -0.0562278 -0.0449823 -0.0337367 -0.0224911 -0.0112456 0 0.00125443 0.00250886
0.00376329 0.00501772 0.00627215 0.0187722 0.0312722 0.0437721 0.0562721 0.0687722 0.0812721 0.0937722
0.106272 0.118772 0.131272 0.143772 0.156272 0.168772 0.181272 0.193772 0.206272 0.218772
0.231272 0.243772 0.256272 0.268772 0.281272 0.293772 0.306272 0.318772 0.331272 0.343772
0.356272 0.368772 0.381272 0.393772 0.406272 0.418772 0.431272 0.443772 0.456272 0.468772
0.481272 0.493772 0.506272 0.518772 0.531272 0.543772 0.556272 0.568772 0.581272 0.593772
0.606272 0.618772 0.631272 0.643772 0.656272 0.668772 0.681272 0.693772 0.706272 0.718772
0.731272 0.743772 0.756272 0.768772 0.781272 0.793772 0.806272 0.818772 0.831272 0.843772
0.856272 0.868772 0.881272 0.893772 0.906272 0.918772 0.931272 0.943772 0.956272 0.968772
0.981272 0.993772 1.00627 1.01877 1.03127 1.04377 1.05627 1.06877 1.08127 1.09377
1.10627 1.11877 1.13127 1.14377 1.15627 1.16877 1.18127 1.19377 1.20627 1.21877
1.23127 1.24377 1.25627 1.26877 1.28127 1.29377 1.30627 1.31877 1.33127 1.34377
1.35627 1.36877 1.38127 1.39377 1.40627 1.41877 1.43127 1.44377 1.45627 1.46877
1.48127 1.49377 1.50627 1.51877 1.53127 1.54377 1.55627 1.56877 1.58127 1.59377
1.60627 1.61877 1.63127 -0.863157 -0.850657 -0.838157 -0.825657 -0.813157 -0.800657 -0.788157
-0.775657 -0.763157 -0.750657 -0.738157 -0.725657 -0.713157 -0.700657 -0.688157 -0.675657 -0.663157
-0.650657 -0.638157 -0.625657 -0.613157 -0.600657 -0.588157 -0.575657 -0.563157 -0.550657 -0.538157
-0.525657 -0.513157 -0.500657 -0.488157 -0.475657 -0.463157 -0.450657 -0.438157 -0.425657 -0.413157
-0.400657 -0.388157 -0.375657 -0.363157 -0.350657 -0.338157 -0.325657 -0.313157 -0.300657 -0.288157
-0.275657 -0.263157 -0.250657 -0.238157 -0.225657 -0.213157 -0.200657 -0.188157 -0.175657 -0.163157
-0.150657 -0.138157 -0.125657 -0.113157 -0.100657 -0.0881566 -0.0756566 -0.0631566 -0.0506566 -0.0405253
-0.030394 -0.0202626 -0.0101313 0 0.00236868 0.00473736 0.00710604 0.00947472 0.0118434 0.0243434
0.0368434 0.0493434 0.0618434 0.0743434 0.0868434 0.0993434 0.111843 0.124343 0.136843 0.149343
0.161843 0.174343 0.186843 0.199343 0.211843 0.224343 0.236843 0.249343 0.261843 0.274343
0.286843 0.299343 0.311843 0.324343 0.336843 0.349343 0.361843 0.374343 0.386843 0.399343
0.411843 0.424343 0.436843 0.449343 0.461843 0.474343 0.486843 0.499343 0.511843 0.524343
0.536843 0.549343 0.561843 0.574343 0.586843 0.599343 0.611843 0.624343 0.636843 0.649343
0.661843 0.674343 0.686843 0.699343 0.711843 0.724343 0.736843 0.749343 0.761843 0.774343
0.786843 0.799343 0.811843 0.824343 0.836843 0.849343 0.861843 0.874343 0.886843 0.899343
0.911843 0.924343 0.936843 0.949343 0.961843 0.974343 0.986843 0.999343 1.01184 1.02434
1.03684 1.04934 1.06184 1.07434 1.08684 1.09934 1.11184 1.12434 1.13684 1.14934
1.16184 1.17434 1.18684 1.19934 1.21184 1.22434 1.23684 1.24934 1.26184 1.27434
1.28684 1.29934 1.31184 1.32434 1.33684 1.34934 1.36184 1.37434 1.38684 1.39934
1.41184 1.42434 1.43684 1.44934 1.46184 1.47434 1.48684 1.49934 1.51184 1.52434
1.53684 1.54934 1.56184 1.57434 1.58684 1.59934 1.61184 1.62434 1.63684 -0.879312
-0.866812 -0.854312 -0.841812 -0.829312 -0.816812 -0.804312 -0.791812 -0.779312 -0.766812 -0.754312
-0.741812 -0.729312 -0.716812 -0.704312 -0.691812 -0.679312 -0.666812 -0.654312 -0.641812 -0.629312
-0.616812 -0.604312 -0.591812 -0.579312 -0.566812 -0.554312 -0.541812 -0.529312 -0.516812 -0.504312
-0.491812 -0.479312 -0.466812 -0.454312 -0.441812 -0.429312 -0.416812 -0.404312 -0.391812 -0.379312
-0.366812 -0.354312 -0.341812 -0.329312 -0.316812 -0.304312 -0.291812 -0.279312 -0.266812 -0.254312
-0.241812 -0.229312 -0.216812 -0.204312 -0.191812 -0.179312 -0.166812 -0.154312 -0.141812 -0.129312
-0.116812 -0.104312 -0.0918116 -0.0793116 -0.0668116 -0.0543116 -0.0418116 -0.0293116 -0.0168116 -0.0043116
-0.00344928 -0.00258696 -0.00172464 -0.00086232 0 0.0116377 0.0232754 0.034913 0.0465507 0.0581884
0.0706884 0.0831884 0.0956884 0.108188 0.120688 0.133188 0.145688 0.158188 0.170688 0.183188
0.195688 0.208188 0.220688 0.233188 0.245688 0.258188 0.270688 0.283188 0.295688 0.308188
0.320688 0.333188 0.345688 0.358188 0.370688 0.383188 0.395688 0.408188 0.420688 0.433188
0.445688 0.458188 0.470688 0.483188 0.495688 0.508188 0.520688 0.533188 0.545688 0.558188
0.570688 0.583188 0.595688 0.608188 0.620688 0.633188 0.645688 0.658188 0.670688 0.683188
0.695688 0.708188 0.720688 0.733188 0.745688 0.758188 0.770688 0.783188 0.795688 0.808188
0.820688 0.833188 0.845688 0.858188 0.870688 0.883188 0.895688 0.908188 0.920688 0.933188
0.945688 0.958188 0.970688 0.983188 0.995688 1.00819 1.02069 1.03319 1.04569 1.05819
1.07069 1.08319 1.09569 1.10819 1.12069 1.13319 1.14569 1.15819 1.17069 1.18319
1.19569 1.20819 1.22069 1.23319 1.24569 1.25819 1.27069 1.28319 1.29569 1.30819
1.32069 1.33319 1.34569 1.35819 1.37069 1.38319 1.39569 1.40819 1.42069 1.43319
1.44569 1.45819 1.47069 1.48319 1.49569 1.50819 1.52069 1.53319 1.54569 1.55819
1.57069 1.58319 1.59569 1.60819 1.62069 -0.862461 -0.849961 -0.837461 -0.824961 -0.812461
-0.799961 -0.787461 -0.774961 -0.762461 -0.749961 -0.737461 -0.724961 -0.712461 -0.699961 -0.687461
-0.674961 -0.662461 -0.649961 -0.637461 -0.624961 -0.612461 -0.599961 -0.587461 -0.574961 -0.562461
-0.549961 -0.537461 -0.524961 -0.512461 -0.499961 -0.487461 -0.474961 -0.462461 -0.449961 -0.437461
-0.424961 -0.412461 -0.399961 -0.387461 -0.374961 -0.362461 -0.349961 -0.337461 -0.324961 -0.312461
-0.299961 -0.287461 -0.274961 -0.262461 -0.249961 -0.237461 -0.224961 -0.212461 -0.199961 -0.187461
-0.174961 -0.162461 -0.149961 -0.137461 -0.124961 -0.112461 -0.0999612 -0.0874612 -0.0749612 -0.0624612
-0.0499612 -0.0399689 -0.0299767 -0.0199845 -0.00999224 0 0.00250776 0.00501553 0.00752329 0.0100311
0.0125388 0.0250388 0.0375388 0.0500388 0.0625388 0.0750388 0.0875388 0.100039 0.112539 0.125039
0.137539 0.150039 0.162539 0.175039 0.187539 0.200039 0.212539 0.225039 0.237539 0.250039
0.262539 0.275039 0.287539 0.300039 0.312539 0.325039 0.337539 0.350039 0.362539 0.375039
0.387539 0.400039 0.412539 0.425039 0.437539 0.450039 0.462539 0.475039 0.487539 0.500039
0.512539 0.525039 0.537539 0.550039 0.562539 0.575039 0.587539 0.600039 0.612539 0.625039
0.637539 0.650039 0.662539 0.675039 0.687539 0.700039 0.712539 0.725039 0.737539 0.750039
0.762539 0.775039 0.787539 0.800039 0.812539 0.825039 0.837539 0.850039 0.862539 0.875039
0.887539 0.900039 0.912539 0.925039 0.937539 0.950039 0.962539 0.975039 0.987539 1.00004
1.01254 1.02504 1.03754 1.05004 1.06254 1.07504 1.08754 1.10004 1.11254 1.12504
1.13754 1.15004 1.16254 1.17504 1.18754 1.20004 1.21254 1.22504 1.23754 1.25004
1.26254 1.27504 1.28754 1.30004 1.31254 1.32504 1.33754 1.35004 1.36254 1.37504
1.38754 1.40004 1.41254 1.42504 1.43754 1.45004 1.46254 1.47504 1.48754 1.50004
1.51254 1.52504 1.53754 1.55004 1.56254 1.57504 1.58754 1.60004 1.61254 1.62504
1.63754 -0.853936 -0.841436 -0.828936 -0.816436 -0.803936 -0.791436 -0.778936 -0.766436 -0.753936
-0.741436 -0.728936 -0.716436 -0.703936 -0.691436 -0.678936 -0.666436 -0.653936 -0.641436 -0.628936
-0.616436 -0.603936 -0.591436 -0.578936 -0.566436 -0.553936 -0.541436 -0.528936 -0.516436 -0.503936
-0.491436 -0.478936 -0.466436 -0.453936 -0.441436 -0.428936 -0.416436 -0.403936 -0.391436 -0.378936
-0.366436 -0.353936 -0.341436 -0.328936 -0.316436 -0.303936 -0.291436 -0.278936 -0.266436 -0.253936
-0.241436 -0.228936 -0.216436 -0.203936 -0.191436 -0.178936 -0.166436 -0.153936 -0.141436 -0.128936
-0.116436 -0.103936 -0.0914357 -0.0789357 -0.0664357 -0.0539357 -0.0414357 -0.0331485 -0.0248614 -0.0165743
-0.00828714 0 0.00421286 0.00842573 0.0126386 0.0168515 0.0210643 0.0335643 0.0460643 0.0585643
0.0710643 0.0835643 0.0960643 0.108564 0.121064 0.133564 0.146064 0.158564 0.171064 0.183564
0.196064 0.208564 0.221064 0.233564 0.246064 0.258564 0.271064 0.283564 0.296064 0.308564
0.321064 0.333564 0.346064 0.358564 0.371064 0.383564 0.396064 0.408564 0.421064 0.433564
0.446064 0.458564 0.471064 0.483564 0.496064 0.508564 0.521064 0.533564 0.546064 0.558564
0.571064 0.583564 0.596064 0.608564 0.621064 0.633564 0.646064 0.658564 0.671064 0.683564
0.696064 0.708564 0.721064 0.733564 0.746064 0.758564 0.771064 0.783564 0.796064 0.808564
0.821064 0.833564 0.846064 0.858564 0.871064 0.883564 0.896064 0.908564 0.921064 0.933564
0.946064 0.958564 0.971064 0.983564 0.996064 1.00856 1.02106 1.03356 1.04606 1.05856
1.07106 1.08356 1.09606 1.10856 1.12106 1.13356 1.14606 1.15856 1.17106 1.18356
1.19606 1.20856 1.22106 1.23356 1.24606 1.25856 1.27106 1.28356 1.29606 1.30856
1.32106 1.33356 1.34606 1.35856 1.37106 1.38356 1.39606 1.40856 1.42106 1.43356
1.44606 1.45856 1.47106 1.48356 1.49606 1.50856 1.52106 1.53356 1.54606 1.55856
1.57106 1.58356 1.59606 1.60856 1.62106 1.63356 1.64606 -0.856594 -0.844094 -0.831594
-0.819094 -0.806594 -0.794094 -0.781594 -0.769094 -0.756594 -0.744094 -0.731594 -0.719094 -0.706594
-0.694094 -0.681594 -0.669094 -0.656594 -0.644094 -0.631594 -0.619094 -0.606594 -0.594094 -0.581594
-0.569094 -0.556594 -0.544094 -0.531594 -0.519094 -0.506594 -0.494094 -0.481594 -0.469094 -0.456594
-0.444094 -0.431594 -0.419094 -0.406594 -0.394094 -0.381594 -0.369094 -0.356594 -0.344094 -0.331594
-0.319094 -0.306594 -0.294094 -0.281594 -0.269094 -0.256594 -0.244094 -0.231594 -0.219094 -0.206594
-0.194094 -0.181594 -0.169094 -0.156594 -0.144094 -0.131594 -0.119094 -0.106594 -0.094094 -0.081594
-0.069094 -0.056594 -0.044094 -0.0352752 -0.0264564 -0.0176376 -0.00881879 0 0.00368121 0.00736241
0.0110436 0.0147248 0.018406 0.030906 0.043406 0.055906 0.068406 0.080906 0.093406 0.105906
0.118406 0.130906 0.143406 0.155906 0.168406 0.180906 0.193406 0.205906 0.218406 0.230906
0.243406 0.255906 0.268406 0.280906 0.293406 0.305906 0.318406 0.330906 0.343406 0.355906
0.368406 0.380906 0.393406 0.405906 0.418406 0.430906 0.443406 0.455906 0.468406 0.480906
0.493406 0.505906 0.518406 0.530906 0.543406 0.555906 0.568406 0.580906 0.593406 0.605906
0.618406 0.630906 0.643406 0.655906 0.668406 0.680906 0.693406 0.705906 0.718406 0.730906
0.743406 0.755906 0.768406 0.780906 0.793406 0.805906 0.818406 0.830906 0.843406 0.855906
0.868406 0.880906 0.893406 0.905906 0.918406 0.930906 0.943406 0.955906 0.968406 0.980906
0.993406 1.00591 1.01841 1.03091 1.04341 1.05591 1.06841 1.08091 1.09341 1.10591
1.11841 1.13091 1.14341 1.15591 1.16841 1.18091 1.19341 1.20591 1.21841 1.23091
1.24341 1.25591 1.26841 1.28091 1.29341 1.30591 1.31841 1.33091 1.34341 1.35591
1.36841 1.38091 1.39341 1.40591 1.41841 1.43091 1.44341 1.45591 1.46841 1.48091
1.49341 1.50591 1.51841 1.53091 1.54341 1.55591 1.56841 1.58091 1.59341 1.60591
1.61841 1.63091 1.64341 -0.871583 -0.859083 -0.846583 -0.834083 -0.821583 -0.809083 -0.796583
-0.784083 -0.771583 -0.759083 -0.746583 -0.734083 -0.721583 -0.709083 -0.696583 -0.684083 -0.671583
-0.659083 -0.646583 -0.634083 -0.621583 -0.609083 -0.596583 -0.584083 -0.571583 -0.559083 -0.546583
-0.534083 -0.521583 -0.509083 -0.496583 -0.484083 -0.471583 -0.459083 -0.446583 -0.434083 -0.421583
-0.409083 -0.396583 -0.384083 -0.371583 -0.359083 -0.346583 -0.334083 -0.321583 -0.309083 -0.296583
-0.284083 -0.271583 -0.259083 -0.246583 -0.234083 -0.221583 -0.209083 -0.196583 -0.184083 -0.171583
-0.159083 -0.146583 -0.134083 -0.121583 -0.109083 -0.0965827 -0.0840828 -0.0715827 -0.0590828 -0.0472662
-0.0354497 -0.0236331 -0.0118166 0 0.00068345 0.0013669 0.00205035 0.0027338 0.00341725 0.0159172
0.0284172 0.0409172 0.0534173 0.0659172 0.0784172 0.0909173 0.103417 0.115917 0.128417 0.140917
0.153417 0.165917 0.178417 0.190917 0.203417 0.215917 0.228417 0.240917 0.253417 0.265917
0.278417 0.290917 0.303417 0.315917 0.328417 0.340917 0.353417 0.365917 0.378417 0.390917
0.403417 0.415917 0.428417 0.440917 0.453417 0.465917 0.478417 0.490917 0.503417 0.515917
0.528417 0.540917 0.553417 0.565917 0.578417 0.590917 0.603417 0.615917 0.628417 0.640917
0.653417 0.665917 0.678417 0.690917 0.703417 0.715917 0.728417 0.740917 0.753417 0.765917
0.778417 0.790917 0.803417 0.815917 0.828417 0.840917 0.853417 0.865917 0.878417 0.890917
0.903417 0.915917 0.928417 0.940917 0.953417 0.965917 0.978417 0.990917 1.00342 1.01592
1.02842 1.04092 1.05342 1.06592 1.07842 1.09092 1.10342 1.11592 1.12842 1.14092
1.15342 1.16592 1.17842 1.19092 1.20342 1.21592 1.22842 1.24092 1.25342 1.26592
1.27842 1.29092 1.30342 1.31592 1.32842 1.34092 1.35342 1.36592 1.37842 1.39092
1.40342 1.41592 1.42842 1.44092 1.45342 1.46592 1.47842 1.49092 1.50342 1.51592
1.52842 1.54092 1.55342 1.56592 1.57842 1.59092 1.60342 1.61592 1.62842 -0.863557
-0.851057 -0.838557 -0.826057 -0.813557 -0.801057 -0.788557 -0.776057 -0.763557 -0.751057 -0.738557
-0.726057 -0.713557 -0.701057 -0.688557 -0.676057 -0.663557 -0.651057 -0.638557 -0.626057 -0.613557
-0.601057 -0.588557 -0.576057 -0.563557 -0.551057 -0.538557 -0.526057 -0.513557 -0.501057 -0.488557
-0.476057 -0.463557 -0.451057 -0.438557 -0.426057 -0.413557 -0.401057 -0.388557 -0.376057 -0.363557
-0.351057 -0.338557 -0.326057 -0.313557 -0.301057 -0.288557 -0.276057 -0.263557 -0.251057 -0.238557
-0.226057 -0.213557 -0.201057 -0.188557 -0.176057 -0.163557 -0.151057 -0.138557 -0.126057 -0.113557
-0.101057 -0.0885569 -0.0760569 -0.0635569 -0.0510569 -0.0408455 -0.0306341 -0.0204228 -0.0102114 0
0.00228862 0.00457724 0.00686585 0.00915447 0.0114431 0.0239431 0.0364431 0.0489431 0.0614431 0.0739431
0.0864431 0.0989431 0.111443 0.123943 0.136443 0.148943 0.161443 0.173943 0.186443 0.198943
0.211443 0.223943 0.236443 0.248943 0.261443 0.273943 0.286443 0.298943 0.311443 0.323943
0.336443 0.348943 0.361443 0.373943 0.386443 0.398943 0.411443 0.423943 0.436443 0.448943
0.461443 0.473943 0.486443 0.498943 0.511443 0.523943 0.536443 0.548943 0.561443 0.573943
0.586443 0.598943 0.611443 0.623943 0.636443 0.648943 0.661443 0.673943 0.686443 0.698943
0.711443 0.723943 0.736443 0.748943 0.761443 0.773943 0.786443 0.798943 0.811443 0.823943
0.836443 0.848943 0.861443 0.873943 0.886443 0.898943 0.911443 0.923943 0.936443 0.948943
0.961443 0.973943 0.986443 0.998943 1.01144 1.02394 1.03644 1.04894 1.06144 1.07394
1.08644 1.09894 1.11144 1.12394 1.13644 1.14894 1.16144 1.17394 1.18644 1.19894
1.21144 1.22394 1.23644 1.24894 1.26144 1.27394 1.28644 1.29894 1.31144 1.32394
1.33644 1.34894 1.36144 1.37394 1.38644 1.39894 1.41144 1.42394 1.43644 1.44894
1.46144 1.47394 1.48644 1.49894 1.51144 1.52394 1.53644 1.54894 1.56144 1.57394
1.58644 1.59894 1.61144 1.62394 1.63644 -0.910253 -0.897753 -0.885253 -0.872753 -0.860253
-0.847753 -0.835253 -0.822753 -0.810253 -0.797753 -0.785253 -0.772753 -0.760253 -0.747753 -0.735253
-0.722753 -0.710253 -0.697753 -0.685253 -0.672753 -0.660253 -0.647753 -0.635253 -0.622753 -0.610253
-0.597753 -0.585253 -0.572753 -0.560253 -0.547753 -0.535253 -0.522753 -0.510253 -0.497753 -0.485253
-0.472753 -0.460253 -0.447753 -0.435253 -0.422753 -0.410253 -0.397753 -0.385253 -0.372753 -0.360253
-0.347753 -0.335253 -0.322753 -0.310253 -0.297753 -0.285253 -0.272753 -0.260253 -0.247753 -0.235253
-0.222753 -0.210253 -0.197753 -0.185253 -0.172753 -0.160253 -0.147753 -0.135253 -0.122753 -0.110253
-0.0977531 -0.0852531 -0.0727531 -0.0602531 -0.0477531 -0.0352531 -0.0282025 -0.0211519 -0.0141013 -0.00705063
0 0.00544937 0.0108987 0.0163481 0.0217975 0.0272469 0.0397469 0.0522468 0.0647468 0.0772469
0.0897469 0.102247 0.114747 0.127247 0.139747 0.152247 0.164747 0.177247 0.189747 0.202247
0.214747 0.227247 0.239747 0.252247 0.264747 0.277247 0.289747 0.302247 0.314747 0.327247
0.339747 0.352247 0.364747 0.377247 0.389747 0.402247 0.414747 0.427247 0.439747 0.452247
0.464747 0.477247 0.489747 0.502247 0.514747 0.527247 0.539747 0.552247 0.564747 0.577247
0.589747 0.602247 0.614747 0.627247 0.639747 0.652247 0.664747 0.677247 0.689747 0.702247
0.714747 0.727247 0.739747 0.752247 0.764747 0.777247 0.789747 0.802247 0.814747 0.827247
0.839747 0.852247 0.864747 0.877247 0.889747 0.902247 0.914747 0.927247 0.939747 0.952247
0.964747 0.977247 0.989747 1.00225 1.01475 1.02725 1.03975 1.05225 1.06475 1.07725
1.08975 1.10225 1.11475 1.12725 1.13975 1.15225 1.16475 1.17725 1.18975 1.20225
1.21475 1.22725 1.23975 1.25225 1.26475 1.27725 1.28975 1.30225 1.31475 1.32725
1.33975 1.35225 1.36475 1.37725 1.38975 1.40225 1.41475 1.42725 1.43975 1.45225
1.46475 1.47725 1.48975 1.50225 1.51475 1.52725 1.53975 1.55225 1.56475 1.57725
1.58975 -0.883142 -0.870642 -0.858142 -0.845642 -0.833142 -0.820642 -0.808142 -0.795642 -0.783142
-0.770642 -0.758142 -0.745642 -0.733142 -0.720642 -0.708142 -0.695642 -0.683142 -0.670642 -0.658142
-0.645642 -0.633142 -0.620642 -0.608142 -0.595642 -0.583142 -0.570642 -0.558142 -0.545642 -0.533142
-0.520642 -0.508142 -0.495642 -0.483142 -0.470642 -0.458142 -0.445642 -0.433142 -0.420642 -0.408142
-0.395642 -0.383142 -0.370642 -0.358142 -0.345642 -0.333142 -0.320642 -0.308142 -0.295642 -0.283142
-0.270642 -0.258142 -0.245642 -0.233142 -0.220642 -0.208142 -0.195642 -0.183142 -0.170642 -0.158142
-0.145642 -0.133142 -0.120642 -0.108142 -0.0956419 -0.0831419 -0.0706419 -0.0581419 -0.0456419 -0.0331419
-0.0206419 -0.00814193 -0.00651354 -0.00488516 -0.00325677 -0.00162839 0 0.0108716 0.0217432 0.0326148
0.0434865 0.0543581 0.0668581 0.0793581 0.0918581 0.104358 0.116858 0.129358 0.141858 0.154358
0.166858 0.179358 0.191858 0.204358 0.216858 0.229358 0.241858 0.254358 0.266858 0.279358
0.291858 0.304358 0.316858 0.329358 0.341858 0.354358 0.366858 0.379358 0.391858 0.404358
0.416858 0.429358 0.441858 0.454358 0.466858 0.479358 0.491858 0.504358 0.516858 0.529358
0.541858 0.554358 0.566858 0.579358 0.591858 0.604358 0.616858 0.629358 0.641858 0.654358
0.666858 0.679358 0.691858 0.704358 0.716858 0.729358 0.741858 0.754358 0.766858 0.779358
0.791858 0.804358 0.816858 0.829358 0.841858 0.854358 0.866858 0.879358 0.891858 0.904358
0.916858 0.929358 0.941858 0.954358 0.966858 0.979358 0.991858 1.00436 1.01686 1.02936
1.04186 1.05436 1.06686 1.07936 1.09186 1.10436 1.11686 1.12936 1.14186 1.15436
1.16686 1.17936 1.19186 1.20436 1.21686 1.22936 1.24186 1.25436 1.26686 1.27936
1.29186 1.30436 1.31686 1.32936 1.34186 1.35436 1.36686 1.37936 1.39186 1.40436
1.41686 1.42936 1.44186 1.45436 1.46686 1.47936 1.49186 1.50436 1.51686 1.52936
1.54186 1.55436 1.56686 1.57936 1.59186 1.60436 1.61686 -0.890502 -0.878002 -0.865502
-0.853002 -0.840502 -0.828002 -0.815502 -0.803002 -0.790502 -0.778002 -0.765502 -0.753002 -0.740502
-0.728002 -0.715502 -0.703002 -0.690502 -0.678002 -0.665502 -0.653002 -0.640502 -0.628002 -0.615502
-0.603002 -0.590502 -0.578002 -0.565502 -0.553002 -0.540502 -0.528002 -0.515502 -0.503002 -0.490502
-0.478002 -0.465502 -0.453002 -0.440502 -0.428002 -0.415502 -0.403002 -0.390502 -0.378002 -0.365502
-0.353002 -0.340502 -0.328002 -0.315502 -0.303002 -0.290502 -0.278002 -0.265502 -0.253002 -0.240502
-0.228002 -0.215502 -0.203002 -0.190502 -0.178002 -0.165502 -0.153002 -0.140502 -0.128002 -0.115502
-0.103002 -0.0905023 -0.0780023 -0.0655023 -0.0530023 -0.0405023 -0.0280023 -0.0155023 -0.0124019 -0.0093014
-0.00620093 -0.00310047 0 0.00939954 0.0187991 0.0281986 0.0375981 0.0469977 0.0594977 0.0719977
0.0844977 0.0969977 0.109498 0.121998 0.134498 0.146998 0.159498 0.171998 0.184498 0.196998
0.209498 0.221998 0.234498 0.246998 0.259498 0.271998 0.284498 0.296998 0.309498 0.321998
0.334498 0.346998 0.359498 0.371998 0.384498 0.396998 0.409498 0.421998 0.434498 0.446998
0.459498 0.471998 0.484498 0.496998 0.509498 0.521998 0.534498 0.546998 0.559498 0.571998
0.584498 0.596998 0.609498 0.621998 0.634498 0.646998 0.659498 0.671998 0.684498 0.696998
0.709498 0.721998 0.734498 0.746998 0.759498 0.771998 0.784498 0.796998 0.809498 0.821998
0.834498 0.846998 0.859498 0.871998 0.884498 0.896998 0.909498 0.921998 0.934498 0.946998
0.959498 0.971998 0.984498 0.996998 1.0095 1.022 1.0345 1.047 1.0595 1.072
1.0845 1.097 1.1095 1.122 1.1345 1.147 1.1595 1.172 1.1845 1.197
1.2095 1.222 1.2345 1.247 1.2595 1.272 1.2845 1.297 1.3095 1.322
1.3345 1.347 1.3595 1.372 1.3845 1.397 1.4095 1.422 1.4345 1.447
1.4595 1.472 1.4845 1.497 1.5095 1.522 1.5345 1.547 1.5595 1.572
1.5845 1.597 1.6095 -0.840955 -0.828455 -0.815955 -0.803455 -0.790955 -0.778455 -0.765955
-0.753455 -0.740955 -0.728455 -0.715955 -0.703455 -0.690955 -0.678455 -0.665955 -0.653455 -0.640955
-0.628455 -0.615955 -0.603455 -0.590955 -0.578455 -0.565955 -0.553455 -0.540955 -0.528455 -0.515955
-0.503455 -0.490955 -0.478455 -0.465955 -0.453455 -0.440955 -0.428455 -0.415955 -0.403455 -0.390955
-0.378455 -0.365955 -0.353455 -0.340955 -0.328455 -0.315955 -0.303455 -0.290955 -0.278455 -0.265955
-0.253455 -0.240955 -0.228455 -0.215955 -0.203455 -0.190955 -0.178455 -0.165955 -0.153455 -0.140955
-0.128455 -0.115955 -0.103455 -0.0909553 -0.0784553 -0.0659553 -0.0534553 -0.0409553 -0.0284553 -0.0227643
-0.0170732 -0.0113821 -0.00569107 0 0.00680893 0.0136179 0.0204268 0.0272357 0.0340447 0.0465447
0.0590447 0.0715447 0.0840447 0.0965447 0.109045 0.121545 0.134045 0.146545 0.159045 0.171545
0.184045 0.196545 0.209045 0.221545 0.234045 0.246545 0.259045 0.271545 0.284045 0.296545
0.309045 0.321545 0.334045 0.346545 0.359045 0.371545 0.384045 0.396545 0.409045 0.421545
0.434045 0.446545 0.459045 0.471545 0.484045 0.496545 0.509045 0.521545 0.534045 0.546545
0.559045 0.571545 0.584045 0.596545 0.609045 0.621545 0.634045 0.646545 0.659045 0.671545
0.684045 0.696545 0.709045 0.721545 0.734045 0.746545 0.759045 0.771545 0.784045 0.796545
0.809045 0.821545 0.834045 0.846545 0.859045 0.871545 0.884045 0.896545 0.909045 0.921545
0.934045 0.946545 0.959045 0.971545 0.984045 0.996545 1.00904 1.02154 1.03404 1.04654
1.05904 1.07154 1.08404 1.09654 1.10904 1.12154 1.13404 1.14654 1.15904 1.17154
1.18404 1.19654 1.20904 1.22154 1.23404 1.24654 1.25904 1.27154 1.28404 1.29654
1.30904 1.32154 1.33404 1.34654 1.35904 1.37154 1.38404 1.39654 1.40904 1.42154
1.43404 1.44654 1.45904 1.47154 1.48404 1.49654 1.50904 1.52154 1.53404 1.54654
1.55904 1.57154 1.58404 1.59654 1.60904 1.62154 1.63404 1.64654 1.65904 -0.924788
-0.912288 -0.899788 -0.887288 -0.874788 -0.862288 -0.849788 -0.837288 -0.824788 -0.812288 -0.799788
-0.787288 -0.774788 -0.762288 -0.749788 -0.737288 -0.724788 -0.712288 -0.699788 -0.687288 -0.674788
-0.662288 -0.649788 -0.637288 -0.624788 -0.612288 -0.599788 -0.587288 -0.574788 -0.562288 -0.549788
-0.537288 -0.524788 -0.512288 -0.499788 -0.487288 -0.474788 -0.462288 -0.449788 -0.437288 -0.424788
-0.412288 -0.399788 -0.387288 -0.374788 -0.362288 -0.349788 -0.337288 -0.324788 -0.312288 -0.299788
-0.287288 -0.274788 -0.262288 -0.249788 -0.237288 -0.224788 -0.212288 -0.199788 -0.187288 -0.174788
-0.162288 -0.149788 -0.137288 -0.124788 -0.112288 -0.0997881 -0.0872881 -0.0747881 -0.0622881 -0.0497881
-0.0398305 -0.0298728 -0.0199152 -0.00995762 0 0.00254238 0.00508477 0.00762715 0.0101695 0.0127119
0.0252119 0.0377119 0.0502119 0.0627119 0.0752119 0.0877119 0.100212 0.112712 0.125212 0.137712
0.150212 0.162712 0.175212 0.187712 0.200212 0.212712 0.225212 0.237712 0.250212 0.262712
0.275212 0.287712 0.300212 0.312712 0.325212 0.337712 0.350212 0.362712 0.375212 0.387712
0.400212 0.412712 0.425212 0.437712 0.450212 0.462712 0.475212 0.487712 0.500212 0.512712
0.525212 0.537712 0.550212 0.562712 0.575212 0.587712 0.600212 0.612712 0.625212 0.637712
0.650212 0.662712 0.675212 0.687712 0.700212 0.712712 0.725212 0.737712 0.750212 0.762712
0.775212 0.787712 0.800212 0.812712 0.825212 0.837712 0.850212 0.862712 0.875212 0.887712
0.900212 0.912712 0.925212 0.937712 0.950212 0.962712 0.975212 0.987712 1.00021 1.01271
1.02521 1.03771 1.05021 1.06271 1.07521 1.08771 1.10021 1.11271 1.12521 1.13771
1.15021 1.16271 1.17521 1.18771 1.20021 1.21271 1.22521 1.23771 1.25021 1.26271
1.27521 1.28771 1.30021 1.31271 1.32521 1.33771 1.35021 1.36271 1.37521 1.38771
1.40021 1.41271 1.42521 1.43771 1.45021 1.46271 1.47521 1.48771 1.50021 1.51271
1.52521 1.53771 1.55021 1.56271 1.57521 -0.912354 -0.899854 -0.887354 -0.874854 -0.862354
-0.849854 -0.837354 -0.824854 -0.812354 -0.799854 -0.787354 -0.774854 -0.762354 -0.749854 -0.737354
-0.724854 -0.712354 -0.699854 -0.687354 -0.674854 -0.662354 -0.649854 -0.637354 -0.624854 -0.612354
-0.599854 -0.587354 -0.574854 -0.562354 -0.549854 -0.537354 -0.524854 -0.512354 -0.499854 -0.487354
-0.474854 -0.462354 -0.449854 -0.437354 -0.424854 -0.412354 -0.399854 -0.387354 -0.374854 -0.362354
-0.349854 -0.337354 -0.324854 -0.312354 -0.299854 -0.287354 -0.274854 -0.262354 -0.249854 -0.237354
-0.224854 -0.212354 -0.199854 -0.187354 -0.174854 -0.162354 -0.149854 -0.137354 -0.124854 -0.112354
-0.0998536 -0.0873536 -0.0748536 -0.0623536 -0.0498536 -0.0373536 -0.0298829 -0.0224121 -0.0149414 -0.00747071
0 0.00502929 0.0100586 0.0150879 0.0201171 0.0251464 0.0376464 0.0501464 0.0626464 0.0751464
0.0876464 0.100146 0.112646 0.125146 0.137646 0.150146 0.162646 0.175146 0.187646 0.200146
0.212646 0.225146 0.237646 0.250146 0.262646 0.275146 0.287646 0.300146 0.312646 0.325146
0.337646 0.350146 0.362646 0.375146 0.387646 0.400146 0.412646 0.425146 0.437646 0.450146
0.462646 0.475146 0.487646 0.500146 0.512646 0.525146 0.537646 0.550146 0.562646 0.575146
0.587646 0.600146 0.612646 0.625146 0.637646 0.650146 0.662646 0.675146 0.687646 0.700146
0.712646 0.725146 0.737646 0.750146 0.762646 0.775146 0.787646 0.800146 0.812646 0.825146
0.837646 0.850146 0.862646 0.875146 0.887646 0.900146 0.912646 0.925146 0.937646 0.950146
0.962646 0.975146 0.987646 1.00015 1.01265 1.02515 1.03765 1.05015 1.06265 1.07515
1.08765 1.10015 1.11265 1.12515 1.13765 1.15015 1.16265 1.17515 1.18765 1.20015
1.21265 1.22515 1.23765 1.25015 1.26265 1.27515 1.28765 1.30015 1.31265 1.32515
1.33765 1.35015 1.36265 1.37515 1.38765 1.40015 1.41265 1.42515 1.43765 1.45015
1.46265 1.47515 1.48765 1.50015 1.51265 1.52515 1.53765 1.55015 1.56265 1.57515
1.58765 -0.918607 -0.906107 -0.893607 -0.881107 -0.868607 -0.856107 -0.843607 -0.831107 -0.818607
-0.806107 -0.793607 -0.781107 -0.768607 -0.756107 -0.743607 -0.731107 -0.718607 -0.706107 -0.693607
-0.681107 -0.668607 -0.656107 -0.643607 -0.631107 -0.618607 -0.606107 -0.593607 -0.581107 -0.568607
-0.556107 -0.543607 -0.531107 -0.518607 -0.506107 -0.493607 -0.481107 -0.468607 -0.456107 -0.443607
-0.431107 -0.418607 -0.406107 -0.393607 -0.381107 -0.368607 -0.356107 -0.343607 -0.331107 -0.318607
-0.306107 -0.293607 -0.281107 -0.268607 -0.256107 -0.243607 -0.231107 -0.218607 -0.206107 -0.193607
-0.181107 -0.168607 -0.156107 -0.143607 -0.131107 -0.118607 -0.106107 -0.0936073 -0.0811073 -0.0686073
-0.0561073 -0.0436073 -0.0348858 -0.0261644 -0.0174429 -0.00872146 0 0.00377854 0.00755708 0.0113356
0.0151142 0.0188927 0.0313927 0.0438927 0.0563927 0.0688927 0.0813927 0.0938927 0.106393 0.118893
0.131393 0.143893 0.156393 0.168893 0.181393 0.193893 0.206393 0.218893 0.231393 0.243893
0.256393 0.268893 0.281393 0.293893 0.306393 0.318893 0.331393 0.343893 0.356393 0.368893
0.381393 0.393893 0.406393 0.418893 0.431393 0.443893 0.456393 0.468893 0.481393 0.493893
0.506393 0.518893 0.531393 0.543893 0.556393 0.568893 0.581393 0.593893 0.606393 0.618893
0.631393 0.643893 0.656393 0.668893 0.681393 0.693893 0.706393 0.718893 0.731393 0.743893
0.756393 0.768893 0.781393 0.793893 0.806393 0.818893 0.831393 0.843893 0.856393 0.868893
0.881393 0.893893 0.906393 0.918893 0.931393 0.943893 0.956393 0.968893 0.981393 0.993893
1.00639 1.01889 1.03139 1.04389 1.05639 1.06889 1.08139 1.09389 1.10639 1.11889
1.13139 1.14389 1.15639 1.16889 1.18139 1.19389 1.20639 1.21889 1.23139 1.24389
1.25639 1.26889 1.28139 1.29389 1.30639 1.31889 1.33139 1.34389 1.35639 1.36889
1.38139 1.39389 1.40639 1.41889 1.43139 1.44389 1.45639 1.46889 1.48139 1.49389
1.50639 1.51889 1.53139 1.54389 1.55639 1.56889 1.58139 -0.863766 -0.851266 -0.838766
-0.826266 -0.813766 -0.801266 -0.788766 -0.776266 -0.763766 -0.751266 -0.738766 -0.726266 -0.713766
-0.701266 -0.688766 -0.676266 -0.663766 -0.651266 -0.638766 -0.626266 -0.613766 -0.601266 -0.588766
-0.576266 -0.563766 -0.551266 -0.538766 -0.526266 -0.513766 -0.501266 -0.488766 -0.476266 -0.463766
-0.451266 -0.438766 -0.426266 -0.413766 -0.401266 -0.388766 -0.376266 -0.363766 -0.351266 -0.338766
-0.326266 -0.313766 -0.301266 -0.288766 -0.276266 -0.263766 -0.251266 -0.238766 -0.226266 -0.213766
-0.201266 -0.188766 -0.176266 -0.163766 -0.151266 -0.138766 -0.126266 -0.113766 -0.101266 -0.0887663
-0.0762663 -0.0637663 -0.0512663 -0.0410131 -0.0307598 -0.0205065 -0.0102533 0 0.00224674 0.00449347
0.00674021 0.00898695 0.0112337 0.0237337 0.0362337 0.0487337 0.0612337 0.0737337 0.0862337 0.0987337
0.111234 0.123734 0.136234 0.148734 0.161234 0.173734 0.186234 0.198734 0.211234 0.223734
0.236234 0.248734 0.261234 0.273734 0.286234 0.298734 0.311234 0.323734 0.336234 0.348734
0.361234 0.373734 0.386234 0.398734 0.411234 0.423734 0.436234 0.448734 0.461234 0.473734
0.486234 0.498734 0.511234 0.523734 0.536234 0.548734 0.561234 0.573734 0.586234 0.598734
0.611234 0.623734 0.636234 0.648734 0.661234 0.673734 0.686234 0.698734 0.711234 0.723734
0.736234 0.748734 0.761234 0.773734 0.786234 0.798734 0.811234 0.823734 0.836234 0.848734
0.861234 0.873734 0.886234 0.898734 0.911234 0.923734 0.936234 0.948734 0.961234 0.973734
0.986234 0.998734 1.01123 1.02373 1.03623 1.04873 1.06123 1.07373 1.08623 1.09873
1.11123 1.12373 1.13623 1.14873 1.16123 1.17373 1.18623 1.19873 1.21123 1.22373
1.23623 1.24873 1.26123 1.27373 1.28623 1.29873 1.31123 1.32373 1.33623 1.34873
1.36123 1.37373 1.38623 1.39873 1.41123 1.42373 1.43623 1.44873 1.46123 1.47373
1.48623 1.49873 1.51123 1.52373 1.53623 1.54873 1.56123 1.57373 1.58623 1.59873
1.61123 1.62373 1.63623 -0.820886 -0.808386 -0.795886 -0.783386 -0.770886 -0.758386 -0.745886
-0.733386 -0.720886 -0.708386 -0.695886 -0.683386 -0.670886 -0.658386 -0.645886 -0.633386 -0.620886
-0.608386 -0.595886 -0.583386 -0.570886 -0.558386 -0.545886 -0.533386 -0.520886 -0.508386 -0.495886
-0.483386 -0.470886 -0.458386 -0.445886 -0.433386 -0.420886 -0.408386 -0.395886 -0.383386 -0.370886
-0.358386 -0.345886 -0.333386 -0.320886 -0.308386 -0.295886 -0.283386 -0.270886 -0.258386 -0.245886
-0.233386 -0.220886 -0.208386 -0.195886 -0.183386 -0.170886 -0.158386 -0.145886 -0.133386 -0.120886
-0.108386 -0.0958856 -0.0833856 -0.0708856 -0.0583856 -0.0458856 -0.0333856 -0.0208856 -0.00838561 -0.00670849
-0.00503137 -0.00335424 -0.00167712 0 0.0108229 0.0216458 0.0324686 0.0432915 0.0541144 0.0666144
0.0791144 0.0916144 0.104114 0.116614 0.129114 0.141614 0.154114 0.166614 0.179114 0.191614
0.204114 0.216614 0.229114 0.241614 0.254114 0.266614 0.279114 0.291614 0.304114 0.316614
0.329114 0.341614 0.354114 0.366614 0.379114 0.391614 0.404114 0.416614 0.429114 0.441614
0.454114 0.466614 0.479114 0.491614 0.504114 0.516614 0.529114 0.541614 0.554114 0.566614
0.579114 0.591614 0.604114 0.616614 0.629114 0.641614 0.654114 0.666614 0.679114 0.691614
0.704114 0.716614 0.729114 0.741614 0.754114 0.766614 0.779114 0.791614 0.804114 0.816614
0.829114 0.841614 0.854114 0.866614 0.879114 0.891614 0.904114 0.916614 0.929114 0.941614
0.954114 0.966614 0.979114 0.991614 1.00411 1.01661 1.02911 1.04161 1.05411 1.06661
1.07911 1.09161 1.10411 1.11661 1.12911 1.14161 1.15411 1.16661 1.17911 1.19161
1.20411 1.21661 1.22911 1.24161 1.25411 1.26661 1.27911 1.29161 1.30411 1.31661
1.32911 1.34161 1.35411 1.36661 1.37911 1.39161 1.40411 1.41661 1.42911 1.44161
1.45411 1.46661 1.47911 1.49161 1.50411 1.51661 1.52911 1.54161 1.55411 1.56661
1.57911 1.59161 1.60411 1.61661 1.62911 1.64161 1.65411 1.66661 1.67911 -0.916066
-0.903566 -0.891066 -0.878566 -0.866066 -0.853566 -0.841066 -0.828566 -0.816066 -0.803566 -0.791066
-0.778566 -0.766066 -0.753566 -0.741066 -0.728566 -0.716066 -0.703566 -0.691066 -0.678566 -0.666066
-0.653566 -0.641066 -0.628566 -0.616066 -0.603566 -0.591066 -0.578566 -0.566066 -0.553566 -0.541066
-0.528566 -0.516066 -0.503566 -0.491066 -0.478566 -0.466066 -0.453566 -0.441066 -0.428566 -0.416066
-0.403566 -0.391066 -0.378566 -0.366066 -0.353566 -0.341066 -0.328566 -0.316066 -0.303566 -0.291066
-0.278566 -0.266066 -0.253566 -0.241066 -0.228566 -0.216066 -0.203566 -0.191066 -0.178566 -0.166066
-0.153566 -0.141066 -0.128566 -0.116066 -0.103566 -0.0910658 -0.0785658 -0.0660658 -0.0535658 -0.0410658
-0.0328526 -0.0246395 -0.0164263 -0.00821316 0 0.00428684 0.00857369 0.0128605 0.0171474 0.0214342
0.0339342 0.0464342 0.0589342 0.0714342 0.0839342 0.0964342 0.108934 0.121434 0.133934 0.146434
0.158934 0.171434 0.183934 0.196434 0.208934 0.221434 0.233934 0.246434 0.258934 0.271434
0.283934 0.296434 0.308934 0.321434 0.333934 0.346434 0.358934 0.371434 0.383934 0.396434
0.408934 0.421434 0.433934 0.446434 0.458934 0.471434 0.483934 0.496434 0.508934 0.521434
0.533934 0.546434 0.558934 0.571434 0.583934 0.596434 0.608934 0.621434 0.633934 0.646434
0.658934 0.671434 0.683934 0.696434 0.708934 0.721434 0.733934 0.746434 0.758934 0.771434
0.783934 0.796434 0.808934 0.821434 0.833934 0.846434 0.858934 0.871434 0.883934 0.896434
0.908934 0.921434 0.933934 0.946434 0.958934 0.971434 0.983934 0.996434 1.00893 1.02143
1.03393 1.04643 1.05893 1.07143 1.08393 1.09643 1.10893 1.12143 1.13393 1.14643
1.15893 1.17143 1.18393 1.19643 1.20893 1.22143 1.23393 1.24643 1.25893 1.27143
1.28393 1.29643 1.30893 1.32143 1.33393 1.34643 1.35893 1.37143 1.38393 1.39643
1.40893 1.42143 1.43393 1.44643 1.45893 1.47143 1.48393 1.49643 1.50893 1.52143
1.53393 1.54643 1.55893 1.57143 1.58393 -0.841399 -0.828899 -0.816399 -0.803899 -0.791399
-0.778899 -0.766399 -0.753899 -0.741399 -0.728899 -0.716399 -0.703899 -0.691399 -0.678899 -0.666399
-0.653899 -0.641399 -0.628899 -0.616399 -0.603899 -0.591399 -0.578899 -0.566399 -0.553899 -0.541399
-0.528899 -0.516399 -0.503899 -0.491399 -0.478899 -0.466399 -0.453899 -0.441399 -0.428899 -0.416399
-0.403899 -0.391399 -0.378899 -0.366399 -0.353899 -0.341399 -0.328899 -0.316399 -0.303899 -0.291399
-0.278899 -0.266399 -0.253899 -0.241399 -0.228899 -0.216399 -0.203899 -0.191399 -0.178899 -0.166399
-0.153899 -0.141399 -0.128899 -0.116399 -0.103899 -0.0913993 -0.0788993 -0.0663993 -0.0538993 -0.0413993
-0.0288993 -0.0231194 -0.0173396 -0.0115597 -0.00577986 0 0.00672014 0.0134403 0.0201604 0.0268806
0.0336007 0.0461007 0.0586007 0.0711007 0.0836007 0.0961007 0.108601 0.121101 0.133601 0.146101
0.158601 0.171101 0.183601 0.196101 0.208601 0.221101 0.233601 0.246101 0.258601 0.271101
0.283601 0.296101 0.308601 0.321101 0.333601 0.346101 0.358601 0.371101 0.383601 0.396101
0.408601 0.421101 0.433601 0.446101 0.458601 0.471101 0.483601 0.496101 0.508601 0.521101
0.533601 0.546101 0.558601 0.571101 0.583601 0.596101 0.608601 0.621101 0.633601 0.646101
0.658601 0.671101 0.683601 0.696101 0.708601 0.721101 0.733601 0.746101 0.758601 0.771101
0.783601 0.796101 0.808601 0.821101 0.833601 0.846101 0.858601 0.871101 0.883601 0.896101
0.908601 0.921101 0.933601 0.946101 0.958601 0.971101 0.983601 0.996101 1.0086 1.0211
1.0336 1.0461 1.0586 1.0711 1.0836 1.0961 1.1086 1.1211 1.1336 1.1461
1.1586 1.1711 1.1836 1.1961 1.2086 1.2211 1.2336 1.2461 1.2586 1.2711
1.2836 1.2961 1.3086 1.3211 1.3336 1.3461 1.3586 1.3711 1.3836 1.3961
1.4086 1.4211 1.4336 1.4461 1.4586 1.4711 1.4836 1.4961 1.5086 1.5211
1.5336 1.5461 1.5586 1.5711 1.5836 1.5961 1.6086 1.6211 1.6336 1.6461
1.6586 
U 3 5562 float
16 0 0 16 -3.88188e-17 7.07256e-17 16 -8.48002e-17 1.37145e-16 16 -1.45759e-16
1.69586e-16 16 -2.0628e-16 1.86444e-16 16 -2.66122e-16 1.88032e-16 16 -3.89623e-16 1.16628e-16
16 -4.55851e-16 3.15313e-17 16 -4.37986e-16 -7.48028e-17 16 -3.5454e-16 -1.70368e-16 16
-2.04146e-16 -2.54585e-16 16 -4.55869e-16 -6.3758e-16 16 -5.92372e-16 -9.05089e-16 16 -6.13948e-16
-1.00279e-15 16 -4.63445e-16 -9.70787e-16 16 -1.35271e-16 -8.06398e-16 16 -3.14753e-16 -9.80444e-16
16 -4.05743e-16 -1.12317e-15 16 -3.88698e-16 -1.17816e-15 16 -2.54005e-16 -1.17676e-15 16
1.59973e-18 -1.11872e-15 16 -1.04337e-16 -1.3853e-15 16 -1.32691e-16 -1.5353e-15 16 -7.08077e-17
-1.55597e-15 16 2.42537e-17 -1.45701e-15 16 1.53168e-16 -1.23492e-15 16 -1.05368e-16 -1.35774e-15
16 -2.01471e-16 -1.36992e-15 16 -1.59289e-16 -1.33281e-15 16 -1.32969e-17 -1.20561e-15 16
2.40464e-16 -9.83711e-16 16 2.91327e-17 -1.00934e-15 16 -6.58526e-17 -9.58112e-16 16 -5.55452e-17
-8.7583e-16 16 5.31395e-17 -7.40585e-16 16 2.63656e-16 -5.49421e-16 16 3.14781e-16 -5.75113e-16
16 3.36985e-16 -5.77284e-16 16 3.78049e-16 -5.9077e-16 16 3.91456e-16 -5.71992e-16 16
3.74987e-16 -5.18934e-16 16 5.18165e-16 -6.86365e-16 16 5.59063e-16 -7.80146e-16 16 5.21987e-16
-8.50222e-16 16 3.97451e-16 -8.36094e-16 16 1.81978e-16 -7.33654e-16 16 1.40421e-16 -9.16708e-16
16 1.00262e-16 -9.81523e-16 16 -4.4183e-18 -9.24016e-16 16 -9.83086e-17 -7.80193e-16 16
-1.79217e-16 -5.47421e-16 16 -1.26865e-16 -6.43671e-16 16 -6.69855e-17 -6.51952e-16 16 -4.5733e-17
-5.27677e-16 16 -2.10893e-17 -3.29973e-16 16 8.33644e-18 -5.7733e-17 16 2.57323e-16 -1.24832e-16
16 4.13961e-16 -1.3741e-16 16 4.37869e-16 -7.30726e-17 16 3.81257e-16 3.44675e-17 16
2.42671e-16 1.85966e-16 16 3.05504e-16 5.35431e-17 16 3.24474e-16 -9.5883e-18 16 2.62417e-16
-1.35458e-17 16 1.72809e-16 2.81956e-17 16 5.58146e-17 1.17366e-16 16 -4.63977e-17 -1.02286e-16
16 -1.22344e-16 -2.3967e-16 16 -1.82156e-16 -2.85723e-16 16 -1.82298e-16 -2.42851e-16 16
-1.2054e-16 -1.08443e-16 16 -1.24021e-16 -1.33424e-16 16 -1.27501e-16 -1.58405e-16 16 -1.30981e-16
-1.83386e-16 16 -1.34461e-16 -2.08368e-16 16 -1.37941e-16 -2.33349e-16 16 -1.77116e-16 -5.14548e-16
16 -1.96223e-16 -6.14507e-16 16 -2.22709e-16 -6.59307e-16 16 -1.64283e-16 -5.66238e-16 16
-5.47803e-17 -3.9024e-16 16 -2.67392e-16 -7.58446e-16 16 -3.63694e-16 -9.58589e-16 16 -3.42056e-16
-9.86837e-16 16 -1.83174e-16 -8.58641e-16 16 1.17339e-16 -5.69087e-16 16 1.22252e-16 -8.95614e-16
16 1.37396e-16 -1.0346e-15 16 1.95368e-16 -1.02251e-15 16 1.9821e-16 -8.27709e-16 16
1.43183e-16 -4.43318e-16 16 2.86835e-17 -5.30226e-16 16 -2.78867e-17 -5.32534e-16 16 1.29934e-17
-4.6671e-16 16 5.04719e-17 -3.07471e-16 16 8.32841e-17 -5.13489e-17 16 3.83512e-17 -1.14482e-16
16 2.20533e-17 -1.11614e-16 16 7.35128e-17 -2.82417e-17 16 1.27829e-16 1.30661e-16 16
1.83982e-16 3.67127e-16 16 3.35717e-16 4.02733e-16 16 4.58075e-16 4.58068e-16 16 5.83096e-16
5.30044e-16 16 6.27827e-16 6.15734e-16 16 5.88747e-16 7.15662e-16 16 7.60451e-16 8.50157e-16
16 9.06494e-16 9.39077e-16 16 1.02675e-15 9.54068e-16 16 1.05895e-15 9.21246e-16 16
1.00021e-15 8.39861e-16 16 1.00325e-15 8.9164e-16 16 1.01232e-15 9.13873e-16 16 1.00513e-15
9.17408e-16 16 9.60441e-16 8.79831e-16 16 8.7763e-16 7.99507e-16 16 7.66573e-16 8.35916e-16
16 6.52425e-16 8.42561e-16 16 5.23959e-16 8.53332e-16 16 3.84889e-16 8.12325e-16 16
2.35179e-16 7.16911e-16 16 -8.77031e-17 8.04904e-16 16 -3.18318e-16 8.35813e-16 16 -4.43687e-16
7.94627e-16 16 -4.63209e-16 7.03652e-16 16 -3.73831e-16 5.61713e-16 16 -4.99415e-16 6.75679e-16
16 -6.09977e-16 7.13494e-16 16 -6.91928e-16 6.19808e-16 16 -7.13933e-16 4.65959e-16 16
-6.74402e-16 2.51569e-16 16 -6.40443e-16 1.86093e-16 16 -6.22063e-16 1.14327e-16 16 -7.15836e-16
5.52732e-17 16 -7.58165e-16 -5.21835e-17 16 -7.44646e-16 -2.10167e-16 16 -4.27794e-16 -3.51027e-16
16 -2.80304e-16 -4.86559e-16 16 -3.54648e-16 -5.43789e-16 16 -5.21843e-16 -6.2902e-16 16
-7.83344e-16 -7.45215e-16 16 -5.35594e-16 -8.43798e-16 16 -4.36736e-16 -9.47636e-16 16 -4.16935e-16
-1.03581e-15 16 -5.39933e-16 -1.11508e-15 16 -8.12258e-16 -1.18574e-15 16 -3.96459e-16 -1.17335e-15
16 -1.86262e-16 -1.19607e-15 16 -1.3182e-16 -1.21061e-15 16 -2.96976e-16 -1.25244e-15 16
-6.90189e-16 -1.32361e-15 16 -9.13987e-17 -1.24858e-15 16 1.78921e-16 -1.2278e-15 16 1.35385e-16
-1.24632e-15 16 -2.13322e-16 -1.30217e-15 16 -8.77399e-16 -1.39696e-15 16 -5.47208e-16 -1.40201e-15
16 -4.0842e-16 -1.42003e-15 16 -4.62589e-16 -1.48091e-15 16 -6.88872e-16 -1.51558e-15 16
-1.09274e-15 -1.52233e-15 16 -8.32518e-16 -1.55826e-15 16 -7.01495e-16 -1.56758e-15 16 -6.5158e-16
-1.55597e-15 16 -7.37881e-16 -1.48398e-15 16 -9.6612e-16 -1.34947e-15 16 -5.57553e-16 -1.17741e-15
16 -3.51861e-16 -1.06665e-15 16 -3.24573e-16 -1.01242e-15 16 -5.32448e-16 -1.03588e-15 16
-9.83758e-16 -1.13967e-15 16 -7.47322e-16 -9.77751e-16 16 -6.35912e-16 -8.83836e-16 16 -6.68462e-16
-9.08547e-16 16 -8.29041e-16 -1.01565e-15 16 -1.12124e-15 -1.2064e-15 16 -8.7641e-16 -1.15403e-15
16 -7.3839e-16 -1.11766e-15 16 -7.00577e-16 -1.18974e-15 16 -7.63269e-16 -1.25199e-15 16
-9.29876e-16 -1.30148e-15 16 -6.03509e-16 -1.271e-15 16 -4.02659e-16 -1.23845e-15 16 -3.15223e-16
-1.23594e-15 16 -3.457e-16 -1.20945e-15 16 -4.98211e-16 -1.15729e-15 16 -1.0433e-16 -1.03626e-15
16 1.09676e-16 -9.62696e-16 16 1.71241e-16 -9.10183e-16 16 7.76474e-17 -8.86535e-16 16
-1.76834e-16 -8.93398e-16 16 2.12568e-16 -5.21868e-16 16 3.93447e-16 -3.50691e-16 16 4.05585e-16
-3.46571e-16 16 2.61686e-16 -5.13006e-16 16 -4.43287e-17 -8.56381e-16 16 1.51816e-16 -5.86443e-16
16 2.38279e-16 -4.58551e-16 16 2.18119e-16 -4.44342e-16 16 1.28452e-16 -5.57428e-16 16
-3.30082e-17 -8.02679e-16 16 1.59075e-16 -4.65592e-16 16 2.58547e-16 -2.88778e-16 16 2.48893e-16
-2.53915e-16 16 1.48029e-16 -3.80758e-16 16 -4.65174e-17 -6.75016e-16 16 0 0
16 -2.82897e-17 4.46159e-17 16 -7.4318e-17 6.77955e-17 16 -1.20064e-16 7.78594e-17 16
-1.65811e-16 8.79233e-17 16 -1.90068e-16 1.25099e-16 16 -2.26062e-16 7.18693e-17 16 -1.99693e-16
1.09363e-17 16 -1.62011e-16 -4.63343e-17 16 -1.24329e-16 -1.03605e-16 16 -1.65825e-17 -1.56447e-16
16 7.60573e-17 -3.41272e-16 16 1.71998e-16 -4.23129e-16 16 2.73417e-16 -4.86019e-16 16
3.74837e-16 -5.48908e-16 16 4.47662e-16 -5.70808e-16 16 6.69825e-16 -6.52952e-16 16 7.40388e-16
-6.66898e-16 16 8.21839e-16 -6.7048e-16 16 9.0329e-16 -6.74063e-16 16 7.51712e-16 -6.46468e-16
16 8.72211e-16 -5.72339e-16 16 8.47014e-16 -5.78145e-16 16 8.23245e-16 -5.85483e-16 16
7.99476e-16 -5.92821e-16 16 6.34839e-16 -6.70357e-16 16 6.74346e-16 -6.36629e-16 16 6.21805e-16
-6.16701e-16 16 5.55896e-16 -6.12531e-16 16 4.89988e-16 -6.0836e-16 16 3.74077e-16 -5.77943e-16
16 3.6741e-16 -4.62118e-16 16 3.59366e-16 -4.08084e-16 16 3.40911e-16 -3.68161e-16 16
3.22455e-16 -3.28238e-16 16 3.0008e-16 -3.23884e-16 16 3.64071e-16 -2.39691e-16 16 4.02505e-16
-2.2598e-16 16 4.42952e-16 -2.1921e-16 16 4.834e-16 -2.12441e-16 16 4.58175e-16 -2.67468e-16
16 4.91649e-16 -1.92552e-16 16 4.69653e-16 -2.29014e-16 16 4.55471e-16 -2.71515e-16 16
4.41288e-16 -3.14017e-16 16 3.60472e-16 -4.44257e-16 16 3.72344e-16 -4.13672e-16 16 2.96635e-16
-4.18781e-16 16 2.12974e-16 -4.18706e-16 16 1.29313e-16 -4.18631e-16 16 1.19217e-17 -4.81841e-16
16 9.7323e-17 -3.84609e-16 16 1.14302e-16 -3.00535e-16 16 1.28914e-16 -2.01419e-16 16
1.43526e-16 -1.02302e-16 16 4.71084e-17 -7.24039e-17 16 2.20255e-16 1.7995e-16 16 2.67543e-16
2.15713e-16 16 3.10701e-16 2.59912e-16 16 3.53858e-16 3.04111e-16 16 2.55594e-16 9.7435e-17
16 4.89331e-16 8.05657e-17 16 4.73547e-16 3.15726e-17 16 4.42876e-16 -1.56232e-17 16
4.12205e-16 -6.28189e-17 16 2.41663e-16 -1.74158e-16 16 4.40703e-16 -2.15645e-16 16 4.48683e-16
-2.52039e-16 16 4.5875e-16 -2.79534e-16 16 4.68816e-16 -3.0703e-16 16 3.42039e-16 -3.46662e-16
16 3.87297e-16 -3.30416e-16 16 4.32555e-16 -3.1417e-16 16 4.63782e-16 -3.09142e-16 16
4.69932e-16 -3.24165e-16 16 4.76082e-16 -3.39188e-16 16 5.29867e-16 -3.87826e-16 16 6.01521e-16
-4.22509e-16 16 6.73175e-16 -4.57192e-16 16 7.44829e-16 -4.91875e-16 16 7.5211e-16 -5.57451e-16
16 9.35438e-16 -5.40881e-16 16 9.99653e-16 -5.78793e-16 16 1.07127e-15 -6.19989e-16 16
1.14288e-15 -6.61184e-16 16 1.07391e-15 -7.16439e-16 16 1.0849e-15 -5.84963e-16 16 1.01206e-15
-5.56137e-16 16 9.36897e-16 -5.40837e-16 16 8.61733e-16 -5.25537e-16 16 7.17218e-16 -5.75998e-16
16 5.69008e-16 -3.9531e-16 16 4.85924e-16 -3.02869e-16 16 4.04729e-16 -2.13242e-16 16
3.23535e-16 -1.23614e-16 16 3.07815e-16 -1.22081e-16 16 2.7711e-16 1.87488e-16 16 2.72412e-16
2.93497e-16 16 2.72211e-16 4.00074e-16 16 2.7201e-16 5.0665e-16 16 2.24037e-16 4.04137e-16
16 1.76583e-16 7.22785e-16 16 1.99698e-16 7.90559e-16 16 2.18432e-16 8.51658e-16 16
2.37166e-16 9.12757e-16 16 2.86914e-16 7.42911e-16 16 2.58505e-16 9.3683e-16 16 2.54372e-16
9.54964e-16 16 2.46136e-16 9.6327e-16 16 2.37899e-16 9.71575e-16 16 2.52088e-16 8.44952e-16
16 -4.08484e-17 9.37696e-16 16 -1.29228e-16 9.17964e-16 16 -2.23902e-16 8.95786e-16 16
-3.18576e-16 8.73607e-16 16 -1.63207e-16 7.45911e-16 16 -4.47687e-16 7.38433e-16 16 -5.79861e-16
6.95062e-16 16 -7.23487e-16 6.58227e-16 16 -8.67114e-16 6.21392e-16 16 -7.47004e-16 5.19811e-16
16 -1.06385e-15 4.478e-16 16 -1.15045e-15 4.13698e-16 16 -1.24266e-15 3.84099e-16 16
-1.33486e-15 3.545e-16 16 -1.14726e-15 3.39347e-16 16 -1.43303e-15 3.29801e-16 16 -1.42163e-15
2.71944e-16 16 -1.41166e-15 2.07419e-16 16 -1.40169e-15 1.42893e-16 16 -1.12333e-15 4.5426e-17
16 -1.38298e-15 -6.29606e-18 16 -1.32394e-15 -1.43113e-16 16 -1.27976e-15 -2.88718e-16 16
-1.23558e-15 -4.34322e-16 16 -8.29848e-16 -6.49568e-16 16 -9.11191e-16 -8.5275e-16 16 -8.33567e-16
-9.79772e-16 16 -7.61762e-16 -1.10645e-15 16 -6.89956e-16 -1.23314e-15 16 -4.12416e-16 -1.30161e-15
16 -5.05667e-16 -1.42307e-15 16 -4.94489e-16 -1.48729e-15 16 -4.73792e-16 -1.54761e-15 16
-4.53095e-16 -1.60793e-15 16 -3.54652e-16 -1.62564e-15 16 -5.84756e-16 -1.76824e-15 16 -5.82515e-16
-1.77023e-15 16 -5.71098e-16 -1.77232e-15 16 -5.59682e-16 -1.77441e-15 16 -4.03157e-16 -1.62026e-15
16 -5.28329e-16 -1.649e-15 16 -5.55697e-16 -1.63952e-15 16 -5.73339e-16 -1.62753e-15 16
-5.9098e-16 -1.61553e-15 16 -5.88394e-16 -1.55582e-15 16 -7.18134e-16 -1.63268e-15 16 -7.53215e-16
-1.62574e-15 16 -7.804e-16 -1.60698e-15 16 -8.07585e-16 -1.58822e-15 16 -7.70378e-16 -1.53044e-15
16 -7.62024e-16 -1.41809e-15 16 -7.38454e-16 -1.34111e-15 16 -7.12427e-16 -1.25896e-15 16
-6.864e-16 -1.17681e-15 16 -6.7907e-16 -1.1757e-15 16 -6.63121e-16 -9.73611e-16 16 -7.00119e-16
-9.52596e-16 16 -7.52165e-16 -9.35739e-16 16 -8.04211e-16 -9.18882e-16 16 -8.52803e-16 -1.10821e-15
16 -8.17052e-16 -1.11003e-15 16 -8.5765e-16 -1.16156e-15 16 -9.03801e-16 -1.21847e-15 16
-9.49951e-16 -1.27537e-15 16 -1.03813e-15 -1.35777e-15 16 -1.10109e-15 -1.28495e-15 16 -1.07417e-15
-1.28896e-15 16 -1.03057e-15 -1.30697e-15 16 -9.86965e-16 -1.32497e-15 16 -9.48792e-16 -1.33454e-15
16 -1.01771e-15 -1.20301e-15 16 -9.37399e-16 -1.1438e-15 16 -8.42891e-16 -1.09571e-15 16
-7.48384e-16 -1.04762e-15 16 -5.8615e-16 -1.00628e-15 16 -6.32311e-16 -8.09769e-16 16 -5.38623e-16
-7.31217e-16 16 -4.39106e-16 -6.44678e-16 16 -3.3959e-16 -5.58139e-16 16 -1.32871e-16 -5.99864e-16
16 -2.21088e-16 -4.98167e-16 16 -1.28094e-16 -4.64623e-16 16 -2.37307e-17 -4.13702e-16 16
8.06329e-17 -3.6278e-16 16 3.24131e-16 -4.14155e-16 16 3.35299e-16 -2.92421e-16 16 3.81816e-16
-2.69141e-16 16 4.36211e-16 -2.34843e-16 16 4.90605e-16 -2.00544e-16 16 5.56825e-16 -2.77238e-16
16 4.76346e-16 -1.95798e-16 16 4.67309e-16 -1.76443e-16 16 4.55024e-16 -1.55281e-16 16
4.42738e-16 -1.34118e-16 16 5.11503e-16 -1.79931e-16 16 0 0 16 -1.3482e-16
1.47938e-17 16 -1.80567e-16 2.48576e-17 16 -2.26313e-16 3.49215e-17 16 -2.31017e-16 3.59563e-17
16 -1.4767e-16 3.92345e-17 16 -1.64612e-16 -1.63753e-18 16 -1.26929e-16 -5.89082e-17 16
-8.9247e-17 -1.16179e-16 16 -8.53723e-17 -1.22068e-16 16 -3.78175e-17 -1.56758e-16 16 -4.99167e-17
-2.08157e-16 16 5.15028e-17 -2.71046e-16 16 1.52922e-16 -3.33936e-16 16 1.63351e-16 -3.40403e-16
16 2.31249e-16 -3.64236e-16 16 3.16328e-16 -3.32569e-16 16 3.97778e-16 -3.36152e-16 16
4.79229e-16 -3.39734e-16 16 4.87604e-16 -3.40102e-16 16 4.60294e-16 -3.93858e-16 16 5.57278e-16
-3.79706e-16 16 5.33509e-16 -3.87044e-16 16 5.0974e-16 -3.94381e-16 16 5.07297e-16 -3.95136e-16
16 4.18489e-16 -4.21408e-16 16 4.28772e-16 -3.91575e-16 16 3.62864e-16 -3.87405e-16 16
2.96955e-16 -3.83234e-16 16 2.90178e-16 -3.82805e-16 16 2.53917e-16 -3.96822e-16 16 2.63664e-16
-3.88689e-16 16 2.45209e-16 -3.48766e-16 16 2.26753e-16 -3.08843e-16 16 2.24856e-16 -3.04738e-16
16 2.07257e-16 -2.57658e-16 16 2.31822e-16 -2.22802e-16 16 2.7227e-16 -2.16033e-16 16
3.12717e-16 -2.09263e-16 16 3.16876e-16 -2.08567e-16 16 3.33457e-16 -2.44513e-16 16 4.57962e-16
-3.06432e-16 16 4.43779e-16 -3.48933e-16 16 4.29596e-16 -3.91434e-16 16 4.28138e-16 -3.95804e-16
16 2.81163e-16 -3.87099e-16 16 2.6094e-16 -4.29027e-16 16 1.77279e-16 -4.28952e-16 16
9.36181e-17 -4.28878e-16 16 8.50158e-17 -4.2887e-16 16 1.31162e-17 -3.6547e-16 16 4.82325e-18
-2.94731e-16 16 1.94349e-17 -1.95615e-16 16 3.40466e-17 -9.64983e-17 16 3.55491e-17 -8.63069e-17
16 6.04592e-17 -4.81167e-17 16 1.75522e-16 3.55163e-17 16 2.1868e-16 7.9715e-17 16
2.61838e-16 1.23914e-16 16 2.66276e-16 1.28458e-16 16 1.86792e-16 9.67408e-17 16 1.78774e-16
1.03302e-16 16 1.48103e-16 5.61064e-17 16 1.17432e-16 8.91062e-18 16 1.14278e-16 4.0578e-18
16 7.95884e-17 -3.3729e-17 16 4.76971e-17 3.42371e-17 16 5.61774e-17 1.10745e-17 16
6.46576e-17 -1.20881e-17 16 7.04515e-17 -2.79131e-17 16 7.04515e-17 -2.79131e-17 16 7.04515e-17
-2.79131e-17 16 7.04515e-17 -2.79131e-17 16 7.26162e-17 -4.2691e-17 16 7.87043e-17 -8.4252e-17
16 8.47923e-17 -1.25813e-16 16 1.77123e-16 -1.23957e-16 16 2.6445e-16 -1.66225e-16 16
3.51776e-16 -2.08494e-16 16 3.60755e-16 -2.12841e-16 16 3.12631e-16 -2.59383e-16 16 4.27843e-16
-3.27464e-16 16 4.99457e-16 -3.6866e-16 16 5.71071e-16 -4.09855e-16 16 5.78434e-16 -4.14091e-16
16 5.1634e-16 -3.82308e-16 16 5.71331e-16 -4.46948e-16 16 4.96167e-16 -4.31648e-16 16
4.21004e-16 -4.16348e-16 16 4.13275e-16 -4.14775e-16 16 3.32868e-16 -3.3633e-16 16 2.63585e-16
-3.42058e-16 16 1.82391e-16 -2.5243e-16 16 1.01196e-16 -1.62803e-16 16 9.28478e-17 -1.53587e-16
16 1.26663e-16 -6.72051e-17 16 1.48438e-16 -4.51709e-17 16 1.48237e-16 6.14056e-17 16
1.48036e-16 1.67982e-16 16 1.48015e-16 1.78941e-16 16 1.45615e-16 2.55036e-16 16 2.01523e-16
2.84639e-16 16 2.20257e-16 3.45738e-16 16 2.38991e-16 4.06837e-16 16 2.40918e-16 4.13119e-16
16 2.43507e-16 4.48628e-16 16 3.11436e-16 4.35803e-16 16 3.03199e-16 4.44108e-16 16
2.94963e-16 4.52413e-16 16 2.94116e-16 4.53267e-16 16 2.65635e-16 4.7658e-16 16 2.46556e-16
3.95777e-16 16 1.51882e-16 3.73598e-16 16 5.72079e-17 3.5142e-16 16 4.74732e-17 3.49139e-16
16 4.12986e-18 4.17408e-16 16 -1.94795e-16 3.77521e-16 16 -3.38422e-16 3.40686e-16 16
-4.82048e-16 3.03851e-16 16 -4.96817e-16 3.00064e-16 16 -4.36004e-16 3.21117e-16 16 -7.74428e-16
2.77327e-16 16 -8.66634e-16 2.47728e-16 16 -9.58839e-16 2.1813e-16 16 -9.6832e-16 2.15086e-16
16 -7.34252e-16 2.24808e-16 16 -8.9718e-16 1.58837e-16 16 -8.87211e-16 9.43117e-17 16
-8.77242e-16 2.97867e-17 16 -8.76217e-16 2.3152e-17 16 -7.37298e-16 1.31952e-17 16 -8.24269e-16
-2.01283e-16 16 -7.80089e-16 -3.46887e-16 16 -7.35908e-16 -4.92491e-16 16 -7.31366e-16 -5.07463e-16
16 -6.52392e-16 -4.06275e-16 16 -8.16988e-16 -6.11622e-16 16 -7.45183e-16 -7.38305e-16 16
-6.73378e-16 -8.64988e-16 16 -6.65995e-16 -8.78014e-16 16 -4.8442e-16 -7.72838e-16 16 -6.38639e-16
-9.6322e-16 16 -6.17942e-16 -1.02354e-15 16 -5.97245e-16 -1.08386e-15 16 -5.95117e-16 -1.09006e-15
16 -4.19881e-16 -9.70127e-16 16 -5.4894e-16 -1.08984e-15 16 -5.37523e-16 -1.09193e-15 16
-5.26107e-16 -1.09402e-15 16 -5.24933e-16 -1.09423e-15 16 -3.68055e-16 -9.80817e-16 16 -4.86251e-16
-1.05859e-15 16 -5.03893e-16 -1.0466e-15 16 -5.21534e-16 -1.0346e-15 16 -5.23348e-16 -1.03337e-15
16 -4.32364e-16 -9.5479e-16 16 -5.79404e-16 -1.04609e-15 16 -6.0659e-16 -1.02733e-15 16
-6.33775e-16 -1.00857e-15 16 -6.3657e-16 -1.00664e-15 16 -5.26808e-16 -9.26445e-16 16 -5.06804e-16
-9.66854e-16 16 -4.80777e-16 -8.84704e-16 16 -4.5475e-16 -8.02554e-16 16 -4.52074e-16 -7.94107e-16
16 -4.36744e-16 -6.9778e-16 16 -4.22142e-16 -7.24819e-16 16 -4.74188e-16 -7.07962e-16 16
-5.26235e-16 -6.91105e-16 16 -5.31586e-16 -6.89372e-16 16 -5.68607e-16 -6.31577e-16 16 -7.48783e-16
-6.90691e-16 16 -7.94934e-16 -7.47599e-16 16 -8.41084e-16 -8.04506e-16 16 -8.4583e-16 -8.10358e-16
16 -7.06985e-16 -7.96729e-16 16 -7.3743e-16 -8.91953e-16 16 -6.93829e-16 -9.09963e-16 16
-6.50228e-16 -9.27972e-16 16 -6.45745e-16 -9.29824e-16 16 -5.73816e-16 -8.73611e-16 16 -4.30112e-16
-9.79971e-16 16 -3.35605e-16 -9.31882e-16 16 -2.41097e-16 -8.83794e-16 16 -2.3138e-16 -8.78849e-16
16 -2.8312e-16 -7.4164e-16 16 -2.99216e-17 -8.19798e-16 16 6.95949e-17 -7.33259e-16 16
1.69111e-16 -6.4672e-16 16 1.79344e-16 -6.37822e-16 16 1.17913e-17 -4.85506e-16 16 3.29738e-16
-5.61797e-16 16 4.34102e-16 -5.10876e-16 16 5.38466e-16 -4.59954e-16 16 5.49197e-16 -4.54718e-16
16 3.01712e-16 -3.44608e-16 16 6.62037e-16 -3.99083e-16 16 7.16432e-16 -3.64785e-16 16
7.70827e-16 -3.30487e-16 16 7.7642e-16 -3.2696e-16 16 4.42812e-16 -2.45405e-16 16 7.50256e-16
-2.55679e-16 16 7.3797e-16 -2.34517e-16 16 7.25685e-16 -2.13355e-16 16 8.57555e-16 -2.70501e-16
16 6.86999e-16 -2.99967e-16 16 0 0 16 -2.33248e-17 -3.99481e-17 16
-6.0639e-17 -4.86925e-17 16 -9.60953e-17 -4.08924e-17 16 -1.04527e-16 -2.20841e-17 16 -1.26949e-16
2.79279e-17 16 7.23543e-18 2.83989e-17 16 8.12099e-17 -7.15646e-18 16 1.10416e-16 -5.15447e-17
16 7.4124e-17 -7.32599e-17 16 -2.2378e-17 -1.31002e-16 16 5.81355e-16 -1.31119e-16 16
8.71682e-16 -1.70401e-16 16 9.50289e-16 -2.19145e-16 16 7.61381e-16 -2.42752e-16 16 2.59067e-16
-3.05525e-16 16 8.66276e-16 -2.41282e-16 16 1.14545e-15 -2.19357e-16 16 1.20858e-15 -2.22133e-16
16 1.01086e-15 -2.47641e-16 16 4.85098e-16 -3.15466e-16 16 1.06049e-15 -1.43994e-16 16
1.26205e-15 -8.40859e-17 16 1.24363e-15 -8.97731e-17 16 1.0183e-15 -1.57019e-16 16 4.19139e-16
-3.35829e-16 16 7.90876e-16 -2.32934e-16 16 8.89556e-16 -1.91636e-16 16 8.38473e-16 -1.88403e-16
16 6.73885e-16 -2.25531e-16 16 2.36238e-16 -3.24255e-16 16 5.16181e-16 -3.26576e-16 16
6.09946e-16 -3.0254e-16 16 5.95642e-16 -2.71597e-16 16 4.83422e-16 -2.5571e-16 16 1.85024e-16
-2.13466e-16 16 2.73085e-16 -2.98215e-16 16 3.31439e-16 -3.25863e-16 16 3.62789e-16 -3.20616e-16
16 3.44882e-16 -2.86199e-16 16 2.97269e-16 -1.94681e-16 16 3.61439e-16 -3.59168e-16 16
3.76722e-16 -4.47545e-16 16 3.65729e-16 -4.80486e-16 16 3.36263e-16 -4.3461e-16 16 2.57911e-16
-3.12624e-16 16 1.76971e-16 -4.79776e-16 16 9.4334e-17 -5.42592e-16 16 2.94916e-17 -5.42534e-16
16 2.8468e-17 -4.79644e-16 16 2.57464e-17 -3.12417e-16 16 -2.39058e-16 -4.87452e-16 16
-3.29528e-16 -4.91437e-16 16 -3.18203e-16 -4.14616e-16 16 -2.13121e-16 -3.11514e-16 16 6.62947e-17
-3.73628e-17 16 -1.00952e-16 -1.57197e-17 16 -1.36922e-16 1.99963e-17 16 -1.03472e-16 5.4253e-17
16 -2.43438e-17 6.27357e-17 16 1.86061e-16 8.52913e-17 16 -4.8421e-17 -3.22568e-17 16
-1.5574e-16 -1.0591e-16 16 -1.79512e-16 -1.4249e-16 16 -1.02864e-16 -1.16032e-16 16 1.00946e-16
-4.56797e-17 16 -3.05227e-17 -8.61191e-17 16 -1.61992e-16 -1.26559e-16 16 -2.93461e-16 -1.66998e-16
16 -2.99221e-16 -1.81424e-16 16 -2.94717e-16 -1.93726e-16 16 -2.89302e-16 -2.08516e-16 16
-2.89302e-16 -2.08516e-16 16 -2.06964e-16 -1.91478e-16 16 -3.9041e-17 -1.56729e-16 16 1.28882e-16
-1.21981e-16 16 2.62451e-16 -7.16541e-17 16 3.67169e-16 -7.91e-17 16 4.34852e-16 -1.11861e-16
16 4.17461e-16 -1.46684e-16 16 3.71217e-16 -2.3928e-16 16 9.85195e-16 -1.56783e-16 16
1.26078e-15 -1.51461e-16 16 1.31628e-15 -1.8339e-16 16 1.11231e-15 -2.29908e-16 16 5.69951e-16
-3.536e-16 16 1.14629e-15 -3.95021e-16 16 1.31614e-15 -4.01052e-16 16 1.25789e-15 -3.89193e-16
16 1.01287e-15 -3.67862e-16 16 3.61367e-16 -3.11141e-16 16 3.62418e-16 -4.18467e-16 16
3.12154e-16 -4.02909e-16 16 2.49224e-16 -3.33442e-16 16 2.18293e-16 -2.59373e-16 16 1.36048e-16
-6.24196e-17 16 2.88301e-16 -7.05033e-18 16 3.45434e-16 8.02683e-17 16 3.45278e-16 1.62872e-16
16 2.87944e-16 1.82129e-16 16 1.3549e-16 2.33337e-16 16 -1.46168e-17 1.97639e-16 16
-5.93797e-17 2.22335e-16 16 -4.48596e-17 2.6969e-16 16 1.86375e-17 3.06093e-16 16 1.87479e-16
4.0289e-16 16 1.92804e-16 3.67936e-16 16 1.89668e-16 3.59973e-16 16 1.83284e-16 3.6641e-16
16 1.78184e-16 3.82678e-16 16 1.64622e-16 4.25937e-16 16 4.88935e-17 4.59663e-16 16
-5.36986e-17 4.58509e-16 16 -1.27077e-16 4.4132e-16 16 -1.19159e-16 4.20295e-16 16 -9.81041e-17
3.64391e-16 16 -3.12032e-16 2.96799e-16 16 -4.82097e-16 2.48397e-16 16 -5.93417e-16 2.19848e-16
16 -5.66978e-16 2.31415e-16 16 -4.96676e-16 2.62172e-16 16 -7.62417e-16 1.48996e-16 16
-9.19885e-16 8.79655e-17 16 -9.9135e-16 6.50246e-17 16 -9.26087e-16 9.6456e-17 16 -7.52553e-16
1.80033e-16 16 -9.77629e-16 4.44554e-17 16 -1.05605e-15 -4.67909e-17 16 -1.04833e-15 -9.68018e-17
16 -9.59933e-16 -7.00805e-17 16 -7.24888e-16 9.72354e-19 16 -8.12344e-16 -2.3994e-16 16
-8.17668e-16 -4.21388e-16 16 -7.83426e-16 -5.3424e-16 16 -7.33921e-16 -4.98397e-16 16 -6.02284e-16
-4.03089e-16 16 -7.28265e-16 -9.53313e-16 16 -7.30842e-16 -1.23928e-15 16 -6.75189e-16 -1.33747e-15
16 -6.00806e-16 -1.17818e-15 16 -4.0302e-16 -7.54642e-16 16 -3.19824e-16 -1.28952e-15 16
-2.75622e-16 -1.5283e-15 16 -2.59581e-16 -1.57505e-15 16 -2.83085e-16 -1.39659e-15 16 -3.45584e-16
-9.22029e-16 16 -5.67689e-16 -1.40997e-15 16 -6.44095e-16 -1.59477e-15 16 -6.35246e-16 -1.5964e-15
16 -5.47424e-16 -1.41368e-15 16 -3.13903e-16 -9.27832e-16 16 -5.17622e-16 -1.45533e-15 16
-6.05243e-16 -1.64622e-15 16 -6.18917e-16 -1.63692e-15 16 -5.48937e-16 -1.43404e-15 16 -3.62859e-16
-8.94545e-16 16 -6.999e-16 -1.3654e-15 16 -8.43614e-16 -1.53077e-15 16 -8.64684e-16 -1.51623e-15
16 -7.48155e-16 -1.3321e-15 16 -4.383e-16 -8.42486e-16 16 -6.83136e-16 -1.1172e-15 16
-7.58975e-16 -1.16926e-15 16 -7.38802e-16 -1.10559e-15 16 -6.36937e-16 -9.71383e-16 16 -3.66074e-16
-6.14515e-16 16 -9.12232e-16 -8.32456e-16 16 -1.1501e-15 -9.03901e-16 16 -1.19044e-15 -8.90836e-16
16 -1.00462e-15 -8.02534e-16 16 -5.10505e-16 -5.67737e-16 16 -1.25157e-15 -1.20219e-15 16
-1.55906e-15 -1.4763e-15 16 -1.59483e-15 -1.5204e-15 16 -1.33349e-15 -1.3032e-15 16 -6.38576e-16
-7.25659e-16 16 -1.09251e-15 -1.24957e-15 16 -1.23602e-15 -1.45783e-15 16 -1.20223e-15 -1.47179e-15
16 -1.01512e-15 -1.28153e-15 16 -5.1758e-16 -7.75636e-16 16 -9.22109e-16 -1.22783e-15 16
-1.01528e-15 -1.36789e-15 16 -9.42028e-16 -1.33062e-15 16 -7.54353e-16 -1.14247e-15 16 -2.55317e-16
-6.42188e-16 16 -4.37753e-16 -9.38346e-16 16 -4.44272e-16 -9.9573e-16 16 -3.67141e-16 -9.28657e-16
16 -2.61105e-16 -7.84734e-16 16 2.08471e-17 -4.02037e-16 16 -9.91244e-17 -7.19743e-16 16
-7.91279e-17 -8.07453e-16 16 1.76021e-18 -7.67986e-16 16 8.61272e-17 -6.29354e-16 16 3.10462e-16
-2.60727e-16 16 6.52595e-16 -5.4362e-16 16 8.15201e-16 -6.2861e-16 16 8.57361e-16 -6.02027e-16
16 7.49149e-16 -4.82739e-16 16 4.61411e-16 -1.65547e-16 16 6.63839e-16 -3.49203e-16 16
7.32302e-16 -4.05069e-16 16 7.56159e-16 -4.0354e-16 16 7.6401e-16 -3.64996e-16 16 5.387e-16
-1.5281e-16 16 0 0 16 -5.48098e-17 4.27684e-17 16 -1.15986e-16 7.44066e-17
16 -1.77162e-16 1.06045e-16 16 -2.23852e-16 1.17428e-16 16 -2.73612e-16 1.25079e-16 16
-2.95449e-16 2.85369e-17 16 -2.76811e-16 -7.80124e-17 16 -2.58174e-16 -1.84562e-16 16 -2.21656e-16
-2.44846e-16 16 -1.51879e-16 -3.0979e-16 16 -2.38925e-16 -4.87613e-16 16 -2.6041e-16 -5.83754e-16
16 -2.81895e-16 -6.79894e-16 16 -1.87993e-16 -7.44818e-16 16 -2.20046e-17 -7.4299e-16 16
-6.04895e-17 -8.30772e-16 16 -4.2841e-17 -8.84212e-16 16 -2.51926e-17 -9.37653e-16 16 5.2356e-17
-9.44284e-16 16 1.83397e-16 -9.30318e-16 16 1.97786e-16 -1.02069e-15 16 2.60078e-16 -1.04092e-15
16 3.22369e-16 -1.06114e-15 16 3.03864e-16 -1.06927e-15 16 3.23572e-16 -1.01127e-15 16
2.79759e-16 -1.02082e-15 16 3.21429e-16 -9.85275e-16 16 3.631e-16 -9.49729e-16 16 3.03771e-16
-9.43639e-16 16 3.28889e-16 -8.77471e-16 16 2.75943e-16 -8.26751e-16 16 2.86053e-16 -7.45638e-16
16 2.96163e-16 -6.64524e-16 16 2.79454e-16 -6.22082e-16 16 3.26199e-16 -5.39093e-16 16
3.71032e-16 -5.56711e-16 16 4.13359e-16 -5.71115e-16 16 4.55687e-16 -5.8552e-16 16 4.96249e-16
-5.80046e-16 16 5.2049e-16 -5.60096e-16 16 5.35147e-16 -6.58811e-16 16 4.98639e-16 -7.3017e-16
16 4.6213e-16 -8.01529e-16 16 4.46582e-16 -8.45795e-16 16 3.75081e-16 -8.47024e-16 16
2.87105e-16 -8.57865e-16 16 1.80648e-16 -8.00146e-16 16 7.4191e-17 -7.42426e-16 16 -1.08643e-17
-7.38826e-16 16 -9.37416e-17 -6.7249e-16 16 -6.45188e-17 -6.10096e-16 16 -4.45042e-17 -4.84543e-16
16 -2.44896e-17 -3.5899e-16 16 -9.54745e-18 -2.58257e-16 16 9.28257e-18 -1.09844e-16 16
9.64466e-17 -8.24678e-17 16 1.19186e-16 -1.74798e-17 16 1.41926e-16 4.75081e-17 16 1.83835e-16
9.29783e-17 16 1.75241e-16 1.67731e-16 16 1.48003e-16 1.2704e-16 16 8.49049e-17 1.2287e-16
16 2.18072e-17 1.18699e-16 16 -1.08472e-17 7.41348e-17 16 -6.60989e-17 6.57696e-17 16
-1.38164e-16 -2.94902e-17 16 -1.98226e-16 -7.52275e-17 16 -2.58289e-16 -1.20965e-16 16 -2.52512e-16
-1.49576e-16 16 -2.27726e-16 -1.30969e-16 16 -2.28844e-16 -1.38997e-16 16 -2.29963e-16 -1.47026e-16
16 -2.31081e-16 -1.55054e-16 16 -2.322e-16 -1.63083e-16 16 -2.33318e-16 -1.71111e-16 16
-2.63525e-16 -2.5816e-16 16 -2.91608e-16 -3.0566e-16 16 -3.19692e-16 -3.53161e-16 16 -2.35668e-16
-3.94378e-16 16 -1.41547e-16 -3.68935e-16 16 -1.86509e-16 -4.93809e-16 16 -1.64727e-16 -5.21808e-16
16 -1.42945e-16 -5.49808e-16 16 -7.43788e-17 -5.90197e-16 16 6.24144e-17 -5.37211e-16 16
1.05913e-16 -6.2213e-16 16 1.64772e-16 -6.10861e-16 16 2.23632e-16 -5.99592e-16 16 1.56665e-16
-5.84539e-16 16 8.72358e-17 -4.6414e-16 16 8.4669e-17 -4.42071e-16 16 1.26665e-16 -3.76618e-16
16 1.6866e-16 -3.11165e-16 16 9.50005e-17 -2.23016e-16 16 4.62698e-17 -8.59785e-17 16
7.10535e-17 -4.40035e-17 16 1.23592e-16 3.98165e-17 16 1.76131e-16 1.23637e-16 16 1.79156e-16
2.28821e-16 16 1.95002e-16 3.72384e-16 16 3.2823e-16 4.33955e-16 16 4.5409e-16 5.05864e-16
16 5.79949e-16 5.77773e-16 16 6.05236e-16 6.39533e-16 16 6.07507e-16 7.11688e-16 16
7.42394e-16 7.60134e-16 16 8.62624e-16 7.74321e-16 16 9.82853e-16 7.88509e-16 16 9.82474e-16
7.97174e-16 16 9.59857e-16 7.79939e-16 16 9.55154e-16 7.97403e-16 16 9.47367e-16 8.01206e-16
16 9.39581e-16 8.05008e-16 16 8.50221e-16 7.84419e-16 16 7.58925e-16 7.45683e-16 16
6.35197e-16 7.6439e-16 16 5.06426e-16 7.7605e-16 16 3.77654e-16 7.87709e-16 16 2.34936e-16
7.53841e-16 16 8.95774e-17 7.00325e-16 16 -9.17266e-17 6.95599e-16 16 -2.16666e-16 6.53959e-16
16 -3.41605e-16 6.12319e-16 16 -4.35813e-16 5.81984e-16 16 -4.76313e-16 5.20396e-16 16
-5.70417e-16 4.84724e-16 16 -6.51988e-16 3.8948e-16 16 -7.3356e-16 2.94236e-16 16 -7.29189e-16
2.27832e-16 16 -7.10802e-16 1.20633e-16 16 -7.70076e-16 6.01129e-17 16 -8.66466e-16 1.56646e-18
16 -9.62857e-16 -5.698e-17 16 -9.27274e-16 -1.9726e-16 16 -8.91825e-16 -3.46389e-16 16
-8.55891e-16 -4.26022e-16 16 -9.31796e-16 -4.81279e-16 16 -1.0077e-15 -5.36537e-16 16 -9.44929e-16
-6.58851e-16 16 -9.68034e-16 -7.82548e-16 16 -8.82069e-16 -8.73285e-16 16 -8.60514e-16 -9.60898e-16
16 -8.38959e-16 -1.04851e-15 16 -8.18209e-16 -1.1105e-15 16 -8.80951e-16 -1.17376e-15 16
-7.22777e-16 -1.17983e-15 16 -6.67168e-16 -1.19324e-15 16 -6.1156e-16 -1.20665e-15 16 -5.9744e-16
-1.20943e-15 16 -7.01243e-16 -1.2312e-15 16 -5.61796e-16 -1.22281e-15 16 -6.05221e-16 -1.24097e-15
16 -6.48646e-16 -1.25912e-15 16 -6.67864e-16 -1.24897e-15 16 -8.69579e-16 -1.26739e-15 16
-8.14449e-16 -1.31295e-15 16 -8.68826e-16 -1.37464e-15 16 -9.23202e-16 -1.43634e-15 16 -9.5205e-16
-1.4225e-15 16 -1.0865e-15 -1.411e-15 16 -9.75849e-16 -1.41302e-15 16 -9.2475e-16 -1.40155e-15
16 -8.7365e-16 -1.39007e-15 16 -8.4609e-16 -1.31224e-15 16 -8.92466e-16 -1.21518e-15 16
-7.56262e-16 -1.12734e-15 16 -7.28489e-16 -1.07304e-15 16 -7.00717e-16 -1.01874e-15 16 -7.47881e-16
-9.9959e-16 16 -9.13618e-16 -1.01709e-15 16 -8.70017e-16 -9.89672e-16 16 -9.03185e-16 -1.01581e-15
16 -9.36354e-16 -1.04194e-15 16 -9.8171e-16 -1.09697e-15 16 -1.09792e-15 -1.19199e-15 16
-1.0011e-15 -1.23042e-15 16 -9.63201e-16 -1.30501e-15 16 -9.25302e-16 -1.37961e-15 16 -8.8205e-16
-1.40108e-15 16 -8.98306e-16 -1.42805e-15 16 -7.42678e-16 -1.41819e-15 16 -6.55024e-16 -1.41655e-15
16 -5.6737e-16 -1.4149e-15 16 -4.73282e-16 -1.36966e-15 16 -4.49113e-16 -1.32041e-15 16
-2.92503e-16 -1.24791e-15 16 -2.30354e-16 -1.19472e-15 16 -1.68206e-16 -1.14154e-15 16 -7.09746e-17
-1.05704e-15 16 -7.22595e-17 -9.97096e-16 16 4.79439e-17 -8.87837e-16 16 6.09751e-17 -8.82992e-16
16 7.40062e-17 -8.78147e-16 16 1.72784e-16 -8.30044e-16 16 1.60291e-16 -8.91399e-16 16
2.01716e-16 -8.03911e-16 16 1.81544e-16 -7.8906e-16 16 1.61372e-16 -7.74209e-16 16 2.11207e-16
-7.411e-16 16 2.04137e-16 -7.86404e-16 16 2.51552e-16 -6.65228e-16 16 2.41374e-16 -6.30009e-16
16 2.31195e-16 -5.94791e-16 16 2.19038e-16 -5.72769e-16 16 1.54854e-16 -6.41423e-16 16
0 0 16 -2.85719e-16 2.28066e-17 16 -5.45283e-16 4.35255e-17 16 -5.45283e-16
4.35255e-17 16 -3.41295e-16 5.15486e-17 16 -1.16752e-16 6.03803e-17 16 -2.26231e-16 4.7289e-17
16 -3.25689e-16 3.53961e-17 16 -3.25689e-16 3.53961e-17 16 -2.093e-16 -4.95068e-17 16
-8.11832e-17 -1.42965e-16 16 -2.85593e-16 -1.74897e-16 16 -4.71291e-16 -2.03907e-16 16 -4.71291e-16
-2.03907e-16 16 -3.05111e-16 -2.62237e-16 16 -1.22187e-16 -3.26445e-16 16 -3.09629e-17 -2.35064e-16
16 5.19107e-17 -1.52048e-16 16 5.19107e-17 -1.52048e-16 16 -1.49299e-17 -2.83613e-16 16
-8.85057e-17 -4.28434e-16 16 2.13042e-16 -3.77877e-16 16 4.86987e-16 -3.31948e-16 16 4.86987e-16
-3.31948e-16 16 2.69632e-16 -3.96249e-16 16 3.03757e-17 -4.6703e-16 16 1.69736e-16 -3.93722e-16
16 2.96339e-16 -3.27125e-16 16 2.96339e-16 -3.27125e-16 16 2.07592e-16 -3.6143e-16 16
1.09902e-16 -3.99191e-16 16 1.67424e-16 -4.44914e-16 16 2.19681e-16 -4.8645e-16 16 2.19681e-16
-4.8645e-16 16 1.76609e-16 -3.71225e-16 16 1.29196e-16 -2.44389e-16 16 1.26854e-16 -1.61951e-16
16 1.24726e-16 -8.70591e-17 16 1.24726e-16 -8.70591e-17 16 1.65307e-16 -1.75037e-16 16
2.09976e-16 -2.71879e-16 16 5.69431e-16 -3.66692e-16 16 8.95981e-16 -4.52825e-16 16 8.95981e-16
-4.52825e-16 16 5.36264e-16 -4.31518e-16 16 1.40301e-16 -4.08065e-16 16 2.27548e-16 -5.2115e-16
16 3.06808e-16 -6.23883e-16 16 3.06808e-16 -6.23883e-16 16 1.30836e-16 -4.68714e-16 16
-6.28674e-17 -2.9791e-16 16 -1.09963e-16 -2.75245e-16 16 -1.52747e-16 -2.54654e-16 16 -1.52747e-16
-2.54654e-16 16 -9.17804e-17 -1.61185e-16 16 -2.46704e-17 -5.82973e-17 16 2.12206e-16 9.21407e-17
16 4.27398e-16 2.28808e-16 16 4.27398e-16 2.28808e-16 16 2.32864e-16 1.5118e-16 16
1.87276e-17 6.57296e-17 16 4.90862e-17 1.6336e-16 16 7.66658e-17 2.52053e-16 16 7.66658e-17
2.52053e-16 16 -8.23552e-18 1.59571e-16 16 -1.01692e-16 5.77702e-17 16 -2.0039e-16 2.75784e-16
16 -2.90053e-16 4.7384e-16 16 -2.90053e-16 4.7384e-16 16 -2.54954e-16 2.34233e-16 16
-2.16319e-16 -2.95176e-17 16 -1.64508e-16 9.85522e-18 16 -1.12697e-16 4.92281e-17 16 -6.08867e-17
8.86009e-17 16 -2.39281e-17 1.16687e-16 16 -2.39281e-17 1.16687e-16 16 -2.39281e-17 1.16687e-16
16 -8.23094e-17 6.02246e-17 16 -1.45326e-16 -7.20753e-19 16 -2.08342e-16 -6.16661e-17 16
-2.71359e-16 -1.22611e-16 16 -8.22906e-17 -2.36239e-16 16 8.94704e-17 -3.39465e-16 16 8.94704e-17
-3.39465e-16 16 -6.25025e-17 -2.61676e-16 16 -2.29789e-16 -1.76048e-16 16 4.56942e-17 -3.76115e-16
16 2.9596e-16 -5.57869e-16 16 2.9596e-16 -5.57869e-16 16 9.91658e-17 -3.65878e-16 16
-1.17458e-16 -1.54542e-16 16 -1.66563e-16 -3.21809e-16 16 -2.11173e-16 -4.73764e-16 16 -2.11173e-16
-4.73764e-16 16 -1.28412e-16 -2.62347e-16 16 -3.73108e-17 -2.96267e-17 16 2.16947e-17 -1.50814e-16
16 7.52989e-17 -2.60908e-16 16 7.52989e-17 -2.60908e-16 16 6.94243e-17 -7.46671e-17 16
6.29578e-17 1.3034e-16 16 1.81842e-16 1.06586e-16 16 2.89843e-16 8.50069e-17 16 2.89843e-16
8.50069e-17 16 2.9618e-16 1.71913e-16 16 3.03157e-16 2.67575e-16 16 5.00116e-16 2.18955e-16
16 6.79045e-16 1.74785e-16 16 6.79045e-16 1.74785e-16 16 6.09339e-16 2.31844e-16 16
5.3261e-16 2.94652e-16 16 6.41594e-16 1.14532e-16 16 7.40601e-16 -4.90999e-17 16 7.40601e-16
-4.90999e-17 16 6.3452e-16 1.17986e-16 16 5.17749e-16 3.01909e-16 16 2.25143e-16 2.56849e-16
16 -4.06782e-17 2.15914e-16 16 -4.06782e-17 2.15914e-16 16 1.08159e-16 2.67441e-16 16
2.71994e-16 3.24161e-16 16 -4.83546e-16 2.5633e-16 16 -1.16992e-15 1.94709e-16 16 -1.16992e-15
1.94709e-16 16 -5.97048e-16 2.18502e-16 16 3.35516e-17 2.44693e-16 16 -4.22279e-16 1.76273e-16
16 -8.36383e-16 1.14116e-16 16 -8.36383e-16 1.14116e-16 16 -4.96384e-16 8.97471e-17 16
-1.22124e-16 6.29228e-17 16 -4.31278e-16 -2.68233e-16 16 -7.12132e-16 -5.69075e-16 16 -7.12132e-16
-5.69075e-16 16 -5.18845e-16 -3.2142e-16 16 -3.06082e-16 -4.88107e-17 16 -8.71164e-16 -3.87422e-16
16 -1.38452e-15 -6.95036e-16 16 -1.38452e-15 -6.95036e-16 16 -9.4012e-16 -4.37621e-16 16
-4.50943e-16 -1.54267e-16 16 -9.01486e-16 -5.64988e-16 16 -1.31079e-15 -9.38111e-16 16 -1.31079e-15
-9.38111e-16 16 -8.81904e-16 -6.44581e-16 16 -4.09806e-16 -3.21474e-16 16 -7.76841e-16 -6.4044e-16
16 -1.11028e-15 -9.30209e-16 16 -1.11028e-15 -9.30209e-16 16 -7.26322e-16 -6.52624e-16 16
-3.03679e-16 -3.47068e-16 16 -5.92223e-16 -5.76923e-16 16 -8.54355e-16 -7.85737e-16 16 -8.54355e-16
-7.85737e-16 16 -6.31673e-16 -5.93416e-16 16 -3.86554e-16 -3.81716e-16 16 -7.3664e-16 -6.59467e-16
16 -1.05468e-15 -9.11793e-16 16 -1.05468e-15 -9.11793e-16 16 -7.86038e-16 -7.15513e-16 16
-4.90329e-16 -4.99455e-16 16 -4.80529e-16 -7.47489e-16 16 -4.71627e-16 -9.72819e-16 16 -4.71627e-16
-9.72819e-16 16 -4.34107e-16 -7.37061e-16 16 -3.92807e-16 -4.77549e-16 16 -2.65297e-16 -5.78949e-16
16 -1.49459e-16 -6.71067e-16 16 -1.49459e-16 -6.71067e-16 16 -2.40067e-16 -5.29616e-16 16
-3.39805e-16 -3.73912e-16 16 -7.47032e-16 -4.36763e-16 16 -1.11698e-15 -4.93862e-16 16 -1.11698e-15
-4.93862e-16 16 -7.77164e-16 -4.60506e-16 16 -4.03106e-16 -4.23788e-16 16 -5.58989e-16 -6.49822e-16
16 -7.00602e-16 -8.55164e-16 16 -7.00602e-16 -8.55164e-16 16 -5.24559e-16 -7.17584e-16 16
-3.30777e-16 -5.66141e-16 16 -1.03729e-16 -9.3415e-16 16 1.02535e-16 -1.26847e-15 16 1.02535e-16
-1.26847e-15 16 -2.40987e-17 -9.32656e-16 16 -1.63492e-16 -5.63003e-16 16 3.50058e-16 -9.20171e-16
16 8.16597e-16 -1.24464e-15 16 8.16597e-16 -1.24464e-15 16 4.06517e-16 -8.71855e-16 16
-4.48839e-17 -4.61502e-16 16 6.34892e-16 -7.53304e-16 16 1.25244e-15 -1.01839e-15 16 1.25244e-15
-1.01839e-15 16 6.4673e-16 -7.48902e-16 16 -2.00145e-17 -4.52256e-16 16 8.58583e-16 -6.57121e-16
16 1.65675e-15 -8.43233e-16 16 1.65675e-15 -8.43233e-16 16 8.40258e-16 -6.43629e-16 16
-5.85115e-17 -4.23913e-16 16 7.90582e-16 -4.87443e-16 16 1.56587e-15 -5.58124e-16 16 1.68867e-15
-6.4256e-16 16 1.05645e-15 -6.18971e-16 16 3.45566e-16 -5.86343e-16 16 0 0
16 -4.47569e-17 6.73413e-17 16 -9.06961e-17 8.63758e-17 16 -1.36442e-16 9.64397e-17 16
-1.82189e-16 1.06504e-16 16 -2.31738e-16 1.14281e-16 16 -2.72825e-16 4.17736e-17 16 -2.4288e-16
-1.80019e-17 16 -2.05198e-16 -7.52725e-17 16 -1.67516e-16 -1.32543e-16 16 -9.94303e-17 -1.97082e-16
16 -1.10359e-16 -4.05485e-16 16 -1.2687e-17 -4.81348e-16 16 8.87325e-17 -5.44238e-16 16
1.90152e-16 -6.07128e-16 16 3.52736e-16 -6.08712e-16 16 3.29838e-16 -6.90602e-16 16 4.03842e-16
-7.01273e-16 16 4.85293e-16 -7.04855e-16 16 5.66744e-16 -7.08438e-16 16 6.95171e-16 -6.95396e-16
16 6.44783e-16 -7.67885e-16 16 6.20037e-16 -7.74175e-16 16 5.96269e-16 -7.81513e-16 16
5.725e-16 -7.88851e-16 16 5.89916e-16 -7.34304e-16 16 5.13747e-16 -7.15232e-16 16 4.56981e-16
-7.00284e-16 16 3.91073e-16 -6.96114e-16 16 3.25164e-16 -6.91943e-16 16 3.45483e-16 -6.29043e-16
16 3.07477e-16 -5.6278e-16 16 2.96142e-16 -5.13205e-16 16 2.77687e-16 -4.73282e-16 16
2.59232e-16 -4.33359e-16 16 3.0254e-16 -3.5264e-16 16 3.39585e-16 -3.32972e-16 16 3.78655e-16
-3.21455e-16 16 4.19103e-16 -3.14686e-16 16 4.5955e-16 -3.07916e-16 16 4.84645e-16 -2.88661e-16
16 4.88538e-16 -3.46021e-16 16 4.69012e-16 -3.84392e-16 16 4.54829e-16 -4.26893e-16 16
4.40646e-16 -4.69394e-16 16 3.72167e-16 -4.72799e-16 16 3.24669e-16 -5.38291e-16 16 2.46447e-16
-5.41761e-16 16 1.62786e-16 -5.41687e-16 16 7.91249e-17 -5.41612e-16 16 -3.79369e-18 -4.7877e-16
16 2.8384e-17 -4.79276e-16 16 4.46151e-17 -3.90448e-16 16 5.92268e-17 -2.91332e-16 16
7.38385e-17 -1.92216e-16 16 9.24461e-17 -4.64011e-17 16 2.04008e-16 -5.85388e-17 16 2.4999e-16
-2.01097e-17 16 2.93148e-16 2.4089e-17 16 3.36306e-16 6.82877e-17 16 3.3044e-16 1.41429e-16
16 3.71431e-16 6.56374e-17 16 3.50942e-16 1.72123e-17 16 3.20271e-16 -2.99834e-17 16
2.896e-16 -7.71791e-17 16 2.35644e-16 -8.75916e-17 16 2.08916e-16 -1.94678e-16 16 2.17556e-16
-2.2826e-16 16 2.27622e-16 -2.55755e-16 16 2.37689e-16 -2.8325e-16 16 2.61698e-16 -2.67074e-16
16 2.56507e-16 -3.04337e-16 16 2.51316e-16 -3.416e-16 16 2.53461e-16 -3.57646e-16 16
2.57631e-16 -3.67833e-16 16 2.61801e-16 -3.7802e-16 16 3.09231e-16 -4.38003e-16 16 3.8593e-16
-4.75127e-16 16 4.62628e-16 -5.12252e-16 16 5.39327e-16 -5.49377e-16 16 6.24631e-16 -5.23409e-16
16 5.96499e-16 -6.42569e-16 16 6.63053e-16 -6.81519e-16 16 7.34667e-16 -7.22715e-16 16
8.06281e-16 -7.6391e-16 16 9.39638e-16 -7.1589e-16 16 8.93338e-16 -7.50599e-16 16 8.19767e-16
-7.26048e-16 16 7.44603e-16 -7.10748e-16 16 6.6944e-16 -6.95448e-16 16 5.99708e-16 -5.80589e-16
16 5.03633e-16 -5.29805e-16 16 4.21145e-16 -4.38253e-16 16 3.39951e-16 -3.48626e-16 16
2.58757e-16 -2.58998e-16 16 2.08315e-16 -1.24461e-16 16 1.82022e-16 -6.54298e-17 16 1.78746e-16
4.07589e-17 16 1.78545e-16 1.47335e-16 16 1.78344e-16 2.53912e-16 16 1.93344e-16 3.95525e-16
16 2.61619e-16 4.70573e-16 16 2.8335e-16 5.36238e-16 16 3.02084e-16 5.97337e-16 16
3.20818e-16 6.58435e-16 16 3.23957e-16 7.30008e-16 16 3.77057e-16 8.03015e-16 16 3.71627e-16
8.18043e-16 16 3.63391e-16 8.26348e-16 16 3.55154e-16 8.34653e-16 16 3.33296e-16 8.18766e-16
16 2.84614e-16 8.24166e-16 16 1.94245e-16 8.03661e-16 16 9.9571e-17 7.81482e-16 16
4.897e-18 7.59304e-16 16 -8.65769e-17 7.21441e-16 16 -1.85692e-16 6.83973e-16 16 -3.21485e-16
6.42668e-16 16 -4.65112e-16 6.05833e-16 16 -6.08738e-16 5.68998e-16 16 -7.54005e-16 5.16363e-16
16 -8.90946e-16 5.04436e-16 16 -9.79317e-16 4.71758e-16 16 -1.07152e-15 4.42159e-16 16
-1.16373e-15 4.1256e-16 16 -1.20695e-15 3.52659e-16 16 -1.22907e-15 3.5708e-16 16 -1.21812e-15
2.97115e-16 16 -1.20815e-15 2.3259e-16 16 -1.19819e-15 1.68065e-16 16 -1.18024e-15 6.3116e-17
16 -1.09246e-15 -3.34633e-17 16 -1.03811e-15 -1.73058e-16 16 -9.93934e-16 -3.18662e-16 16
-9.49753e-16 -4.64266e-16 16 -9.13843e-16 -6.1321e-16 16 -7.57788e-16 -7.44775e-16 16 -6.82003e-16
-8.7169e-16 16 -6.10198e-16 -9.98373e-16 16 -5.38393e-16 -1.12506e-15 16 -5.56493e-16 -1.24891e-15
16 -5.04247e-16 -1.33172e-15 16 -4.9006e-16 -1.3947e-15 16 -4.69363e-16 -1.45502e-15 16
-4.48666e-16 -1.51534e-15 16 -5.07008e-16 -1.57845e-15 16 -4.15135e-16 -1.57633e-15 16 -4.09994e-16
-1.57835e-15 16 -3.98577e-16 -1.58044e-15 16 -3.87161e-16 -1.58253e-15 16 -4.84889e-16 -1.60326e-15
16 -3.66596e-16 -1.58212e-15 16 -3.9089e-16 -1.57185e-15 16 -4.08531e-16 -1.55986e-15 16
-4.26173e-16 -1.54786e-15 16 -6.18183e-16 -1.56467e-15 16 -5.736e-16 -1.58921e-15 16 -6.06186e-16
-1.57853e-15 16 -6.33371e-16 -1.55978e-15 16 -6.60556e-16 -1.54102e-15 16 -7.89348e-16 -1.52914e-15
16 -7.07815e-16 -1.49497e-15 16 -6.83468e-16 -1.41635e-15 16 -6.57442e-16 -1.3342e-15 16
-6.31415e-16 -1.25205e-15 16 -6.73973e-16 -1.15578e-15 16 -5.54831e-16 -1.08409e-15 16 -5.96585e-16
-1.06439e-15 16 -6.48631e-16 -1.04753e-15 16 -7.00678e-16 -1.03067e-15 16 -8.60421e-16 -1.04636e-15
16 -8.13027e-16 -1.02745e-15 16 -8.55381e-16 -1.08067e-15 16 -9.01531e-16 -1.13758e-15 16
-9.47682e-16 -1.19449e-15 16 -1.0602e-15 -1.2875e-15 16 -1.01435e-15 -1.24283e-15 16 -9.82155e-16
-1.25127e-15 16 -9.38554e-16 -1.26927e-15 16 -8.94953e-16 -1.28728e-15 16 -9.08054e-16 -1.31379e-15
16 -7.95292e-16 -1.23577e-15 16 -7.10495e-16 -1.18008e-15 16 -6.15988e-16 -1.13199e-15 16
-5.21481e-16 -1.0839e-15 16 -4.93604e-16 -1.03471e-15 16 -3.32868e-16 -9.63787e-16 16 -2.37337e-16
-8.8271e-16 16 -1.37821e-16 -7.96171e-16 16 -3.83044e-17 -7.09633e-16 16 -3.42749e-17 -6.48288e-16
16 1.11507e-16 -5.65095e-16 16 2.08094e-16 -5.26059e-16 16 3.12458e-16 -4.75138e-16 16
4.16821e-16 -4.24216e-16 16 4.1049e-16 -4.79652e-16 16 4.78543e-16 -4.16164e-16 16 5.27549e-16
-3.89402e-16 16 5.81944e-16 -3.55104e-16 16 6.36339e-16 -3.20806e-16 16 6.3251e-16 -3.61913e-16
16 6.85483e-16 -2.61169e-16 16 6.75419e-16 -2.41243e-16 16 6.63134e-16 -2.20081e-16 16
6.50849e-16 -1.98918e-16 16 5.894e-16 -2.62838e-16 16 0 0 16 -2.85719e-16
2.28066e-17 16 -4.04294e-16 3.67377e-17 16 -4.09195e-16 3.78159e-17 16 -3.41049e-16 4.04962e-17
16 -1.16506e-16 4.93278e-17 16 -2.25985e-16 3.62366e-17 16 -2.32965e-16 -7.62618e-18 16
-2.28928e-16 -1.37618e-17 16 -1.90046e-16 -4.21251e-17 16 -6.19291e-17 -1.35583e-16 16 -2.66339e-16
-1.67516e-16 16 -2.57735e-16 -2.2101e-16 16 -2.46869e-16 -2.27748e-16 16 -1.91354e-16 -2.47234e-16
16 -8.42962e-18 -3.11442e-16 16 8.27945e-17 -2.20061e-16 16 1.67211e-16 -1.94824e-16 16
1.75938e-16 -1.95207e-16 16 1.53608e-16 -2.39159e-16 16 8.00325e-17 -3.8398e-16 16 3.81581e-16
-3.33423e-16 16 4.56542e-16 -3.2319e-16 16 4.53995e-16 -3.23977e-16 16 3.81384e-16 -3.45458e-16
16 1.42128e-16 -4.16238e-16 16 2.81487e-16 -3.4293e-16 16 2.77875e-16 -3.17778e-16 16
2.70814e-16 -3.17331e-16 16 2.41167e-16 -3.28791e-16 16 1.43478e-16 -3.66553e-16 16 2.00999e-16
-4.12275e-16 16 2.05602e-16 -3.98344e-16 16 2.03625e-16 -3.94067e-16 16 1.89236e-16 -3.55574e-16
16 1.41824e-16 -2.28738e-16 16 1.39481e-16 -1.463e-16 16 1.66943e-16 -1.16566e-16 16
1.71276e-16 -1.1584e-16 16 1.84833e-16 -1.45231e-16 16 2.29503e-16 -2.42074e-16 16 5.88957e-16
-3.36886e-16 16 6.88169e-16 -3.95263e-16 16 6.86649e-16 -3.99816e-16 16 5.66479e-16 -3.92698e-16
16 1.70516e-16 -3.69245e-16 16 2.57763e-16 -4.8233e-16 16 2.2597e-16 -5.16598e-16 16
2.17008e-16 -5.1659e-16 16 1.58221e-16 -4.64753e-16 16 -3.54827e-17 -2.93949e-16 16 -8.25782e-17
-2.71283e-16 16 -8.66939e-17 -1.95369e-16 16 -8.51285e-17 -1.8475e-16 16 -6.47614e-17 -1.53525e-16
16 2.34868e-18 -5.06374e-17 16 2.39225e-16 9.98005e-17 16 3.41174e-16 1.76242e-16 16
3.45797e-16 1.80977e-16 16 2.8081e-16 1.55044e-16 16 6.66734e-17 6.95936e-17 16 9.7032e-17
1.67224e-16 16 8.48826e-17 1.63981e-16 16 8.15967e-17 1.58925e-16 16 5.32339e-17 1.2803e-16
16 -4.02224e-17 2.62287e-17 16 -1.3892e-16 2.44242e-16 16 -1.61863e-16 2.91256e-16 16
-1.60784e-16 2.8831e-16 16 -1.49059e-16 2.08265e-16 16 -1.10423e-16 -5.54858e-17 16 -5.79017e-17
-1.55727e-17 16 -5.38011e-18 2.43404e-17 16 4.36425e-17 3.34037e-17 16 8.91394e-17 1.13816e-17
16 9.11599e-17 1.04036e-17 16 9.11599e-17 1.04036e-17 16 9.11599e-17 1.04036e-17 16
4.63679e-17 -3.29162e-17 16 -1.57343e-17 -9.29774e-17 16 -7.78365e-17 -1.53039e-16 16 1.11232e-16
-2.66666e-16 16 2.18492e-16 -3.29844e-16 16 2.26164e-16 -3.34258e-16 16 1.75395e-16 -3.08271e-16
16 8.10832e-18 -2.22643e-16 16 2.83591e-16 -4.2271e-16 16 3.14845e-16 -4.72771e-16 16
3.06792e-16 -4.71132e-16 16 2.4105e-16 -4.06994e-16 16 2.44262e-17 -1.95658e-16 16 -2.46791e-17
-3.62925e-16 16 -9.61347e-17 -3.51261e-16 16 -1.04833e-16 -3.41659e-16 16 -7.71853e-17 -2.71032e-16
16 1.39156e-17 -3.83116e-17 16 7.29211e-17 -1.59499e-16 16 9.06884e-17 -1.22046e-16 16
9.06668e-17 -1.10628e-16 16 8.87043e-17 -4.84111e-17 16 8.22378e-17 1.56596e-16 16 2.01122e-16
1.32842e-16 16 2.5025e-16 1.68189e-16 16 2.52257e-16 1.74735e-16 16 2.54374e-16 2.03768e-16
16 2.6135e-16 2.9943e-16 16 4.5831e-16 2.5081e-16 16 5.12347e-16 2.41838e-16 16
5.11465e-16 2.42728e-16 16 4.88178e-16 2.6179e-16 16 4.11449e-16 3.24598e-16 16 5.20433e-16
1.44478e-16 16 4.87567e-16 7.43665e-17 16 4.77424e-16 7.19904e-17 16 4.41985e-16 1.27809e-16
16 3.25215e-16 3.11731e-16 16 3.26085e-17 2.66671e-16 16 -1.56232e-16 2.2734e-16 16
-1.71619e-16 2.23394e-16 16 -1.21897e-16 2.40608e-16 16 4.19377e-17 2.97327e-16 16 -7.13602e-16
2.29497e-16 16 -1.00712e-15 1.88295e-16 16 -1.017e-15 1.85124e-16 16 -8.2562e-16 1.93073e-16
16 -1.9502e-16 2.19263e-16 16 -6.50851e-16 1.50843e-16 16 -7.82246e-16 8.51361e-17 16
-7.81178e-16 7.82234e-17 16 -6.67595e-16 7.00825e-17 16 -2.93336e-16 4.32582e-17 16 -6.0249e-16
-2.87897e-16 16 -6.65542e-16 -4.89814e-16 16 -6.60809e-16 -5.05413e-16 16 -5.96238e-16 -4.2268e-16
16 -3.83475e-16 -1.50071e-16 16 -9.48557e-16 -4.88682e-16 16 -1.07004e-15 -6.79682e-16 16
-1.06235e-15 -6.93254e-16 16 -9.13887e-16 -6.0726e-16 16 -4.24709e-16 -3.23906e-16 16 -8.75253e-16
-7.34627e-16 16 -9.97571e-16 -9.01288e-16 16 -9.95354e-16 -9.0775e-16 16 -8.52078e-16 -8.09691e-16
16 -3.79979e-16 -4.86584e-16 16 -7.47014e-16 -8.05551e-16 16 -8.50453e-16 -9.03809e-16 16
-8.4923e-16 -9.04034e-16 16 -7.20963e-16 -8.11301e-16 16 -2.98319e-16 -5.05746e-16 16 -5.86864e-16
-7.356e-16 16 -6.86721e-16 -7.97004e-16 16 -6.88611e-16 -7.95719e-16 16 -6.1422e-16 -7.3147e-16
16 -3.691e-16 -5.1977e-16 16 -7.19187e-16 -7.97521e-16 16 -8.44368e-16 -8.68749e-16 16
-8.47281e-16 -8.66739e-16 16 -7.57536e-16 -8.01168e-16 16 -4.61827e-16 -5.85111e-16 16 -4.52027e-16
-8.33145e-16 16 -4.30925e-16 -8.51202e-16 16 -4.28137e-16 -8.42401e-16 16 -4.15603e-16 -7.63642e-16
16 -3.74303e-16 -5.04129e-16 16 -2.46792e-16 -6.05529e-16 16 -2.44345e-16 -6.24562e-16 16
-2.49921e-16 -6.22756e-16 16 -2.80191e-16 -5.75502e-16 16 -3.79928e-16 -4.19798e-16 16 -7.87155e-16
-4.82649e-16 16 -9.42888e-16 -5.41361e-16 16 -9.47832e-16 -5.47458e-16 16 -8.3431e-16 -5.36314e-16
16 -4.60252e-16 -4.99597e-16 16 -6.16135e-16 -7.25631e-16 16 -6.33075e-16 -8.06773e-16 16
-6.28404e-16 -8.08702e-16 16 -5.69593e-16 -7.62741e-16 16 -3.75811e-16 -6.11298e-16 16 -1.48763e-16
-9.79307e-16 16 -1.40317e-17 -1.0575e-15 16 -3.90683e-18 -1.05235e-15 16 -4.62111e-17 -9.40162e-16
16 -1.85605e-16 -5.70508e-16 16 3.27945e-16 -9.27677e-16 16 5.53116e-16 -9.75798e-16 16
5.63777e-16 -9.66527e-16 16 4.26783e-16 -8.41989e-16 16 -2.46187e-17 -4.31637e-16 16 6.55157e-16
-7.23438e-16 16 9.34151e-16 -7.76529e-16 16 9.45332e-16 -7.71073e-16 16 7.42983e-16 -6.81045e-16
16 7.62386e-17 -3.84398e-16 16 9.54836e-16 -5.89263e-16 16 1.25937e-15 -6.27548e-16 16
1.26519e-15 -6.23874e-16 16 9.92428e-16 -5.57193e-16 16 9.3659e-17 -3.37476e-16 16 9.42753e-16
-4.01006e-16 16 1.19189e-15 -4.05547e-16 16 1.32306e-15 -4.62317e-16 16 1.21068e-15 -4.98468e-16
16 4.99795e-16 -4.6584e-16 16 0 0 16 -2.33248e-17 -3.99481e-17 16
-4.46352e-17 -7.6446e-17 16 -4.46352e-17 -7.6446e-17 16 -6.51204e-17 -3.07533e-17 16 -8.75419e-17
1.92586e-17 16 4.66426e-17 1.97296e-17 16 1.69238e-16 2.016e-17 16 1.69238e-16 2.016e-17
16 8.10705e-17 -3.25948e-17 16 -1.54315e-17 -9.03365e-17 16 5.88301e-16 -9.04537e-17 16
1.13989e-15 -9.05607e-17 16 1.13989e-15 -9.05607e-17 16 6.80962e-16 -1.47912e-16 16 1.78648e-16
-2.10685e-16 16 7.85857e-16 -1.46442e-16 16 1.34062e-15 -8.77473e-17 16 1.34062e-15 -8.77473e-17
16 8.60273e-16 -1.49715e-16 16 3.34516e-16 -2.1754e-16 16 9.09905e-16 -4.60682e-17 16
1.4356e-15 1.10595e-16 16 1.4356e-15 1.10595e-16 16 8.88189e-16 -5.27722e-17 16 2.89031e-16
-2.31582e-16 16 6.60769e-16 -1.28687e-16 16 1.0004e-15 -3.4679e-17 16 1.0004e-15 -3.4679e-17
16 6.00552e-16 -1.24877e-16 16 1.62906e-16 -2.23601e-16 16 4.42849e-16 -2.25922e-16 16
6.98614e-16 -2.28042e-16 16 6.98614e-16 -2.28042e-16 16 4.25988e-16 -1.89447e-16 16 1.2759e-16
-1.47203e-16 16 2.15651e-16 -2.31951e-16 16 2.96106e-16 -3.09381e-16 16 2.96106e-16 -3.09381e-16
16 2.52605e-16 -2.25767e-16 16 2.04992e-16 -1.34249e-16 16 2.69161e-16 -2.98736e-16 16
3.27789e-16 -4.49017e-16 16 3.27789e-16 -4.49017e-16 16 2.56203e-16 -3.37566e-16 16 1.77851e-16
-2.1558e-16 16 9.69116e-17 -3.82733e-16 16 2.29625e-17 -5.35449e-16 16 2.29625e-17 -5.35449e-16
16 2.04759e-17 -3.82664e-16 16 1.77543e-17 -2.15437e-16 16 -2.4705e-16 -3.90472e-16 16
-4.88984e-16 -5.5039e-16 16 -4.88984e-16 -5.5039e-16 16 -2.337e-16 -2.99916e-16 16 4.57157e-17
-2.57648e-17 16 -1.21531e-16 -4.12169e-18 16 -2.74333e-16 1.56522e-17 16 -2.74333e-16 1.56522e-17
16 -8.21001e-17 3.62598e-17 16 1.28304e-16 5.88155e-17 16 -1.06177e-16 -5.87326e-17 16
-3.20408e-16 -1.66129e-16 16 -3.20408e-16 -1.66129e-16 16 -1.342e-16 -1.01852e-16 16 6.96109e-17
-3.15e-17 16 -1.94731e-16 -1.12811e-16 16 -4.59073e-16 -1.94121e-16 16 -4.92671e-16 -2.04456e-16
16 -3.3701e-16 -1.72245e-16 16 -6.36118e-17 -1.1567e-16 16 -3.31145e-17 -1.09359e-16 16
-2.61726e-18 -1.03048e-16 16 2.788e-17 -9.67375e-17 16 5.83773e-17 -9.04267e-17 16 8.88745e-17
-8.41158e-17 16 2.22444e-16 -3.37892e-17 16 3.44478e-16 1.2191e-17 16 3.44478e-16 1.2191e-17
16 3.02229e-16 -7.24076e-17 16 2.55985e-16 -1.65003e-16 16 8.69963e-16 -8.25062e-17 16
1.43091e-15 -7.13417e-18 16 1.43091e-15 -7.13417e-18 16 9.35392e-16 -1.20144e-16 16 3.93028e-16
-2.43837e-16 16 9.6937e-16 -2.85257e-16 16 1.49594e-15 -3.231e-16 16 1.49594e-15 -3.231e-16
16 9.00698e-16 -2.71278e-16 16 2.49193e-16 -2.14558e-16 16 2.50244e-16 -3.21883e-16 16
2.51204e-16 -4.1994e-16 16 2.51204e-16 -4.1994e-16 16 1.76062e-16 -2.39997e-16 16 9.38167e-17
-4.30435e-17 16 2.46069e-16 1.23258e-17 16 3.85172e-16 6.29131e-17 16 3.85172e-16 6.29131e-17
16 2.45885e-16 1.09698e-16 16 9.34317e-17 1.60905e-16 16 -5.66752e-17 1.25207e-16 16
-1.93818e-16 9.25929e-17 16 -1.93818e-16 9.25929e-17 16 -3.9559e-17 1.8103e-16 16 1.29282e-16
2.77826e-16 16 1.34608e-16 2.42872e-16 16 1.39473e-16 2.10938e-16 16 1.39473e-16 2.10938e-16
16 1.27083e-16 2.5046e-16 16 1.13521e-16 2.93719e-16 16 -2.20792e-18 3.27445e-16 16
-1.07942e-16 3.58259e-16 16 -1.07942e-16 3.58259e-16 16 -8.87054e-17 3.07182e-16 16 -6.76509e-17
2.51278e-16 16 -2.81579e-16 1.83686e-16 16 -4.77031e-16 1.21931e-16 16 -4.77031e-16 1.21931e-16
16 -4.12801e-16 1.50032e-16 16 -3.425e-16 1.80789e-16 16 -6.0824e-16 6.76131e-17 16
-8.5103e-16 -3.57885e-17 16 -8.5103e-16 -3.57885e-17 16 -6.92482e-16 4.05706e-17 16 -5.18948e-16
1.24148e-16 16 -7.44024e-16 -1.143e-17 16 -9.49662e-16 -1.35299e-16 16 -9.49662e-16 -1.35299e-16
16 -7.34916e-16 -7.03823e-17 16 -4.9987e-16 6.70519e-19 16 -5.87326e-16 -2.40242e-16 16
-6.67229e-16 -4.60348e-16 16 -6.67229e-16 -4.60348e-16 16 -5.46961e-16 -3.73271e-16 16 -4.15325e-16
-2.77963e-16 16 -5.41306e-16 -8.28187e-16 16 -6.56406e-16 -1.33089e-15 16 -6.56406e-16 -1.33089e-15
16 -4.75702e-16 -9.43929e-16 16 -2.77916e-16 -5.20388e-16 16 -1.9472e-16 -1.05526e-15 16
-1.18709e-16 -1.54394e-15 16 -1.18709e-16 -1.54394e-15 16 -1.7581e-16 -1.11037e-15 16 -2.38309e-16
-6.35816e-16 16 -4.60414e-16 -1.12375e-15 16 -6.63337e-16 -1.56955e-15 16 -6.63337e-16 -1.56955e-15
16 -4.49984e-16 -1.12566e-15 16 -2.16462e-16 -6.39818e-16 16 -4.20182e-16 -1.16731e-15 16
-6.06307e-16 -1.64925e-15 16 -6.06307e-16 -1.64925e-15 16 -4.363e-16 -1.15635e-15 16 -2.50222e-16
-6.16863e-16 16 -5.87262e-16 -1.08772e-15 16 -8.95194e-16 -1.5179e-15 16 -8.95194e-16 -1.5179e-15
16 -6.121e-16 -1.07058e-15 16 -3.02244e-16 -5.80964e-16 16 -5.47081e-16 -8.55683e-16 16
-7.70772e-16 -1.10667e-15 16 -7.70772e-16 -1.10667e-15 16 -5.23302e-16 -7.80628e-16 16 -2.52438e-16
-4.23759e-16 16 -7.98597e-16 -6.417e-16 16 -1.29759e-15 -8.40818e-16 16 -1.29759e-15 -8.40818e-16
16 -8.46148e-16 -6.26299e-16 16 -3.52036e-16 -3.91502e-16 16 -1.0931e-15 -1.02595e-15 16
-1.77017e-15 -1.60561e-15 16 -1.77017e-15 -1.60561e-15 16 -1.13527e-15 -1.07795e-15 16 -4.40351e-16
-5.00402e-16 16 -8.94285e-16 -1.02431e-15 16 -1.30901e-15 -1.50297e-15 16 -1.30901e-15 -1.50297e-15
16 -8.54449e-16 -1.04076e-15 16 -3.56915e-16 -5.34866e-16 16 -7.61443e-16 -9.87063e-16 16
-1.13103e-15 -1.40021e-15 16 -1.13103e-15 -1.40021e-15 16 -6.75098e-16 -9.43127e-16 16 -1.76062e-16
-4.42842e-16 16 -3.58499e-16 -7.39e-16 16 -5.25179e-16 -1.00958e-15 16 -5.25179e-16 -1.00958e-15
16 -2.67577e-16 -6.59935e-16 16 1.43758e-17 -2.77238e-16 16 -1.05596e-16 -5.94944e-16 16
-2.15206e-16 -8.85211e-16 16 -2.15206e-16 -8.85211e-16 16 -1.02455e-17 -5.4842e-16 16 2.1409e-16
-1.79793e-16 16 5.56222e-16 -4.62686e-16 16 8.68807e-16 -7.21147e-16 16 8.68807e-16 -7.21147e-16
16 6.05919e-16 -4.3135e-16 16 3.18181e-16 -1.14158e-16 16 5.20609e-16 -2.97815e-16 16
7.1837e-16 -4.7132e-16 16 7.19452e-16 -4.69351e-16 16 5.12686e-16 -2.74854e-16 16 2.87376e-16
-6.26678e-17 16 0 0 16 -3.88188e-17 7.07256e-17 16 -8.45256e-17 1.37526e-16
16 -1.31458e-16 2.02801e-16 16 -1.7936e-16 2.11568e-16 16 -2.39203e-16 2.13157e-16 16
-3.62703e-16 1.41752e-16 16 -3.90607e-16 6.90684e-17 16 -4.0055e-16 -3.61894e-18 16 -3.45631e-16
-6.50103e-17 16 -1.95236e-16 -1.49228e-16 16 -4.46959e-16 -5.32223e-16 16 -4.19369e-16 -7.12697e-16
16 -3.41014e-16 -8.5543e-16 16 -2.04919e-16 -8.83564e-16 16 1.23256e-16 -7.19175e-16 16
-5.62265e-17 -8.93221e-16 16 -5.40767e-17 -9.6037e-16 16 -1.84594e-17 -1.00758e-15 16 8.96236e-17
-1.00173e-15 16 3.45228e-16 -9.43688e-16 16 2.39292e-16 -1.21027e-15 16 1.9779e-16 -1.25171e-15
16 1.68009e-16 -1.2526e-15 16 1.67589e-16 -1.22485e-15 16 2.96503e-16 -1.00277e-15 16
3.79676e-17 -1.12558e-15 16 -9.02855e-18 -1.08381e-15 16 -1.86672e-17 -1.01331e-15 16 -3.56909e-17
-9.75848e-16 16 2.1807e-16 -7.53951e-16 16 6.73868e-18 -7.79577e-16 16 -3.54132e-18 -6.98614e-16
16 2.18268e-17 -5.99287e-16 16 3.83867e-17 -5.36236e-16 16 2.48903e-16 -3.45072e-16 16
3.00028e-16 -3.70763e-16 16 3.34821e-16 -3.43839e-16 16 3.66791e-16 -3.07849e-16 16 3.98534e-16
-2.94001e-16 16 3.82066e-16 -2.40944e-16 16 5.25243e-16 -4.08374e-16 16 5.06855e-16 -4.48127e-16
16 4.59786e-16 -4.65205e-16 16 4.14821e-16 -4.85542e-16 16 1.99349e-16 -3.83101e-16 16
1.57791e-16 -5.66156e-16 16 1.09343e-16 -6.12842e-16 16 5.9156e-17 -6.34587e-16 16 -2.40841e-17
-5.98928e-16 16 -1.04993e-16 -3.66156e-16 16 -5.26406e-17 -4.62406e-16 16 -2.36901e-17 -4.47596e-16
16 8.88397e-19 -4.11802e-16 16 1.77655e-17 -2.86211e-16 16 4.71912e-17 -1.39711e-17 16
2.96178e-16 -8.10703e-17 16 3.85756e-16 -8.44162e-17 16 4.46299e-16 -7.57277e-17 16 4.61665e-16
-1.51204e-17 16 3.23078e-16 1.36378e-16 16 3.85912e-16 3.95524e-18 16 4.23408e-16 -6.27777e-17
16 4.55405e-16 -1.1754e-16 16 4.11533e-16 -1.43882e-16 16 2.94539e-16 -5.47115e-17 16
2.11695e-16 -2.32741e-16 16 1.77236e-16 -3.38617e-16 16 1.78171e-16 -3.91711e-16 16 1.81393e-16
-4.35052e-16 16 2.00172e-16 -4.24074e-16 16 2.11875e-16 -3.98604e-16 16 2.23578e-16 -3.73135e-16
16 2.35281e-16 -3.47665e-16 16 2.46983e-16 -3.22195e-16 16 2.58686e-16 -2.96726e-16 16
2.16031e-16 -6.02906e-16 16 2.38534e-16 -7.20635e-16 16 2.73573e-16 -8.03739e-16 16 3.65778e-16
-8.10239e-16 16 4.85009e-16 -6.18605e-16 16 2.72398e-16 -9.86811e-16 16 2.73776e-16 -1.06613e-15
16 3.14246e-16 -1.09351e-15 16 4.20864e-16 -1.08412e-15 16 7.21376e-16 -7.94569e-16 16
7.26289e-16 -1.1211e-15 16 6.71797e-16 -1.10912e-15 16 6.06435e-16 -1.03689e-15 16 5.34351e-16
-9.65144e-16 16 4.79324e-16 -5.80753e-16 16 3.64824e-16 -6.67661e-16 16 2.71696e-16 -5.9485e-16
16 1.82544e-16 -4.93381e-16 16 1.18784e-16 -3.78292e-16 16 1.51596e-16 -1.2217e-16 16
1.06663e-16 -1.85303e-16 16 8.33527e-17 -1.0673e-16 16 6.42258e-17 -2.54024e-18 16 7.26425e-17
1.23899e-16 16 1.28795e-16 3.60366e-16 16 2.8053e-16 3.95971e-16 16 3.35455e-16 4.77329e-16
16 3.7263e-16 5.6653e-16 16 3.82523e-16 6.33567e-16 16 3.43444e-16 7.33495e-16 16
5.15148e-16 8.67989e-16 16 5.49275e-16 9.3116e-16 16 5.5831e-16 9.80844e-16 16 5.42351e-16
9.75433e-16 16 4.83613e-16 8.94048e-16 16 4.86653e-16 9.45827e-16 16 4.29698e-16 9.43808e-16
16 3.6152e-16 9.31926e-16 16 2.6866e-16 9.00856e-16 16 1.8585e-16 8.20532e-16 16
7.47931e-17 8.56942e-16 16 -2.24115e-17 8.07656e-16 16 -1.17828e-16 7.43306e-16 16 -2.62385e-16
6.97513e-16 16 -4.12094e-16 6.02099e-16 16 -7.34976e-16 6.90092e-16 16 -8.42173e-16 6.62182e-16
16 -9.1078e-16 6.13629e-16 16 -9.75217e-16 5.6685e-16 16 -8.85839e-16 4.24911e-16 16
-1.01142e-15 5.38876e-16 16 -1.01699e-15 5.25774e-16 16 -1.00098e-15 4.89318e-16 16 -9.86495e-16
4.01875e-16 16 -9.46964e-16 1.87486e-16 16 -9.13005e-16 1.22009e-16 16 -8.16611e-16 2.04545e-17
16 -7.09871e-16 -8.81602e-17 16 -6.7038e-16 -2.35657e-16 16 -6.5686e-16 -3.93641e-16 16
-3.40009e-16 -5.34501e-16 16 -2.09676e-16 -6.6458e-16 16 -1.13376e-16 -7.9269e-16 16 -9.25414e-17
-9.17769e-16 16 -3.54043e-16 -1.03396e-15 16 -1.06292e-16 -1.13255e-15 16 -8.53196e-17 -1.21283e-15
16 -1.04695e-16 -1.28956e-15 16 -1.28807e-16 -1.35146e-15 16 -4.01133e-16 -1.42212e-15 16
1.46665e-17 -1.40973e-15 16 5.4723e-17 -1.40926e-15 16 2.75174e-17 -1.41094e-15 16 -2.29434e-17
-1.42359e-15 16 -4.16157e-16 -1.49477e-15 16 1.82633e-16 -1.41973e-15 16 2.24064e-16 -1.40722e-15
16 1.65479e-16 -1.40583e-15 16 4.89825e-17 -1.41017e-15 16 -6.15095e-16 -1.50496e-15 16
-2.84903e-16 -1.51001e-15 16 -2.86007e-16 -1.53767e-15 16 -3.46429e-16 -1.56867e-15 16 -4.31218e-16
-1.55381e-15 16 -8.35087e-16 -1.56057e-15 16 -5.74864e-16 -1.59649e-15 16 -5.21915e-16 -1.55111e-15
16 -5.06233e-16 -1.49072e-15 16 -5.19089e-16 -1.40057e-15 16 -7.47329e-16 -1.26606e-15 16
-3.38761e-16 -1.094e-15 16 -2.65916e-16 -1.03836e-15 16 -2.54617e-16 -1.004e-15 16 -3.67719e-16
-1.00559e-15 16 -8.19028e-16 -1.10938e-15 16 -5.82593e-16 -9.4746e-16 16 -5.6544e-16 -9.51421e-16
16 -5.8822e-16 -9.85665e-16 16 -6.71997e-16 -1.06304e-15 16 -9.64197e-16 -1.25379e-15 16
-7.19365e-16 -1.20142e-15 16 -7.05342e-16 -1.15799e-15 16 -7.3195e-16 -1.11705e-15 16 -7.20495e-16
-1.13987e-15 16 -8.87102e-16 -1.18936e-15 16 -5.60735e-16 -1.15888e-15 16 -4.82143e-16 -1.07326e-15
16 -4.47398e-16 -9.78381e-16 16 -3.90666e-16 -9.2967e-16 16 -5.43177e-16 -8.7751e-16 16
-1.49296e-16 -7.56484e-16 16 -2.58538e-17 -6.93571e-16 16 4.91281e-17 -6.40652e-16 16 9.45102e-17
-5.68396e-16 16 -1.59971e-16 -5.7526e-16 16 2.29431e-16 -2.0373e-16 16 3.36243e-16 -1.66661e-16
16 3.92745e-16 -1.88891e-16 16 4.34353e-16 -1.98266e-16 16 1.28338e-16 -5.41642e-16 16
3.24482e-16 -2.71703e-16 16 3.72046e-16 -2.41241e-16 16 3.93276e-16 -2.53325e-16 16 4.14661e-16
-2.61776e-16 16 2.53202e-16 -5.07027e-16 16 4.45285e-16 -1.69939e-16 16 4.76006e-16 -1.07003e-16
16 4.77394e-16 -9.3446e-17 16 4.37236e-16 -1.20519e-16 16 2.4269e-16 -4.14778e-16 16
0 0 16 -4.21818e-17 6.88089e-17 16 -8.91321e-17 1.349e-16 16 -1.35368e-16
1.67726e-16 16 -1.81114e-16 1.7779e-16 16 -2.35127e-16 1.82884e-16 16 -3.11953e-16 1.10855e-16
16 -3.22599e-16 3.79395e-17 16 -3.04551e-16 -2.56871e-17 16 -2.66868e-16 -8.29577e-17 16
-1.63089e-16 -1.5603e-16 16 -2.78439e-16 -4.40146e-16 16 -2.00425e-16 -5.84059e-16 16 -1.08514e-16
-6.79866e-16 16 -7.09468e-18 -7.42756e-16 16 2.27298e-16 -6.72366e-16 16 1.36497e-16 -7.9422e-16
16 1.71437e-16 -8.42071e-16 16 2.33991e-16 -8.63639e-16 16 3.15442e-16 -8.67221e-16 16
4.9902e-16 -8.34663e-16 16 4.24544e-16 -9.9132e-16 16 3.94674e-16 -9.92116e-16 16 3.68427e-16
-9.96796e-16 16 3.44658e-16 -1.00413e-15 16 4.10425e-16 -8.76934e-16 16 2.55173e-16 -9.19391e-16
16 2.46366e-16 -8.4791e-16 16 2.03656e-16 -8.16394e-16 16 1.37748e-16 -8.12223e-16 16
2.59299e-16 -6.80374e-16 16 1.4613e-16 -6.53958e-16 16 1.72146e-16 -5.53753e-16 16 1.71758e-16
-4.89339e-16 16 1.53303e-16 -4.49416e-16 16 2.69121e-16 -3.20802e-16 16 3.12272e-16 -3.20805e-16
16 3.44116e-16 -2.84382e-16 16 3.81069e-16 -2.65566e-16 16 4.21517e-16 -2.58796e-16 16
4.28587e-16 -2.24883e-16 16 4.92881e-16 -3.29975e-16 16 4.45326e-16 -3.46678e-16 16 4.17584e-16
-3.78698e-16 16 4.03401e-16 -4.21199e-16 16 2.71179e-16 -3.78704e-16 16 2.26257e-16 -4.95177e-16
16 1.76564e-16 -5.17245e-16 16 1.06704e-16 -5.26166e-16 16 2.30429e-17 -5.26091e-16 16
-5.90041e-17 -3.89559e-16 16 -1.80777e-17 -4.31585e-16 16 6.64815e-18 -3.96726e-16 16 2.53689e-17
-3.23715e-16 16 3.99806e-17 -2.24599e-16 16 6.32795e-17 -2.39601e-17 16 2.34436e-16 -5.9932e-17
16 2.95236e-16 -5.17684e-17 16 3.45561e-16 -2.22097e-17 16 3.88719e-16 2.19891e-17 16
3.25299e-16 1.2911e-16 16 3.75762e-16 2.87603e-17 16 4.08685e-16 -2.61137e-17 16 4.0385e-16
-7.64288e-17 16 3.73179e-16 -1.23625e-16 16 2.91886e-16 -9.08526e-17 16 2.32424e-16 -2.46753e-16
16 2.33578e-16 -3.12262e-16 16 2.40024e-16 -3.552e-16 16 2.5009e-16 -3.82695e-16 16
2.90469e-16 -3.15247e-16 16 2.87527e-16 -3.36369e-16 16 2.84584e-16 -3.57491e-16 16 2.81642e-16
-3.78613e-16 16 2.78699e-16 -3.99735e-16 16 2.75757e-16 -4.20857e-16 16 2.89083e-16 -5.52515e-16
16 3.20985e-16 -6.30448e-16 16 3.91711e-16 -6.78061e-16 16 4.73013e-16 -7.17414e-16 16
5.73025e-16 -6.19602e-16 16 4.64893e-16 -8.46761e-16 16 5.04903e-16 -8.73931e-16 16 5.63677e-16
-9.09428e-16 16 6.35291e-16 -9.50624e-16 16 8.41135e-16 -7.97862e-16 16 8.17044e-16 -9.59119e-16
16 7.51827e-16 -8.86038e-16 16 6.80704e-16 -8.47264e-16 16 6.05541e-16 -8.31964e-16 16
5.42186e-16 -6.00222e-16 16 4.38121e-16 -6.09148e-16 16 3.48851e-16 -5.07503e-16 16 2.64375e-16
-4.12994e-16 16 1.83181e-16 -3.23366e-16 16 1.68842e-16 -1.36103e-16 16 1.34467e-16 -1.30049e-16
16 1.1506e-16 -2.58941e-17 16 1.07056e-16 7.96984e-17 16 1.06855e-16 1.86275e-16 16
1.39701e-16 3.69021e-16 16 2.44169e-16 4.26965e-16 16 2.81617e-16 5.16582e-16 16 3.07953e-16
5.89267e-16 16 3.26688e-16 6.50366e-16 16 3.11519e-16 7.34235e-16 16 4.16051e-16 8.33906e-16
16 4.25342e-16 8.84201e-16 16 4.24226e-16 9.09565e-16 16 4.1599e-16 9.1787e-16 16
3.78138e-16 8.73579e-16 16 3.51886e-16 8.99092e-16 16 2.841e-16 8.87362e-16 16 2.0035e-16
8.69428e-16 16 1.05676e-16 8.4725e-16 16 1.79587e-17 7.90974e-16 16 -8.6335e-17 7.85543e-16
16 -1.81039e-16 7.20787e-16 16 -3.04789e-16 6.72608e-16 16 -4.48416e-16 6.35773e-16 16
-5.95609e-16 5.64587e-16 16 -8.13184e-16 5.9599e-16 16 -8.81443e-16 5.47157e-16 16 -9.63919e-16
5.09743e-16 16 -1.05612e-15 4.80145e-16 16 -1.04185e-15 3.84667e-16 16 -1.10883e-15 4.36593e-16
16 -1.09274e-15 4.00551e-16 16 -1.08028e-15 3.47598e-16 16 -1.07031e-15 2.83073e-16 16
-1.043e-15 1.30665e-16 16 -9.78562e-16 4.75732e-17 16 -8.70897e-16 -6.04947e-17 16 -8.00925e-16
-1.90849e-16 16 -7.56745e-16 -3.36453e-16 16 -7.30545e-16 -4.89317e-16 16 -5.0476e-16 -6.24913e-16
16 -4.08099e-16 -7.53045e-16 16 -3.26195e-16 -8.80316e-16 16 -2.5439e-16 -1.007e-15 16
-3.78042e-16 -1.12753e-15 16 -2.41014e-16 -1.21718e-15 16 -2.60982e-16 -1.29416e-15 16 -2.56806e-16
-1.36124e-15 16 -2.36108e-16 -1.42156e-15 16 -3.87245e-16 -1.48794e-15 16 -1.549e-16 -1.48137e-15
16 -1.82677e-16 -1.48305e-15 16 -1.87183e-16 -1.48497e-15 16 -1.75767e-16 -1.48706e-15 16
-4.01633e-16 -1.52966e-15 16 -7.49711e-17 -1.48515e-15 16 -1.34161e-16 -1.48392e-15 16 -1.68683e-16
-1.4763e-15 16 -1.86324e-16 -1.46431e-15 16 -5.83047e-16 -1.51493e-15 16 -4.1461e-16 -1.53102e-15
16 -4.75522e-16 -1.56276e-15 16 -5.1641e-16 -1.56452e-15 16 -5.43595e-16 -1.54576e-15 16
-7.91675e-16 -1.54196e-15 16 -6.32653e-16 -1.53818e-15 16 -6.17123e-16 -1.47812e-15 16 -5.95361e-16
-1.40495e-15 16 -5.69334e-16 -1.3228e-15 16 -6.92414e-16 -1.20994e-15 16 -4.47761e-16 -1.09472e-15
16 -4.35525e-16 -1.0601e-15 16 -4.61455e-16 -1.03603e-15 16 -5.13502e-16 -1.01917e-15 16
-7.99683e-16 -1.07307e-15 16 -6.70311e-16 -9.92136e-16 16 -6.92745e-16 -1.02604e-15 16 -7.29261e-16
-1.07361e-15 16 -7.75411e-16 -1.13052e-15 16 -9.6585e-16 -1.26591e-15 16 -8.33709e-16 -1.21791e-15
16 -8.61355e-16 -1.17609e-15 16 -8.46699e-16 -1.1698e-15 16 -8.03098e-16 -1.18781e-15 16
-8.82767e-16 -1.22428e-15 16 -6.77375e-16 -1.16688e-15 16 -6.43514e-16 -1.0713e-15 16 -5.73645e-16
-1.00392e-15 16 -4.79138e-16 -9.55832e-16 16 -5.29487e-16 -9.05356e-16 16 -2.67646e-16 -8.12703e-16
16 -1.93027e-16 -7.60281e-16 16 -1.03626e-16 -6.87603e-16 16 -4.10917e-18 -6.01064e-16 16
-1.12183e-16 -5.69298e-16 16 1.39245e-16 -3.61067e-16 16 1.9504e-16 -3.84379e-16 16 2.79672e-16
-3.63616e-16 16 3.84035e-16 -3.12694e-16 16 2.47746e-16 -4.92996e-16 16 3.71346e-16 -3.3998e-16
16 3.92086e-16 -3.5275e-16 16 4.32808e-16 -3.37574e-16 16 4.87202e-16 -3.03276e-16 16
4.15016e-16 -4.3291e-16 16 5.28315e-16 -2.29676e-16 16 5.29905e-16 -2.16232e-16 16 5.23257e-16
-1.98205e-16 16 5.10971e-16 -1.77043e-16 16 3.91805e-16 -3.40849e-16 16 0 0
16 -1.68974e-16 1.66074e-17 16 -2.14721e-16 2.66712e-17 16 -2.60467e-16 3.67351e-17 16
-2.69888e-16 3.88077e-17 16 -1.54584e-16 4.33428e-17 16 -1.9247e-16 8.75865e-18 16 -1.54788e-16
-4.8512e-17 16 -1.17105e-16 -1.05783e-16 16 -1.09345e-16 -1.17577e-16 16 -4.35557e-17 -1.65569e-16
16 -9.9182e-17 -2.12562e-16 16 2.23746e-18 -2.75451e-16 16 1.03657e-16 -3.38341e-16 16
1.24543e-16 -3.51293e-16 16 2.18477e-16 -3.84264e-16 16 3.04946e-16 -3.39082e-16 16 3.86397e-16
-3.42664e-16 16 4.67848e-16 -3.46247e-16 16 4.84622e-16 -3.46985e-16 16 4.4684e-16 -4.21352e-16
16 5.90125e-16 -3.9896e-16 16 5.66356e-16 -4.06298e-16 16 5.42587e-16 -4.13635e-16 16
5.37692e-16 -4.15146e-16 16 4.14832e-16 -4.51493e-16 16 4.54331e-16 -4.1182e-16 16 3.88422e-16
-4.07649e-16 16 3.22513e-16 -4.03479e-16 16 3.0894e-16 -4.0262e-16 16 2.58776e-16 -4.22011e-16
16 2.79336e-16 -4.26067e-16 16 2.6088e-16 -3.86144e-16 16 2.42425e-16 -3.46221e-16 16
2.38625e-16 -3.37999e-16 16 2.14278e-16 -2.72868e-16 16 2.32753e-16 -2.27242e-16 16 2.732e-16
-2.20473e-16 16 3.13648e-16 -2.13703e-16 16 3.21978e-16 -2.12309e-16 16 3.44916e-16 -2.62039e-16
16 5.22599e-16 -3.31402e-16 16 5.08416e-16 -3.73903e-16 16 4.94234e-16 -4.16404e-16 16
4.91313e-16 -4.25157e-16 16 2.87982e-16 -4.13113e-16 16 2.92084e-16 -4.71147e-16 16 2.08423e-16
-4.71073e-16 16 1.24762e-16 -4.70998e-16 16 1.07533e-16 -4.70983e-16 16 8.06408e-18 -3.83273e-16
16 -9.01138e-18 -3.23415e-16 16 5.60032e-18 -2.24299e-16 16 2.0212e-17 -1.25182e-16 16
2.32212e-17 -1.0477e-16 16 5.76828e-17 -5.19364e-17 16 2.00317e-16 4.68171e-17 16 2.43474e-16
9.10158e-17 16 2.86632e-16 1.35215e-16 16 2.9552e-16 1.44317e-16 16 1.8556e-16 1.00438e-16
16 1.86228e-16 1.27611e-16 16 1.55557e-16 8.04156e-17 16 1.24886e-16 3.32199e-17 16
1.18569e-16 2.35003e-17 16 7.05785e-17 -2.87754e-17 16 2.27739e-17 7.53163e-17 16 3.08209e-17
5.33372e-17 16 3.88679e-17 3.13581e-17 16 4.69148e-17 9.37896e-18 16 4.69996e-17 9.14728e-18
16 4.69996e-17 9.14728e-18 16 4.69996e-17 9.14728e-18 16 5.13371e-17 -2.04631e-17 16
5.90882e-17 -7.33771e-17 16 6.68393e-17 -1.26291e-16 16 1.61089e-16 -1.07515e-16 16 2.48416e-16
-1.49784e-16 16 3.35742e-16 -1.92053e-16 16 3.53726e-16 -2.00758e-16 16 2.8715e-16 -2.65146e-16
16 4.19078e-16 -3.43536e-16 16 4.90692e-16 -3.84732e-16 16 5.62306e-16 -4.25928e-16 16
5.77054e-16 -4.34411e-16 16 4.91151e-16 -3.90441e-16 16 5.96048e-16 -4.85734e-16 16 5.20884e-16
-4.70434e-16 16 4.45721e-16 -4.55133e-16 16 4.30241e-16 -4.51982e-16 16 3.19003e-16 -3.43459e-16
16 2.54287e-16 -3.85749e-16 16 1.73093e-16 -2.96122e-16 16 9.18986e-17 -2.06494e-16 16
7.51773e-17 -1.88036e-16 16 1.21958e-16 -6.85327e-17 16 1.5216e-16 -7.8915e-17 16 1.51959e-16
2.76615e-17 16 1.51758e-16 1.34238e-16 16 1.51717e-16 1.56187e-16 16 1.48396e-16 2.6146e-16
16 2.18558e-16 2.78986e-16 16 2.37292e-16 3.40085e-16 16 2.56026e-16 4.01184e-16 16
2.59884e-16 4.13766e-16 16 2.63467e-16 4.6289e-16 16 3.606e-16 4.41963e-16 16 3.52363e-16
4.50268e-16 16 3.44127e-16 4.58574e-16 16 3.42431e-16 4.60284e-16 16 3.03029e-16 4.92537e-16
16 3.12936e-16 3.89254e-16 16 2.18262e-16 3.67075e-16 16 1.23588e-16 3.44897e-16 16
1.0409e-16 3.4033e-16 16 4.41275e-17 4.34775e-16 16 -1.76001e-16 3.93717e-16 16 -3.19628e-16
3.56882e-16 16 -4.63254e-16 3.20047e-16 16 -4.92833e-16 3.12461e-16 16 -4.08703e-16 3.41587e-16
16 -8.41536e-16 2.92356e-16 16 -9.33741e-16 2.62758e-16 16 -1.02595e-15 2.33159e-16 16
-1.04494e-15 2.27063e-16 16 -7.21118e-16 2.40512e-16 16 -9.50341e-16 1.73987e-16 16 -9.40372e-16
1.09462e-16 16 -9.30402e-16 4.4937e-17 16 -9.28349e-16 3.16485e-17 16 -7.36164e-16 1.7874e-17
16 -8.73424e-16 -2.23012e-16 16 -8.29243e-16 -3.68617e-16 16 -7.85063e-16 -5.14221e-16 16
-7.75964e-16 -5.44207e-16 16 -6.66709e-16 -4.0422e-16 16 -9.21951e-16 -6.3973e-16 16 -8.50145e-16
-7.66413e-16 16 -7.7834e-16 -8.93096e-16 16 -7.63552e-16 -9.19185e-16 16 -5.12355e-16 -7.73681e-16
16 -7.33644e-16 -1.01393e-15 16 -7.12947e-16 -1.07425e-15 16 -6.9225e-16 -1.13457e-15 16
-6.87987e-16 -1.14699e-15 16 -4.45561e-16 -9.81075e-16 16 -6.28482e-16 -1.14588e-15 16 -6.17066e-16
-1.14798e-15 16 -6.05649e-16 -1.15007e-15 16 -6.03298e-16 -1.1505e-15 16 -3.86267e-16 -9.93592e-16
16 -5.4302e-16 -1.10579e-15 16 -5.60661e-16 -1.09379e-15 16 -5.78303e-16 -1.0818e-15 16
-5.81936e-16 -1.07933e-15 16 -4.56065e-16 -9.70618e-16 16 -6.49062e-16 -1.10412e-15 16 -6.76248e-16
-1.08536e-15 16 -7.03433e-16 -1.0666e-15 16 -7.09031e-16 -1.06274e-15 16 -5.57182e-16 -9.51789e-16
16 -5.39488e-16 -1.03919e-15 16 -5.13461e-16 -9.57042e-16 16 -4.87434e-16 -8.74892e-16 16
-4.82074e-16 -8.57974e-16 16 -4.60866e-16 -7.24712e-16 16 -4.20709e-16 -7.68581e-16 16 -4.72755e-16
-7.51724e-16 16 -5.24801e-16 -7.34868e-16 16 -5.3552e-16 -7.31396e-16 16 -5.86736e-16 -6.51441e-16
16 -8.18302e-16 -7.11401e-16 16 -8.64453e-16 -7.68308e-16 16 -9.10603e-16 -8.25216e-16 16
-9.20108e-16 -8.36936e-16 16 -7.28025e-16 -8.18081e-16 16 -7.86861e-16 -9.42913e-16 16 -7.4326e-16
-9.60922e-16 16 -6.99659e-16 -9.78931e-16 16 -6.9068e-16 -9.8264e-16 16 -5.91171e-16 -9.04873e-16
16 -4.28603e-16 -1.07045e-15 16 -3.34096e-16 -1.02237e-15 16 -2.39589e-16 -9.74277e-16 16
-2.20126e-16 -9.64374e-16 16 -2.91706e-16 -7.74553e-16 16 2.04203e-17 -9.15862e-16 16 1.19937e-16
-8.29323e-16 16 2.19453e-16 -7.42784e-16 16 2.39948e-16 -7.24962e-16 16 8.14953e-18 -5.14243e-16
16 4.07992e-16 -6.39312e-16 16 5.12356e-16 -5.88391e-16 16 6.16719e-16 -5.37469e-16 16
6.38212e-16 -5.26982e-16 16 2.95833e-16 -3.74652e-16 16 7.73463e-16 -4.63166e-16 16 8.27858e-16
-4.28868e-16 16 8.82253e-16 -3.9457e-16 16 8.93455e-16 -3.87506e-16 16 4.31929e-16 -2.7468e-16
16 8.61969e-16 -2.97008e-16 16 8.49684e-16 -2.75846e-16 16 8.37398e-16 -2.54683e-16 16
9.527e-16 -3.02829e-16 16 6.59848e-16 -3.18241e-16 16 0 0 16 -9.25669e-17
3.04036e-17 16 -1.53743e-16 6.20418e-17 16 -2.00639e-16 7.37125e-17 16 -2.46385e-16 8.37764e-17
16 -2.54345e-16 9.3668e-17 16 -2.53618e-16 1.83942e-19 16 -2.34981e-16 -1.06365e-16 16
-1.98717e-16 -1.67306e-16 16 -1.61035e-16 -2.24577e-16 16 -1.10709e-16 -2.86907e-16 16 -1.57767e-16
-3.74071e-16 16 -1.79253e-16 -4.70211e-16 16 -8.6987e-17 -5.35578e-16 16 1.44324e-17 -5.98467e-16
16 1.27246e-16 -6.61542e-16 16 1.5518e-16 -6.94736e-16 16 1.72829e-16 -7.48176e-16 16
2.49528e-16 -7.55472e-16 16 3.30979e-16 -7.59054e-16 16 3.90757e-16 -7.82382e-16 16 4.86497e-16
-7.9271e-16 16 5.48788e-16 -8.12934e-16 16 5.31429e-16 -8.21232e-16 16 5.07661e-16 -8.28569e-16
16 4.53767e-16 -8.44776e-16 16 5.09095e-16 -8.03951e-16 16 5.50765e-16 -7.68405e-16 16
4.92869e-16 -7.61897e-16 16 4.26961e-16 -7.57727e-16 16 3.56609e-16 -7.59418e-16 16 3.73347e-16
-6.96036e-16 16 3.83457e-16 -6.14922e-16 16 3.67129e-16 -5.71932e-16 16 3.48674e-16 -5.32009e-16
16 3.26171e-16 -4.79935e-16 16 3.62253e-16 -4.80801e-16 16 4.0458e-16 -4.95206e-16 16
4.45168e-16 -4.90013e-16 16 4.85616e-16 -4.83244e-16 16 5.26654e-16 -4.90959e-16 16 5.455e-16
-5.65597e-16 16 5.08992e-16 -6.36956e-16 16 4.93146e-16 -6.81606e-16 16 4.78963e-16 -7.24107e-16
16 4.11408e-16 -7.57388e-16 16 3.32031e-16 -7.23547e-16 16 2.25574e-16 -6.65828e-16 16
1.40215e-16 -6.6146e-16 16 5.65538e-17 -6.61385e-16 16 -4.24911e-17 -6.37443e-16 16 -3.18584e-17
-5.26273e-16 16 -1.18438e-17 -4.0072e-16 16 3.17033e-18 -2.99635e-16 16 1.7782e-17 -2.00519e-16
16 3.97329e-17 -1.00875e-16 16 9.24087e-17 -2.39412e-17 16 1.15148e-16 4.10467e-17 16
1.56786e-16 8.67938e-17 16 1.99944e-16 1.30992e-16 16 2.07132e-16 1.57066e-16 16 1.57099e-16
1.67128e-16 16 9.40018e-17 1.62957e-16 16 6.09156e-17 1.18966e-16 16 3.02445e-17 7.177e-17
16 -9.20393e-18 1.69405e-17 16 -5.44249e-17 2.34901e-17 16 -9.42447e-17 -6.83242e-18 16
-1.34064e-16 -3.71549e-17 16 -1.33391e-16 -5.69444e-17 16 -1.26718e-16 -7.51729e-17 16 -1.23325e-16
-8.44396e-17 16 -1.19932e-16 -9.37063e-17 16 -1.16539e-16 -1.02973e-16 16 -1.13147e-16 -1.1224e-16
16 -1.0576e-16 -1.54535e-16 16 -1.16475e-16 -1.85785e-16 16 -1.45315e-16 -2.34565e-16 16
-6.66408e-17 -2.77319e-16 16 2.06855e-17 -3.19587e-16 16 7.76789e-17 -3.73476e-16 16 1.22847e-16
-4.13447e-16 16 1.44629e-16 -4.41447e-16 16 2.12532e-16 -4.8166e-16 16 2.84146e-16 -5.22855e-16
16 3.22362e-16 -5.46321e-16 16 4.11505e-16 -5.64597e-16 16 4.70365e-16 -5.53328e-16 16
4.05183e-16 -5.38328e-16 16 3.3002e-16 -5.23028e-16 16 2.3508e-16 -4.80322e-16 16 2.6434e-16
-4.47403e-16 16 3.06335e-16 -3.81949e-16 16 2.34316e-16 -2.94122e-16 16 1.53122e-16 -2.04495e-16
16 9.60145e-17 -9.48633e-17 16 1.49458e-16 -3.97032e-17 16 2.01997e-16 4.41169e-17 16
2.05723e-16 1.48998e-16 16 2.05522e-16 2.55575e-16 16 2.04445e-16 3.75912e-16 16 3.2933e-16
4.34447e-16 16 4.5519e-16 5.06356e-16 16 4.81903e-16 5.6826e-16 16 5.00637e-16 6.29359e-16
16 5.17727e-16 6.9529e-16 16 6.48683e-16 7.00697e-16 16 7.68913e-16 7.14884e-16 16
7.70244e-16 7.23628e-16 16 7.62008e-16 7.31933e-16 16 7.44196e-16 7.47857e-16 16 7.52734e-16
7.25948e-16 16 7.44948e-16 7.2975e-16 16 6.56745e-16 7.09507e-16 16 5.62071e-16 6.87329e-16
16 4.64308e-16 6.93963e-16 16 3.12632e-16 6.97693e-16 16 1.83861e-16 7.09352e-16 16
4.13404e-17 6.76129e-16 16 -1.02286e-16 6.39295e-16 16 -2.0293e-16 6.15539e-16 16 -4.16026e-16
5.70238e-16 16 -5.40966e-16 5.28598e-16 16 -6.35609e-16 4.98102e-16 16 -7.27815e-16 4.68503e-16
16 -7.18973e-16 4.46704e-16 16 -8.52866e-16 3.5521e-16 16 -9.34437e-16 2.59965e-16 16
-9.31286e-16 1.93152e-16 16 -9.21317e-16 1.28627e-16 16 -8.6042e-16 6.93726e-17 16 -9.86555e-16
-2.72843e-17 16 -1.08295e-15 -8.58307e-17 16 -1.04924e-15 -2.24951e-16 16 -1.00505e-15 -3.70555e-16
16 -9.37307e-16 -4.57694e-16 16 -1.0816e-15 -5.52564e-16 16 -1.1575e-15 -6.07821e-16 16
-1.0967e-15 -7.29185e-16 16 -1.02489e-15 -8.55868e-16 16 -8.9474e-16 -9.25228e-16 16 -9.39183e-16
-1.05801e-15 16 -9.17628e-16 -1.14562e-15 16 -8.96867e-16 -1.20798e-15 16 -8.7617e-16 -1.26829e-15
16 -7.92367e-16 -1.27501e-15 16 -7.95844e-16 -1.33114e-15 16 -7.40235e-16 -1.34455e-15 16
-7.25527e-16 -1.34748e-15 16 -7.14111e-16 -1.34957e-15 16 -6.45205e-16 -1.30866e-15 16 -7.22897e-16
-1.35641e-15 16 -7.66322e-16 -1.37456e-15 16 -7.85884e-16 -1.36481e-15 16 -8.03526e-16 -1.35282e-15
16 -7.84434e-16 -1.3129e-15 16 -8.8015e-16 -1.4048e-15 16 -9.34526e-16 -1.46649e-15 16
-9.63736e-16 -1.45373e-15 16 -9.90922e-16 -1.43497e-15 16 -9.72966e-16 -1.38863e-15 16 -9.27641e-16
-1.41343e-15 16 -8.76541e-16 -1.40195e-15 16 -8.48647e-16 -1.32506e-15 16 -8.2262e-16 -1.24291e-15
16 -7.94458e-16 -1.13597e-15 16 -7.52743e-16 -1.10343e-15 16 -7.2497e-16 -1.04913e-15 16
-7.71072e-16 -1.02948e-15 16 -8.23118e-16 -1.01262e-15 16 -8.81831e-16 -9.76357e-16 16 -9.67293e-16
-1.00762e-15 16 -1.00046e-15 -1.03376e-15 16 -1.04564e-15 -1.08837e-15 16 -1.0918e-15 -1.14528e-15
16 -1.0792e-15 -1.1891e-15 16 -1.06839e-15 -1.28486e-15 16 -1.03049e-15 -1.35945e-15 16
-9.87317e-16 -1.38168e-15 16 -9.43716e-16 -1.39969e-15 16 -8.7912e-16 -1.39401e-15 16 -7.71979e-16
-1.44404e-15 16 -6.84325e-16 -1.44239e-15 16 -5.90328e-16 -1.39777e-15 16 -4.95821e-16 -1.34968e-15
16 -4.34013e-16 -1.25663e-15 16 -3.08759e-16 -1.26082e-15 16 -2.4661e-16 -1.20763e-15 16
-1.49876e-16 -1.12358e-15 16 -5.036e-17 -1.03704e-15 16 -2.78612e-17 -9.0523e-16 16 7.83802e-17
-9.41856e-16 16 9.14113e-17 -9.37011e-16 16 1.88973e-16 -8.89521e-16 16 2.93336e-16 -8.386e-16
16 2.89899e-16 -7.53326e-16 16 3.95375e-16 -7.69191e-16 16 3.75203e-16 -7.5434e-16 16
4.24044e-16 -7.2149e-16 16 4.78439e-16 -6.87192e-16 16 3.99582e-16 -6.26972e-16 16 5.09529e-16
-6.05559e-16 16 4.9935e-16 -5.7034e-16 16 4.87222e-16 -5.48131e-16 16 4.74937e-16 -5.26969e-16
16 3.64988e-16 -5.04204e-16 16 0 0 16 -4.35362e-17 1.06849e-17 16
-8.92826e-17 2.07487e-17 16 -1.05342e-16 3.49803e-17 16 -6.63877e-17 5.69355e-17 16 -2.97129e-17
8.15145e-17 16 2.07357e-18 2.57429e-17 16 3.9756e-17 -3.15277e-17 16 1.105e-16 -7.09687e-17
16 2.42515e-16 -7.73683e-17 16 3.77627e-16 -8.6173e-17 16 4.79478e-16 -1.58754e-16 16
5.80897e-16 -2.21644e-16 16 6.71988e-16 -2.84475e-16 16 7.43939e-16 -3.47198e-16 16 8.14103e-16
-4.04923e-16 16 9.15735e-16 -4.15259e-16 16 9.97186e-16 -4.18842e-16 16 1.04477e-15 -4.24728e-16
16 1.02959e-15 -4.34885e-16 16 9.91531e-16 -4.40852e-16 16 9.85781e-16 -4.38656e-16 16
9.62013e-16 -4.45994e-16 16 9.45268e-16 -4.49836e-16 16 9.4154e-16 -4.47199e-16 16 9.19441e-16
-4.53717e-16 16 8.62742e-16 -4.5026e-16 16 7.96834e-16 -4.4609e-16 16 7.29677e-16 -4.50427e-16
16 6.60208e-16 -4.70532e-16 16 5.84835e-16 -4.86024e-16 16 5.64962e-16 -4.40701e-16 16
5.46507e-16 -4.00778e-16 16 5.00988e-16 -3.75606e-16 16 4.05313e-16 -3.77769e-16 16 3.13631e-16
-3.8184e-16 16 3.57508e-16 -3.67517e-16 16 3.97956e-16 -3.60748e-16 16 4.13615e-16 -3.64349e-16
16 3.83334e-16 -3.87169e-16 16 3.49126e-16 -4.15826e-16 16 3.42911e-16 -4.45639e-16 16
3.28728e-16 -4.8814e-16 16 3.2519e-16 -5.27772e-16 16 3.4138e-16 -5.62089e-16 16 3.47669e-16
-6.07599e-16 16 2.73497e-16 -6.02374e-16 16 1.89836e-16 -6.023e-16 16 1.26756e-16 -6.10086e-16
16 1.01815e-16 -6.32442e-16 16 6.93521e-17 -6.61231e-16 16 9.19628e-17 -5.58216e-16 16
1.06575e-16 -4.59099e-16 16 8.39552e-17 -3.65043e-16 16 -7.66027e-18 -2.80366e-16 16 -1.06689e-16
-2.03309e-16 16 -4.8783e-17 -1.31363e-16 16 -5.62506e-18 -8.71639e-17 16 1.60342e-17 -4.79072e-17
16 -2.14752e-18 -1.78091e-17 16 -3.40556e-17 -1.75459e-17 16 -3.65084e-17 -6.05429e-17 16
-6.71795e-17 -1.07739e-16 16 -5.2789e-17 -1.74261e-16 16 4.51091e-17 -2.76598e-16 16 1.18472e-16
-3.83579e-16 16 1.49235e-16 -4.02244e-16 16 1.56337e-16 -4.21642e-16 16 1.63439e-16 -4.4104e-16
16 1.92755e-16 -4.56114e-16 16 2.90708e-16 -4.57825e-16 16 3.31596e-16 -4.5854e-16 16
3.72485e-16 -4.59254e-16 16 4.13373e-16 -4.59969e-16 16 4.54262e-16 -4.60683e-16 16 4.70973e-16
-4.64332e-16 16 5.67846e-16 -4.98911e-16 16 6.55173e-16 -5.4118e-16 16 7.71278e-16 -5.45225e-16
16 9.40715e-16 -4.78437e-16 16 1.09753e-15 -4.21739e-16 16 1.18483e-15 -4.56778e-16 16
1.25644e-15 -4.97974e-16 16 1.33008e-15 -5.17224e-16 16 1.40746e-15 -4.95805e-16 16 1.46734e-15
-4.7973e-16 16 1.40206e-15 -4.53948e-16 16 1.3269e-15 -4.38648e-16 16 1.2568e-15 -4.28795e-16
16 1.19608e-15 -4.29035e-16 16 1.12605e-15 -4.3641e-16 16 1.03718e-15 -3.36429e-16 16
9.55988e-16 -2.46801e-16 16 8.79625e-16 -1.63866e-16 16 8.12216e-16 -9.33336e-17 16 7.52007e-16
-3.24582e-17 16 7.49313e-16 9.90753e-17 16 7.49112e-16 2.05652e-16 16 7.05235e-16 3.09511e-16
16 5.80417e-16 4.08335e-16 16 4.56979e-16 4.82062e-16 16 4.66424e-16 5.72795e-16 16
4.85158e-16 6.33894e-16 16 4.64048e-16 6.93577e-16 16 3.69098e-16 7.50637e-16 16 2.84521e-16
7.79714e-16 16 2.72694e-16 8.07998e-16 16 2.64458e-16 8.16304e-16 16 2.44928e-16 8.31039e-16
16 2.04471e-16 8.57689e-16 16 1.6862e-16 8.66792e-16 16 4.79947e-17 8.57983e-16 16
-4.66794e-17 8.35805e-16 16 -1.22948e-16 8.12855e-16 16 -1.65108e-16 7.88476e-16 16 -1.79759e-16
7.51332e-16 16 -3.43739e-16 7.19878e-16 16 -4.87365e-16 6.83043e-16 16 -5.76306e-16 6.40686e-16
16 -5.63904e-16 5.88096e-16 16 -5.28315e-16 5.28508e-16 16 -6.49507e-16 4.94963e-16 16
-7.41712e-16 4.65365e-16 16 -8.10833e-16 4.29309e-16 16 -8.37172e-16 3.81288e-16 16 -8.33139e-16
3.36099e-16 16 -8.59697e-16 2.76461e-16 16 -8.49728e-16 2.11936e-16 16 -8.64511e-16 1.42644e-16
16 -9.25164e-16 6.45175e-17 16 -9.48935e-16 -1.68459e-17 16 -9.45957e-16 -1.53392e-16 16
-9.01776e-16 -2.98996e-16 16 -8.61862e-16 -4.54431e-16 16 -8.29855e-16 -6.28085e-16 16 -7.52969e-16
-8.08622e-16 16 -7.01473e-16 -9.44559e-16 16 -6.29668e-16 -1.07124e-15 16 -5.37358e-16 -1.21038e-15
16 -4.07049e-16 -1.37259e-15 16 -2.54993e-16 -1.52563e-15 16 -2.45604e-16 -1.59235e-15 16
-2.24907e-16 -1.65267e-15 16 -2.00911e-16 -1.71438e-15 16 -1.70801e-16 -1.77866e-15 16 -1.31738e-16
-1.83751e-15 16 -1.47311e-16 -1.85679e-15 16 -1.35895e-16 -1.85888e-15 16 -1.66786e-16 -1.84965e-15
16 -2.76081e-16 -1.81942e-15 16 -3.60655e-16 -1.77197e-15 16 -3.88764e-16 -1.76426e-15 16
-4.06406e-16 -1.75227e-15 16 -4.57878e-16 -1.72714e-15 16 -5.72045e-16 -1.67769e-15 16 -6.7815e-16
-1.62458e-15 16 -7.15698e-16 -1.61426e-15 16 -7.42883e-16 -1.5955e-15 16 -7.73347e-16 -1.58125e-15
16 -8.09888e-16 -1.57537e-15 16 -8.38019e-16 -1.56397e-15 16 -8.13477e-16 -1.47671e-15 16
-7.8745e-16 -1.39456e-15 16 -7.80553e-16 -1.33367e-15 16 -8.09107e-16 -1.31218e-15 16 -8.36784e-16
-1.29708e-15 16 -8.84654e-16 -1.25873e-15 16 -9.367e-16 -1.24187e-15 16 -9.83446e-16 -1.25364e-15
16 -1.02037e-15 -1.31845e-15 16 -1.05775e-15 -1.40372e-15 16 -1.09541e-15 -1.45538e-15 16
-1.14157e-15 -1.51228e-15 16 -1.17577e-15 -1.56431e-15 16 -1.18785e-15 -1.6073e-15 16 -1.20703e-15
-1.65421e-15 16 -1.17187e-15 -1.66496e-15 16 -1.12827e-15 -1.68297e-15 16 -1.11479e-15 -1.67182e-15
16 -1.15713e-15 -1.60661e-15 16 -1.19516e-15 -1.54519e-15 16 -1.11672e-15 -1.48996e-15 16
-1.02221e-15 -1.44187e-15 16 -9.53622e-16 -1.37218e-15 16 -9.3306e-16 -1.26246e-15 16 -8.9994e-16
-1.15714e-15 16 -8.16622e-16 -1.05497e-15 16 -7.17106e-16 -9.68434e-16 16 -6.27629e-16 -8.70194e-16
16 -5.56757e-16 -7.50269e-16 16 -4.71128e-16 -6.47948e-16 16 -3.87173e-16 -5.86052e-16 16
-2.82809e-16 -5.3513e-16 16 -1.82052e-16 -4.67416e-16 16 -8.79789e-17 -3.68581e-16 16 2.36897e-17
-2.8502e-16 16 7.4966e-17 -2.37014e-16 16 1.29361e-16 -2.02715e-16 16 1.85422e-16 -1.51032e-16
16 2.44571e-16 -6.71303e-17 16 3.0489e-16 3.37902e-19 16 2.83381e-16 2.93607e-17 16
2.71096e-16 5.05228e-17 16 2.58057e-16 7.24393e-17 16 2.43621e-16 9.57534e-17 16 2.39213e-16
1.1076e-16 16 0 0 16 -4.49583e-17 8.30607e-18 16 -9.07047e-17 1.83699e-17
16 -1.36451e-16 2.84338e-17 16 -1.82198e-16 3.84977e-17 16 -2.18433e-16 4.80537e-17 16
-1.77359e-16 -7.18743e-18 16 -1.39677e-16 -6.4458e-17 16 -1.01994e-16 -1.21729e-16 16 -6.43118e-17
-1.78999e-16 16 -3.85045e-17 -2.25406e-16 16 8.057e-17 -2.8609e-16 16 1.8199e-16 -3.4898e-16
16 2.83409e-16 -4.11869e-16 16 3.84828e-16 -4.74759e-16 16 4.45761e-16 -5.25697e-16 16
5.45691e-16 -5.26896e-16 16 6.27142e-16 -5.30478e-16 16 7.08592e-16 -5.34061e-16 16 7.90043e-16
-5.37643e-16 16 8.34678e-16 -5.42803e-16 16 8.31969e-16 -5.43856e-16 16 8.082e-16 -5.51194e-16
16 7.84431e-16 -5.58531e-16 16 7.60663e-16 -5.65869e-16 16 7.21186e-16 -5.77839e-16 16
6.7066e-16 -5.70199e-16 16 6.04751e-16 -5.66028e-16 16 5.38842e-16 -5.61858e-16 16 4.72934e-16
-5.57687e-16 16 4.06481e-16 -5.57926e-16 16 3.98514e-16 -5.19487e-16 16 3.80059e-16 -4.79564e-16
16 3.61603e-16 -4.39641e-16 16 3.43148e-16 -3.99718e-16 16 3.1836e-16 -3.67298e-16 16
3.60481e-16 -3.63745e-16 16 4.00929e-16 -3.56976e-16 16 4.41377e-16 -3.50207e-16 16 4.81824e-16
-3.43437e-16 16 5.11493e-16 -3.34975e-16 16 5.00064e-16 -3.81764e-16 16 4.85881e-16 -4.24265e-16
16 4.71698e-16 -4.66766e-16 16 4.57515e-16 -5.09267e-16 16 4.43771e-16 -5.37913e-16 16
3.60206e-16 -5.43716e-16 16 2.76545e-16 -5.43641e-16 16 1.92884e-16 -5.43566e-16 16 1.09223e-16
-5.43492e-16 16 4.43002e-17 -5.37556e-16 16 4.90911e-17 -4.48076e-16 16 6.37028e-17 -3.48959e-16
16 7.83145e-17 -2.49843e-16 16 9.29262e-17 -1.50726e-16 16 1.14069e-16 -6.42879e-17 16
1.49832e-16 -2.08819e-17 16 1.9299e-16 2.33168e-17 16 2.36148e-16 6.75155e-17 16 2.79306e-16
1.11714e-16 16 3.20143e-16 1.46755e-16 16 2.82308e-16 9.7087e-17 16 2.51637e-16 4.98913e-17
16 2.20966e-16 2.69553e-18 16 1.90295e-16 -4.45002e-17 16 1.73692e-16 -7.85983e-17 16
1.72527e-16 -1.068e-16 16 1.82043e-16 -1.32792e-16 16 1.91559e-16 -1.58784e-16 16 2.01075e-16
-1.84776e-16 16 2.10592e-16 -2.10768e-16 16 2.11077e-16 -2.12095e-16 16 2.11077e-16 -2.12095e-16
16 2.11077e-16 -2.12095e-16 16 2.11077e-16 -2.12095e-16 16 2.21758e-16 -2.09885e-16 16
3.1071e-16 -2.48899e-16 16 3.98036e-16 -2.91168e-16 16 4.85363e-16 -3.33437e-16 16 5.72689e-16
-3.75706e-16 16 6.38731e-16 -4.11713e-16 16 7.29407e-16 -4.48562e-16 16 8.01021e-16 -4.89757e-16
16 8.72635e-16 -5.30953e-16 16 9.44249e-16 -5.72149e-16 16 9.80679e-16 -6.08418e-16 16
9.28414e-16 -5.95111e-16 16 8.5325e-16 -5.79811e-16 16 7.78087e-16 -5.64511e-16 16 7.02923e-16
-5.49211e-16 16 6.21782e-16 -5.35361e-16 16 5.43479e-16 -4.52656e-16 16 4.62284e-16 -3.63029e-16
16 3.8109e-16 -2.73401e-16 16 2.99896e-16 -1.83774e-16 16 2.3409e-16 -1.07402e-16 16
2.39247e-16 -2.62483e-18 16 2.39046e-16 1.03952e-16 16 2.38845e-16 2.10528e-16 16 2.38644e-16
3.17105e-16 16 2.33129e-16 4.01488e-16 16 2.45929e-16 4.59185e-16 16 2.64663e-16 5.20283e-16
16 2.83398e-16 5.81382e-16 16 3.02132e-16 6.42481e-16 16 3.22583e-16 6.93227e-16 16
3.14823e-16 7.00012e-16 16 3.06587e-16 7.08317e-16 16 2.9835e-16 7.16622e-16 16 2.90114e-16
7.24927e-16 16 2.83255e-16 7.32883e-16 16 1.87841e-16 7.1267e-16 16 9.31668e-17 6.90491e-16
16 -1.50718e-18 6.68313e-16 16 -9.61812e-17 6.46135e-16 16 -1.68802e-16 6.26984e-16 16
-3.14899e-16 5.89068e-16 16 -4.58526e-16 5.52234e-16 16 -6.02152e-16 5.15399e-16 16 -7.45778e-16
4.78564e-16 16 -8.546e-16 4.51103e-16 16 -9.52905e-16 4.18566e-16 16 -1.04511e-15 3.88968e-16
16 -1.13732e-15 3.59369e-16 16 -1.22952e-15 3.2977e-16 16 -1.29487e-15 3.09772e-16 16
-1.29316e-15 2.4275e-16 16 -1.28319e-15 1.78225e-16 16 -1.27322e-15 1.137e-16 16 -1.26326e-15
4.91746e-17 16 -1.24727e-15 1.67307e-18 16 -1.20772e-15 -1.47281e-16 16 -1.16353e-15 -2.92885e-16
16 -1.11935e-15 -4.3849e-16 16 -1.07517e-15 -5.84094e-16 16 -1.03631e-15 -6.93569e-16 16
-9.7146e-16 -8.35139e-16 16 -8.99654e-16 -9.61822e-16 16 -8.27849e-16 -1.0885e-15 16 -7.56044e-16
-1.21519e-15 16 -6.93452e-16 -1.29847e-15 16 -6.70558e-16 -1.37546e-15 16 -6.49861e-16 -1.43578e-15
16 -6.29163e-16 -1.4961e-15 16 -6.08466e-16 -1.55642e-15 16 -5.94625e-16 -1.58648e-15 16
-5.91416e-16 -1.60565e-15 16 -5.8e-16 -1.60774e-15 16 -5.68583e-16 -1.60983e-15 16 -5.57167e-16
-1.61192e-15 16 -5.40113e-16 -1.59646e-15 16 -5.64295e-16 -1.60343e-15 16 -5.81936e-16 -1.59144e-15
16 -5.99578e-16 -1.57944e-15 16 -6.17219e-16 -1.56744e-15 16 -6.24349e-16 -1.53919e-15 16
-6.62425e-16 -1.53764e-15 16 -6.8961e-16 -1.51888e-15 16 -7.16795e-16 -1.50012e-15 16 -7.43981e-16
-1.48136e-15 16 -7.54155e-16 -1.44961e-15 16 -7.37648e-16 -1.38001e-15 16 -7.11622e-16 -1.29786e-15
16 -6.85595e-16 -1.21571e-15 16 -6.59568e-16 -1.13356e-15 16 -6.2988e-16 -1.05736e-15 16
-6.99293e-16 -1.04875e-15 16 -7.5134e-16 -1.0319e-15 16 -8.03386e-16 -1.01504e-15 16 -8.55432e-16
-9.98184e-16 16 -8.78395e-16 -9.76869e-16 16 -9.4897e-16 -1.05408e-15 16 -9.9512e-16 -1.11098e-15
16 -1.04127e-15 -1.16789e-15 16 -1.08742e-15 -1.2248e-15 16 -1.09876e-15 -1.2486e-15 16
-1.07264e-15 -1.28439e-15 16 -1.02904e-15 -1.3024e-15 16 -9.85442e-16 -1.32041e-15 16 -9.41841e-16
-1.33842e-15 16 -8.90568e-16 -1.33459e-15 16 -8.13601e-16 -1.30408e-15 16 -7.19094e-16 -1.256e-15
16 -6.24587e-16 -1.20791e-15 16 -5.30079e-16 -1.15982e-15 16 -4.39308e-16 -1.10497e-15 16
-3.49702e-16 -1.03188e-15 16 -2.50185e-16 -9.45345e-16 16 -1.50669e-16 -8.58807e-16 16 -5.11523e-17
-7.72268e-16 16 3.58704e-17 -6.9176e-16 16 1.32349e-16 -6.53795e-16 16 2.36713e-16 -6.02873e-16
16 3.41076e-16 -5.51952e-16 16 4.4544e-16 -5.0103e-16 16 5.34193e-16 -4.48616e-16 16
5.98701e-16 -4.25466e-16 16 6.53096e-16 -3.91168e-16 16 7.07491e-16 -3.5687e-16 16 7.61886e-16
-3.22572e-16 16 7.93922e-16 -2.84846e-16 16 7.89183e-16 -2.70883e-16 16 7.76898e-16 -2.49721e-16
16 7.64612e-16 -2.28559e-16 16 7.52327e-16 -2.07397e-16 16 7.63079e-16 -1.96102e-16 16
0 0 16 -2.86773e-17 -2.80091e-17 16 -7.44237e-17 -1.79453e-17 16 -1.2017e-16
-7.88141e-18 16 -1.65917e-16 2.18246e-18 16 -1.90402e-16 4.1887e-17 16 -7.92543e-17 2.85739e-17
16 -4.15719e-17 -2.86968e-17 16 -3.88946e-18 -8.59674e-17 16 3.3793e-17 -1.43238e-16 16
-3.35632e-17 -1.9648e-16 16 4.50257e-16 -2.11582e-16 16 5.51676e-16 -2.74472e-16 16 6.53096e-16
-3.37362e-16 16 7.54515e-16 -4.00252e-16 16 3.88556e-16 -4.58234e-16 16 8.70255e-16 -4.10183e-16
16 9.51706e-16 -4.13765e-16 16 1.03316e-15 -4.17348e-16 16 1.11461e-15 -4.2093e-16 16
7.27564e-16 -4.73145e-16 16 1.15992e-15 -3.44358e-16 16 1.13615e-15 -3.51696e-16 16 1.11238e-15
-3.59034e-16 16 1.08862e-15 -3.66372e-16 16 6.28636e-16 -5.03685e-16 16 8.95898e-16 -4.24358e-16
16 8.2999e-16 -4.20187e-16 16 7.64081e-16 -4.16017e-16 16 6.98172e-16 -4.11846e-16 16
3.54317e-16 -4.86327e-16 16 5.63026e-16 -4.78563e-16 16 5.44571e-16 -4.3864e-16 16 5.26116e-16
-3.98717e-16 16 5.0766e-16 -3.58794e-16 16 2.77505e-16 -3.20163e-16 16 3.54199e-16 -3.83064e-16
16 3.94647e-16 -3.76295e-16 16 4.35095e-16 -3.69525e-16 16 4.75543e-16 -3.62756e-16 16
4.45853e-16 -2.91988e-16 16 4.91318e-16 -4.27354e-16 16 4.77135e-16 -4.69855e-16 16 4.62952e-16
-5.12356e-16 16 4.48769e-16 -5.54858e-16 16 3.86822e-16 -4.68882e-16 16 3.05233e-16 -5.96114e-16
16 2.21572e-16 -5.96039e-16 16 1.37911e-16 -5.95965e-16 16 5.42496e-17 -5.9589e-16 16
3.86151e-17 -4.68571e-16 16 -1.59486e-16 -5.7816e-16 16 -1.44875e-16 -4.79044e-16 16 -1.30263e-16
-3.79928e-16 16 -1.15651e-16 -2.80811e-16 16 9.94307e-17 -5.60378e-17 16 -1.75878e-17 -2.90102e-17
16 2.55701e-17 1.51885e-17 16 6.8728e-17 5.93872e-17 16 1.11886e-16 1.03586e-16 16
2.79059e-16 1.27922e-16 16 9.3231e-17 2.71688e-17 16 6.25599e-17 -2.0027e-17 16 3.18888e-17
-6.72227e-17 16 1.21768e-18 -1.14418e-16 16 1.51402e-16 -6.85117e-17 16 -7.17238e-17 -1.38846e-16
16 -6.35003e-17 -1.61307e-16 16 -5.52769e-17 -1.83769e-16 16 -4.70534e-17 -2.0623e-16 16
-3.883e-17 -2.28691e-16 16 -2.92602e-17 -2.29005e-16 16 2.63799e-17 -2.17491e-16 16 8.202e-17
-2.05977e-16 16 1.3766e-16 -1.94464e-16 16 1.933e-16 -1.8295e-16 16 3.15831e-16 -1.54728e-16
16 4.03157e-16 -1.96997e-16 16 4.90483e-16 -2.39266e-16 16 5.7781e-16 -2.81535e-16 16
5.56762e-16 -3.58878e-16 16 1.04127e-15 -3.05909e-16 16 1.11288e-15 -3.47105e-16 16 1.18449e-15
-3.88301e-16 16 1.25611e-15 -4.29496e-16 16 8.54828e-16 -5.30339e-16 16 1.27564e-15 -5.58219e-16
16 1.20048e-15 -5.42919e-16 16 1.12531e-15 -5.27619e-16 16 1.05015e-15 -5.12319e-16 16
5.41989e-16 -4.66658e-16 16 5.23406e-16 -5.26967e-16 16 4.42212e-16 -4.37339e-16 16 3.61017e-16
-3.47712e-16 16 2.79823e-16 -2.58085e-16 16 2.04049e-16 -9.36186e-17 16 3.19908e-16 -2.60251e-17
16 3.19707e-16 8.05514e-17 16 3.19505e-16 1.87128e-16 16 3.19304e-16 2.93704e-16 16
2.03212e-16 3.49965e-16 16 9.34108e-17 3.37375e-16 16 1.12145e-16 3.98473e-16 16 1.30879e-16
4.59572e-16 16 1.49613e-16 5.20671e-16 16 2.81186e-16 6.04265e-16 16 2.83274e-16 5.79638e-16
16 2.75037e-16 5.87943e-16 16 2.66801e-16 5.96249e-16 16 2.58564e-16 6.04554e-16 16
2.46905e-16 6.38832e-16 16 1.36202e-16 6.59213e-16 16 4.15283e-17 6.37034e-16 16 -5.31457e-17
6.14856e-16 16 -1.4782e-16 5.92678e-16 16 -1.47139e-16 5.46523e-16 16 -3.44285e-16 4.86273e-16
16 -4.87911e-16 4.49439e-16 16 -6.31538e-16 4.12604e-16 16 -7.75164e-16 3.75769e-16 16
-7.44929e-16 3.93212e-16 16 -9.69243e-16 2.99988e-16 16 -1.06145e-15 2.70389e-16 16 -1.15365e-15
2.4079e-16 16 -1.24586e-15 2.11192e-16 16 -1.1287e-15 2.70019e-16 16 -1.29767e-15 1.51403e-16
16 -1.2877e-15 8.68778e-17 16 -1.27773e-15 2.23527e-17 16 -1.26776e-15 -4.21723e-17 16
-1.08721e-15 1.45836e-18 16 -1.14324e-15 -2.16702e-16 16 -1.09906e-15 -3.62306e-16 16 -1.05488e-15
-5.07911e-16 16 -1.0107e-15 -6.53515e-16 16 -9.03323e-16 -6.04563e-16 16 -9.82087e-16 -1.05368e-15
16 -9.10282e-16 -1.18036e-15 16 -8.38477e-16 -1.30705e-15 16 -7.66672e-16 -1.43373e-15 16
-6.04461e-16 -1.13183e-15 16 -5.36185e-16 -1.55342e-15 16 -5.15487e-16 -1.61374e-15 16 -4.9479e-16
-1.67406e-15 16 -4.74093e-16 -1.73438e-15 16 -5.18317e-16 -1.38289e-15 16 -6.84675e-16 -1.75484e-15
16 -6.73259e-16 -1.75693e-15 16 -6.61842e-16 -1.75902e-15 16 -6.50426e-16 -1.76112e-15 16
-4.708e-16 -1.39159e-15 16 -6.30099e-16 -1.7903e-15 16 -6.4774e-16 -1.7783e-15 16 -6.65382e-16
-1.76631e-15 16 -6.83024e-16 -1.75431e-15 16 -5.44226e-16 -1.34166e-15 16 -8.07298e-16 -1.69564e-15
16 -8.34483e-16 -1.67688e-15 16 -8.61668e-16 -1.65812e-15 16 -8.88854e-16 -1.63936e-15 16
-6.57374e-16 -1.26358e-15 16 -8.3755e-16 -1.45311e-15 16 -8.11523e-16 -1.37096e-15 16 -7.85496e-16
-1.28881e-15 16 -7.59469e-16 -1.20666e-15 16 -5.49047e-16 -9.21667e-16 16 -9.77251e-16 -1.08356e-15
16 -1.0293e-15 -1.0667e-15 16 -1.08134e-15 -1.04984e-15 16 -1.13339e-15 -1.03299e-15 16
-7.6567e-16 -8.51507e-16 16 -1.34085e-15 -1.34809e-15 16 -1.387e-15 -1.40499e-15 16 -1.43315e-15
-1.4619e-15 16 -1.4793e-15 -1.51881e-15 16 -9.57753e-16 -1.08836e-15 16 -1.29292e-15 -1.4915e-15
16 -1.24931e-15 -1.50951e-15 16 -1.20571e-15 -1.52752e-15 16 -1.16211e-15 -1.54553e-15 16
-7.76281e-16 -1.16332e-15 16 -1.06168e-15 -1.49609e-15 16 -9.67172e-16 -1.448e-15 16 -8.72665e-16
-1.39991e-15 16 -7.78158e-16 -1.35182e-15 16 -3.82932e-16 -9.63171e-16 16 -4.9806e-16 -1.16797e-15
16 -3.98543e-16 -1.08143e-15 16 -2.99027e-16 -9.94893e-16 16 -1.9951e-16 -9.08355e-16 16
3.12671e-17 -6.02986e-16 16 -3.51509e-17 -8.32693e-16 16 6.92127e-17 -7.81772e-16 16 1.73576e-16
-7.3085e-16 16 2.7794e-16 -6.79928e-16 16 4.6564e-16 -3.91045e-16 16 7.39084e-16 -5.98218e-16
16 7.93478e-16 -5.6392e-16 16 8.47873e-16 -5.29622e-16 16 9.02268e-16 -4.95323e-16 16
6.92038e-16 -2.48292e-16 16 8.43208e-16 -3.83054e-16 16 8.30923e-16 -3.61892e-16 16 8.18638e-16
-3.40729e-16 16 8.06352e-16 -3.19567e-16 16 6.44205e-16 -1.59669e-16 16 0 0
16 -2.33248e-17 -3.99481e-17 16 -2.42195e-17 -4.14804e-17 16 -2.42195e-17 -4.14804e-17 16
-2.50796e-17 -3.9562e-17 16 -4.75011e-17 1.04499e-17 16 8.66834e-17 1.09209e-17 16 9.18303e-17
1.0939e-17 16 9.18303e-17 1.0939e-17 16 8.81288e-17 8.72419e-18 16 -8.3733e-18 -4.90175e-17
16 5.9536e-16 -4.91346e-17 16 6.18517e-16 -4.91391e-17 16 6.18517e-16 -4.91391e-17 16
5.9925e-16 -5.15469e-17 16 9.69364e-17 -1.1432e-16 16 7.04145e-16 -5.00768e-17 16 7.27436e-16
-4.76126e-17 16 7.27436e-16 -4.76126e-17 16 7.07269e-16 -5.02142e-17 16 1.81511e-16 -1.18039e-16
16 7.56901e-16 5.34325e-17 16 7.78971e-16 6.00097e-17 16 7.78971e-16 6.00097e-17 16
7.55989e-16 5.3151e-17 16 1.56831e-16 -1.25659e-16 16 5.28569e-16 -2.27639e-17 16 5.42828e-16
-1.88171e-17 16 5.42828e-16 -1.88171e-17 16 5.26041e-16 -2.2604e-17 16 8.83945e-17 -1.21328e-16
16 3.68337e-16 -1.23649e-16 16 3.79075e-16 -1.23738e-16 16 3.79075e-16 -1.23738e-16 16
3.67629e-16 -1.22118e-16 16 6.92314e-17 -7.98737e-17 16 1.57292e-16 -1.64622e-16 16 1.6067e-16
-1.67873e-16 16 1.6067e-16 -1.67873e-16 16 1.58844e-16 -1.64363e-16 16 1.11231e-16 -7.28446e-17
16 1.754e-16 -2.37332e-16 16 1.77861e-16 -2.43641e-16 16 1.77861e-16 -2.43641e-16 16
1.74856e-16 -2.38962e-16 16 9.65037e-17 -1.16976e-16 16 1.55643e-17 -2.84128e-16 16 1.24597e-17
-2.9054e-16 16 1.24597e-17 -2.9054e-16 16 1.23553e-17 -2.84126e-16 16 9.63365e-18 -1.16898e-16
16 -2.5517e-16 -2.91933e-16 16 -2.65328e-16 -2.98647e-16 16 -2.65328e-16 -2.98647e-16 16
-2.5461e-16 -2.88131e-16 16 2.48058e-17 -1.39802e-17 16 -1.42441e-16 7.66286e-18 16 -1.48856e-16
8.49303e-18 16 -1.48856e-16 8.49303e-18 16 -1.40785e-16 9.35821e-18 16 6.96192e-17 3.19138e-17
16 -1.64862e-16 -8.56342e-17 16 -1.73857e-16 -9.01431e-17 16 -1.73857e-16 -9.01431e-17 16
-1.66039e-16 -8.74445e-17 16 3.77716e-17 -1.70922e-17 16 -2.56058e-16 -1.07473e-16 16 -2.67328e-16
-1.1094e-16 16 -2.67328e-16 -1.1094e-16 16 -2.55671e-16 -1.08528e-16 16 4.82242e-17 -4.56421e-17
16 1.23564e-16 -1.72553e-17 16 1.86917e-16 6.61496e-18 16 1.86917e-16 6.61496e-18 16
1.86917e-16 6.61496e-18 16 1.86917e-16 6.61496e-18 16 1.86917e-16 6.61496e-18 16 1.86917e-16
6.61496e-18 16 1.7922e-16 -8.79833e-18 16 1.5906e-16 -4.91653e-17 16 1.389e-16 -8.95323e-17
16 7.52877e-16 -7.03544e-18 16 7.76428e-16 -3.87107e-18 16 7.76428e-16 -3.87107e-18 16
7.55624e-16 -8.61561e-18 16 2.13261e-16 -1.32308e-16 16 7.89602e-16 -1.73729e-16 16 8.1171e-16
-1.75317e-16 16 8.1171e-16 -1.75317e-16 16 7.86719e-16 -1.73142e-16 16 1.35214e-16 -1.16421e-16
16 1.36265e-16 -2.23747e-16 16 1.36306e-16 -2.27864e-16 16 1.36306e-16 -2.27864e-16 16
1.33151e-16 -2.20309e-16 16 5.09059e-17 -2.33558e-17 16 2.03158e-16 3.20134e-17 16 2.08998e-16
3.41373e-17 16 2.08998e-16 3.41373e-17 16 2.03151e-16 3.61014e-17 16 5.0697e-17 8.73087e-17
16 -9.941e-17 5.16111e-17 16 -1.05168e-16 5.02418e-17 16 -1.05168e-16 5.02418e-17 16
-9.86914e-17 5.39547e-17 16 7.01497e-17 1.50751e-16 16 7.54753e-17 1.15798e-16 16 7.56796e-17
1.14457e-16 16 7.56796e-17 1.14457e-16 16 7.51594e-17 1.16116e-16 16 6.15974e-17 1.59375e-16
16 -5.41311e-17 1.93101e-16 16 -5.85702e-17 1.94395e-16 16 -5.85702e-17 1.94395e-16 16
-5.77626e-17 1.92251e-16 16 -3.67081e-17 1.36346e-16 16 -2.50636e-16 6.87537e-17 16 -2.58842e-16
6.61611e-17 16 -2.58842e-16 6.61611e-17 16 -2.56145e-16 6.73408e-17 16 -1.85844e-16 9.8098e-17
16 -4.51584e-16 -1.50781e-17 16 -4.61777e-16 -1.94192e-17 16 -4.61777e-16 -1.94192e-17 16
-4.55121e-16 -1.62134e-17 16 -2.81586e-16 6.73639e-17 16 -5.06662e-16 -6.8214e-17 16 -5.15296e-16
-7.34144e-17 16 -5.15296e-16 -7.34144e-17 16 -5.0628e-16 -7.0689e-17 16 -2.71235e-16 3.6383e-19
16 -3.5869e-16 -2.40549e-16 16 -3.62045e-16 -2.49789e-16 16 -3.62045e-16 -2.49789e-16 16
-3.56996e-16 -2.46134e-16 16 -2.2536e-16 -1.50826e-16 16 -3.5134e-16 -7.0105e-16 16 -3.56172e-16
-7.22155e-16 16 -3.56172e-16 -7.22155e-16 16 -3.48586e-16 -7.05909e-16 16 -1.508e-16 -2.82368e-16
16 -6.76037e-17 -8.17243e-16 16 -6.44125e-17 -8.37759e-16 16 -6.44125e-17 -8.37759e-16 16
-6.68098e-17 -8.19556e-16 16 -1.29309e-16 -3.45e-16 16 -3.51414e-16 -8.32938e-16 16 -3.59933e-16
-8.51654e-16 16 -3.59933e-16 -8.51654e-16 16 -3.50976e-16 -8.33019e-16 16 -1.17454e-16 -3.47171e-16
16 -3.21174e-16 -8.74667e-16 16 -3.28988e-16 -8.949e-16 16 -3.28988e-16 -8.949e-16 16
-3.21851e-16 -8.74207e-16 16 -1.35773e-16 -3.34716e-16 16 -4.72813e-16 -8.05569e-16 16 -4.85741e-16
-8.2363e-16 16 -4.85741e-16 -8.2363e-16 16 -4.73856e-16 -8.0485e-16 16 -1.64001e-16 -3.15237e-16
16 -4.08837e-16 -5.89955e-16 16 -4.18229e-16 -6.00493e-16 16 -4.18229e-16 -6.00493e-16 16
-4.07839e-16 -5.86804e-16 16 -1.36975e-16 -2.29936e-16 16 -6.83134e-16 -4.47877e-16 16 -7.04083e-16
-4.56236e-16 16 -7.04083e-16 -4.56236e-16 16 -6.8513e-16 -4.4723e-16 16 -1.91018e-16 -2.12433e-16
16 -9.32086e-16 -8.46884e-16 16 -9.60511e-16 -8.7122e-16 16 -9.60511e-16 -8.7122e-16 16
-9.33856e-16 -8.49067e-16 16 -2.38939e-16 -2.71523e-16 16 -6.92873e-16 -7.9543e-16 16 -7.10284e-16
-8.15526e-16 16 -7.10284e-16 -8.15526e-16 16 -6.912e-16 -7.96121e-16 16 -1.93665e-16 -2.90223e-16
16 -5.98194e-16 -7.42421e-16 16 -6.13711e-16 -7.59766e-16 16 -6.13711e-16 -7.59766e-16 16
-5.94569e-16 -7.40576e-16 16 -9.55332e-17 -2.4029e-16 16 -2.77969e-16 -5.36449e-16 16 -2.84967e-16
-5.47809e-16 16 -2.84967e-16 -5.47809e-16 16 -2.74152e-16 -5.33129e-16 16 7.80047e-18 -1.50432e-16
16 -1.12171e-16 -4.68138e-16 16 -1.16773e-16 -4.80325e-16 16 -1.16773e-16 -4.80325e-16 16
-1.08168e-16 -4.66185e-16 16 1.16167e-16 -9.75573e-17 16 4.583e-16 -3.80451e-16 16 4.71423e-16
-3.91302e-16 16 4.71423e-16 -3.91302e-16 16 4.60386e-16 -3.79135e-16 16 1.72648e-16 -6.19435e-17
16 3.75076e-16 -2.456e-16 16 5.01281e-16 -3.05016e-16 16 4.90684e-16 -2.97648e-16 16
4.71851e-16 -2.82424e-16 16 2.46541e-16 -7.0238e-17 16 0 0 16 -3.88188e-17
7.07256e-17 16 -8.19471e-17 1.33917e-16 16 -1.34798e-16 1.53915e-16 16 -1.91924e-16 1.57137e-16
16 -2.51767e-16 1.58725e-16 16 -3.75267e-16 8.73211e-17 16 -4.71369e-16 9.14246e-18 16
-4.42456e-16 -7.08197e-17 16 -3.13788e-16 -1.49843e-16 16 -1.63393e-16 -2.3406e-16 16 -4.15116e-16
-6.17055e-16 16 -6.22459e-16 -9.44757e-16 16 -5.77634e-16 -1.02296e-15 16 -2.93168e-16 -9.02379e-16
16 3.50061e-17 -7.3799e-16 16 -1.44476e-16 -9.12036e-16 16 -2.8596e-16 -1.06283e-15 16
-2.33889e-16 -1.08937e-15 16 -1.18532e-17 -1.04321e-15 16 2.43752e-16 -9.8516e-16 16 1.37815e-16
-1.25174e-15 16 6.43057e-17 -1.47083e-15 16 8.01656e-17 -1.4841e-15 16 1.79649e-16 -1.30624e-15
16 3.08563e-16 -1.08416e-15 16 5.0027e-17 -1.20697e-15 16 -1.50642e-16 -1.29926e-15 16
-1.67013e-16 -1.28064e-15 16 2.51298e-17 -1.10071e-15 16 2.78891e-16 -8.78817e-16 16 6.75594e-17
-9.04442e-16 16 -1.01088e-16 -9.09493e-16 16 -1.0639e-16 -8.50603e-16 16 5.9991e-17 -6.88592e-16
16 2.70508e-16 -4.97427e-16 16 3.21633e-16 -5.23119e-16 16 3.71062e-16 -5.46635e-16 16
4.12375e-16 -5.49616e-16 16 4.06877e-16 -5.05481e-16 16 3.90408e-16 -4.52423e-16 16 5.33586e-16
-6.19853e-16 16 6.42128e-16 -7.68765e-16 16 6.17665e-16 -8.24555e-16 16 4.40992e-16 -7.50053e-16
16 2.2552e-16 -6.47613e-16 16 1.83963e-16 -8.30667e-16 16 1.29896e-16 -9.67311e-16 16
3.57379e-17 -9.40692e-16 16 -4.57013e-17 -7.52774e-16 16 -1.2661e-16 -5.20003e-16 16 -7.42578e-17
-6.16252e-16 16 -2.81389e-17 -6.69748e-16 16 -1.10393e-17 -5.58458e-16 16 1.55309e-17 -3.19589e-16
16 4.49567e-17 -4.73497e-17 16 2.93943e-16 -1.14449e-16 16 4.9932e-16 -1.56087e-16 16
5.33075e-16 -1.02316e-16 16 4.29522e-16 2.84998e-17 16 2.90935e-16 1.79998e-16 16 3.53769e-16
4.75754e-17 16 3.92328e-16 -6.01258e-17 16 3.46725e-16 -8.75095e-17 16 2.46371e-16 -2.46246e-17
16 1.29376e-16 6.45459e-17 16 2.71642e-17 -1.55106e-16 16 -6.69235e-17 -3.41235e-16 16
-8.91496e-17 -3.7713e-16 16 -3.73554e-17 -2.7393e-16 16 2.44026e-17 -1.39521e-16 16 1.8846e-17
-1.79407e-16 16 1.32893e-17 -2.19294e-16 16 7.73266e-18 -2.5918e-16 16 2.176e-18 -2.99066e-16
16 -3.38066e-18 -3.38952e-16 16 -4.04787e-17 -6.05246e-16 16 -6.95148e-17 -7.21329e-16 16
5.05736e-19 -7.4269e-16 16 1.04204e-16 -5.76021e-16 16 2.07903e-16 -4.09352e-16 16 -4.70865e-18
-7.77557e-16 16 -1.72139e-16 -1.08019e-15 16 -1.23471e-16 -1.11531e-15 16 1.32919e-16 -8.89506e-16
16 4.33432e-16 -5.99952e-16 16 4.38345e-16 -9.26479e-16 16 4.53656e-16 -1.18789e-15 16
4.40207e-16 -1.17445e-15 16 3.81298e-16 -8.61204e-16 16 3.26272e-16 -4.76813e-16 16 2.11772e-16
-5.63721e-16 16 1.27438e-16 -6.21261e-16 16 1.02969e-16 -5.42765e-16 16 1.13806e-16 -3.18736e-16
16 1.46618e-16 -6.26135e-17 16 1.01685e-16 -1.25746e-16 16 7.55405e-17 -1.60553e-16 16
9.96248e-17 -6.44548e-17 16 1.44915e-16 1.46974e-16 16 2.01068e-16 3.83441e-16 16 3.52803e-16
4.19046e-16 16 4.9955e-16 4.61649e-16 16 5.67613e-16 5.27726e-16 16 5.39677e-16 6.20169e-16
16 5.00598e-16 7.20097e-16 16 6.72301e-16 8.54592e-16 16 8.34083e-16 9.65896e-16 16
8.85002e-16 9.7691e-16 16 8.35998e-16 9.12813e-16 16 7.7726e-16 8.31428e-16 16 7.80301e-16
8.83206e-16 16 7.81255e-16 9.25737e-16 16 7.2659e-16 9.15522e-16 16 6.41493e-16 8.46406e-16
16 5.58683e-16 7.66082e-16 16 4.47626e-16 8.02492e-16 16 3.33154e-16 8.3413e-16 16
1.96368e-16 8.19626e-16 16 4.78307e-17 7.35504e-16 16 -1.01879e-16 6.4009e-16 16 -4.24761e-16
7.28083e-16 16 -7.09488e-16 7.91087e-16 16 -8.16767e-16 7.55944e-16 16 -7.62391e-16 6.35659e-16
16 -6.73013e-16 4.9372e-16 16 -7.98596e-16 6.07685e-16 16 -9.15696e-16 6.81324e-16 16
-9.47879e-16 6.02654e-16 16 -9.14047e-16 4.17151e-16 16 -8.74516e-16 2.02762e-16 16 -8.40556e-16
1.37285e-16 16 -8.31723e-16 7.31448e-17 16 -8.52272e-16 -3.23716e-17 16 -8.32842e-16 -1.87969e-16
16 -8.19323e-16 -3.45952e-16 16 -5.02471e-16 -4.86812e-16 16 -2.61326e-16 -6.11173e-16 16
-2.57538e-16 -7.04966e-16 16 -4.54792e-16 -8.23183e-16 16 -7.16293e-16 -9.39378e-16 16 -4.68543e-16
-1.03796e-15 16 -2.64393e-16 -1.13443e-15 16 -2.43301e-16 -1.20732e-15 16 -4.59144e-16 -1.27598e-15
16 -7.3147e-16 -1.34664e-15 16 -3.1567e-16 -1.33425e-15 16 3.06999e-17 -1.32684e-15 16
6.24657e-17 -1.33414e-15 16 -2.52753e-16 -1.392e-15 16 -6.45966e-16 -1.46317e-15 16 -4.71757e-17
-1.38814e-15 16 4.27823e-16 -1.33107e-15 16 3.98309e-16 -1.33296e-15 16 -1.41163e-16 -1.40716e-15
16 -8.0524e-16 -1.50195e-15 16 -4.75049e-16 -1.50701e-15 16 -2.18986e-16 -1.52298e-15 16
-2.58692e-16 -1.54127e-15 16 -5.89953e-16 -1.54311e-15 16 -9.93822e-16 -1.54986e-15 16 -7.33599e-16
-1.58579e-15 16 -5.13686e-16 -1.61257e-15 16 -4.76114e-16 -1.56296e-15 16 -6.55342e-16 -1.43855e-15
16 -8.83581e-16 -1.30404e-15 16 -4.75014e-16 -1.13198e-15 16 -1.39847e-16 -9.82619e-16 16
-1.55139e-16 -9.48519e-16 16 -5.29487e-16 -1.02905e-15 16 -9.80796e-16 -1.13285e-15 16 -7.44361e-16
-9.70922e-16 16 -5.59894e-16 -8.45248e-16 16 -6.00067e-16 -8.87985e-16 16 -8.44839e-16 -1.05294e-15
16 -1.13704e-15 -1.24369e-15 16 -8.92208e-16 -1.19132e-15 16 -6.87263e-16 -1.16342e-15 16
-6.46288e-16 -1.20748e-15 16 -7.72376e-16 -1.2509e-15 16 -9.38983e-16 -1.30039e-15 16 -6.12616e-16
-1.26992e-15 16 -3.32263e-16 -1.24499e-15 16 -2.40911e-16 -1.21829e-15 16 -3.45808e-16 -1.16692e-15
16 -4.98319e-16 -1.11476e-15 16 -1.04438e-16 -9.93731e-16 16 2.255e-16 -8.85782e-16 16
3.07809e-16 -8.14602e-16 16 1.21564e-16 -8.03461e-16 16 -1.32917e-16 -8.10324e-16 16 2.56485e-16
-4.38795e-16 16 5.73339e-16 -1.37946e-16 16 6.35646e-16 -1.08241e-16 16 4.08735e-16 -3.75613e-16
16 1.0272e-16 -7.18988e-16 16 2.98865e-16 -4.4905e-16 16 4.53313e-16 -2.28282e-16 16
4.73372e-16 -2.02938e-16 16 3.53519e-16 -3.94304e-16 16 1.9206e-16 -6.39555e-16 16 3.84143e-16
-3.02467e-16 16 5.37239e-16 -2.35673e-17 16 5.25923e-16 4.06749e-18 16 3.66509e-16 -2.29392e-16
16 1.71963e-16 -5.2365e-16 16 0 0 16 -4.28052e-17 3.50355e-18 16
-8.85516e-17 1.35674e-17 16 -1.08313e-16 1.79148e-17 16 -1.08313e-16 1.79148e-17 16 -1.11254e-16
2.44751e-17 16 -6.09131e-17 -2.52213e-17 16 -2.32307e-17 -8.24919e-17 16 -6.95275e-18 -1.07231e-16
16 -6.95275e-18 -1.07231e-16 16 -1.96114e-17 -1.14806e-16 16 1.47699e-16 -1.69461e-16 16
2.49119e-16 -2.32351e-16 16 2.92929e-16 -2.59518e-16 16 2.92929e-16 -2.59518e-16 16 2.27038e-16
-2.67752e-16 16 3.77456e-16 -2.62438e-16 16 4.58906e-16 -2.6602e-16 16 4.94091e-16 -2.67568e-16
16 4.94091e-16 -2.67568e-16 16 4.25125e-16 -2.76465e-16 16 4.79951e-16 -2.60347e-16 16
4.56182e-16 -2.67685e-16 16 4.45915e-16 -2.70854e-16 16 4.45915e-16 -2.70854e-16 16 3.6732e-16
-2.9431e-16 16 3.5882e-16 -2.77189e-16 16 2.92911e-16 -2.73018e-16 16 2.6444e-16 -2.71217e-16
16 2.6444e-16 -2.71217e-16 16 2.07032e-16 -2.84167e-16 16 2.27719e-16 -2.49785e-16 16
2.09264e-16 -2.09862e-16 16 2.01292e-16 -1.92617e-16 16 2.01292e-16 -1.92617e-16 16 1.6215e-16
-1.87075e-16 16 2.08843e-16 -1.92311e-16 16 2.49291e-16 -1.85541e-16 16 2.66763e-16 -1.82617e-16
16 2.66763e-16 -1.82617e-16 16 2.60518e-16 -1.70612e-16 16 2.56612e-16 -2.29115e-16 16
2.4243e-16 -2.71616e-16 16 2.36303e-16 -2.89975e-16 16 2.36303e-16 -2.89975e-16 16 2.26025e-16
-2.73974e-16 16 1.42721e-16 -2.95835e-16 16 5.90599e-17 -2.95761e-16 16 2.29203e-17 -2.95728e-16
16 2.29203e-17 -2.95728e-16 16 2.25633e-17 -2.73792e-16 16 5.22615e-19 -2.10638e-16 16
1.51343e-17 -1.11521e-16 16 2.14462e-17 -6.87054e-17 16 2.14462e-17 -6.87054e-17 16 5.80986e-17
-3.27436e-17 16 7.36567e-17 8.49638e-18 16 1.16815e-16 5.26951e-17 16 1.35458e-16 7.17879e-17
16 1.35458e-16 7.17879e-17 16 1.63058e-16 7.47466e-17 16 1.05652e-16 1.83224e-17 16
7.49805e-17 -2.88733e-17 16 6.17313e-17 -4.92608e-17 16 6.17313e-17 -4.92608e-17 16 8.84662e-17
-4.00323e-17 16 5.86692e-17 -7.57765e-17 16 6.87357e-17 -1.03272e-16 16 7.30842e-17 -1.15149e-16
16 7.30842e-17 -1.15149e-16 16 1.12948e-16 -1.069e-16 16 1.40674e-16 -1.05238e-16 16
1.62334e-16 -1.15722e-16 16 1.83994e-16 -1.26207e-16 16 2.05654e-16 -1.36691e-16 16 2.27315e-16
-1.47175e-16 16 2.92981e-16 -1.7896e-16 16 3.31389e-16 -1.97551e-16 16 3.31389e-16 -1.97551e-16
16 3.31389e-16 -1.97551e-16 16 3.25323e-16 -2.09697e-16 16 4.68082e-16 -2.34667e-16 16
5.39696e-16 -2.75863e-16 16 5.70631e-16 -2.93659e-16 16 5.70631e-16 -2.93659e-16 16 4.99487e-16
-3.09884e-16 16 5.09785e-16 -3.02024e-16 16 4.34621e-16 -2.86724e-16 16 4.02152e-16 -2.80115e-16
16 4.02152e-16 -2.80115e-16 16 3.16691e-16 -2.72674e-16 16 2.46285e-16 -2.08882e-16 16
1.65091e-16 -1.19255e-16 16 1.30017e-16 -8.05379e-17 16 1.30017e-16 -8.05379e-17 16 1.19229e-16
-5.47026e-17 16 1.39026e-16 4.51568e-17 16 1.38824e-16 1.51733e-16 16 1.38737e-16 1.97772e-16
16 1.38737e-16 1.97772e-16 16 1.18739e-16 2.04489e-16 16 1.15326e-16 2.52891e-16 16
1.3406e-16 3.13989e-16 16 1.42153e-16 3.40383e-16 16 1.42153e-16 3.40383e-16 16 1.643e-16
3.5308e-16 16 1.57843e-16 3.55711e-16 16 1.49607e-16 3.64016e-16 16 1.46049e-16 3.67603e-16
16 1.46049e-16 3.67603e-16 16 1.4427e-16 3.73278e-16 16 4.68337e-17 3.58433e-16 16
-4.78403e-17 3.36254e-16 16 -8.87372e-17 3.26674e-16 16 -8.87372e-17 3.26674e-16 16 -8.59754e-17
3.19341e-16 16 -2.38824e-16 2.78471e-16 16 -3.8245e-16 2.41636e-16 16 -4.44493e-16 2.25725e-16
16 -4.44493e-16 2.25725e-16 16 -4.35272e-16 2.29759e-16 16 -5.50241e-16 1.89197e-16 16
-6.42446e-16 1.59598e-16 16 -6.82277e-16 1.46812e-16 16 -6.82277e-16 1.46812e-16 16 -6.59514e-16
1.57776e-16 16 -6.80377e-16 8.39301e-17 16 -6.70407e-16 1.94051e-17 16 -6.66101e-16 -8.46823e-18
16 -6.66101e-16 -8.46823e-18 16 -6.35269e-16 8.52141e-19 16 -6.08356e-16 -1.57254e-16 16
-5.64175e-16 -3.02859e-16 16 -5.45091e-16 -3.65756e-16 16 -5.45091e-16 -3.65756e-16 16 -5.27823e-16
-3.53254e-16 16 -4.81962e-16 -5.35495e-16 16 -4.10157e-16 -6.62178e-16 16 -3.79139e-16 -7.16902e-16
16 -3.79139e-16 -7.16902e-16 16 -3.53194e-16 -6.61344e-16 16 -3.24299e-16 -7.83913e-16 16
-3.03601e-16 -8.44231e-16 16 -2.94661e-16 -8.70288e-16 16 -2.94661e-16 -8.70288e-16 16 -3.02859e-16
-8.08038e-16 16 -3.22075e-16 -8.7386e-16 16 -3.10658e-16 -8.75951e-16 16 -3.05727e-16 -8.76854e-16
16 -3.05727e-16 -8.76854e-16 16 -2.75095e-16 -8.13123e-16 16 -3.17145e-16 -8.71896e-16 16
-3.34787e-16 -8.59901e-16 16 -3.42407e-16 -8.54719e-16 16 -3.42407e-16 -8.54719e-16 16 -3.17998e-16
-7.83951e-16 16 -3.85829e-16 -8.29417e-16 16 -4.13014e-16 -8.10657e-16 16 -4.24758e-16 -8.02554e-16
16 -4.24758e-16 -8.02554e-16 16 -3.84112e-16 -7.38329e-16 16 -3.93616e-16 -7.02991e-16 16
-3.67589e-16 -6.20841e-16 16 -3.56346e-16 -5.85354e-16 16 -3.56346e-16 -5.85354e-16 16 -3.20815e-16
-5.38542e-16 16 -4.37677e-16 -5.52485e-16 16 -4.89723e-16 -5.35628e-16 16 -5.12206e-16 -5.28346e-16
16 -5.12206e-16 -5.28346e-16 16 -4.47391e-16 -4.97547e-16 16 -5.84697e-16 -6.30214e-16 16
-6.30848e-16 -6.87122e-16 16 -6.50783e-16 -7.11704e-16 16 -6.50783e-16 -7.11704e-16 16 -5.59628e-16
-6.35945e-16 16 -5.81291e-16 -7.20316e-16 16 -5.3769e-16 -7.38325e-16 16 -5.18855e-16 -7.46105e-16
16 -5.18855e-16 -7.46105e-16 16 -4.53591e-16 -6.79743e-16 16 -4.24545e-16 -6.9728e-16 16
-3.30038e-16 -6.49191e-16 16 -2.89213e-16 -6.28418e-16 16 -2.89213e-16 -6.28418e-16 16 -2.23752e-16
-5.62793e-16 16 -1.61221e-16 -5.26455e-16 16 -6.17042e-17 -4.39916e-16 16 -1.87154e-17 -4.02533e-16
16 -1.87154e-17 -4.02533e-16 16 1.82698e-17 -3.52333e-16 16 9.32061e-17 -3.49766e-16 16
1.9757e-16 -2.98844e-16 16 2.42652e-16 -2.76847e-16 16 2.42652e-16 -2.76847e-16 16 2.72079e-16
-2.28493e-16 16 3.64218e-16 -2.35802e-16 16 4.18613e-16 -2.01504e-16 16 4.42111e-16 -1.86688e-16
16 4.42111e-16 -1.86688e-16 16 4.04366e-16 -1.4508e-16 16 4.20246e-16 -1.50785e-16 16
4.07961e-16 -1.29623e-16 16 4.86944e-16 -1.58039e-16 16 6.35335e-16 -2.2416e-16 16 7.34706e-16
-2.53774e-16 16 0 0 16 -7.58354e-18 2.07864e-17 16 -3.5118e-17 3.59672e-17
16 -4.39206e-17 5.12177e-17 16 -2.37523e-17 9.4793e-17 16 -2.41643e-17 1.62053e-16 16
-8.82862e-17 1.30666e-16 16 -9.91864e-17 8.57481e-17 16 -2.03595e-17 5.06657e-17 16 1.37175e-16
2.44481e-17 16 3.22665e-16 -2.34801e-17 16 4.31534e-16 -2.53701e-16 16 5.36508e-16 -3.96444e-16
16 6.25075e-16 -4.59261e-16 16 6.82301e-16 -4.80797e-16 16 7.23398e-16 -4.57213e-16 16
1.15331e-15 -5.77409e-16 16 1.40105e-15 -6.36642e-16 16 1.44035e-15 -6.43092e-16 16 1.23669e-15
-6.18724e-16 16 8.26533e-16 -5.56536e-16 16 1.11388e-15 -3.99266e-16 16 1.23859e-15 -3.28051e-16
16 1.22356e-15 -3.31038e-16 16 1.06845e-15 -4.03833e-16 16 7.47501e-16 -5.59262e-16 16
8.40618e-16 -5.67426e-16 16 8.50599e-16 -5.69142e-16 16 7.83137e-16 -5.7556e-16 16 6.65028e-16
-5.57656e-16 16 4.93634e-16 -4.98115e-16 16 4.50701e-16 -3.64959e-16 16 4.20565e-16 -2.80544e-16
16 3.68429e-16 -2.58977e-16 16 3.05658e-16 -2.76865e-16 16 2.78932e-16 -3.11979e-16 16
3.78594e-16 -1.74779e-16 16 4.473e-16 -1.05765e-16 16 4.56898e-16 -1.11902e-16 16 3.94254e-16
-1.82815e-16 16 2.96156e-16 -3.06413e-16 16 4.19543e-16 -1.29836e-16 16 4.71011e-16 -6.77888e-17
16 4.70075e-16 -1.0672e-16 16 4.04688e-16 -2.33273e-16 16 2.49935e-16 -4.60871e-16 16
3.3012e-16 -3.71862e-16 16 3.24649e-16 -3.29346e-16 16 2.666e-16 -3.39055e-16 16 1.7968e-16
-4.14418e-16 16 2.48613e-17 -5.47851e-16 16 1.77589e-16 -3.81407e-16 16 2.58113e-16 -2.50161e-16
16 2.26392e-16 -1.57342e-16 16 7.36914e-17 -1.35459e-16 16 -1.45926e-16 -1.82367e-16 16
1.51882e-16 3.40947e-16 16 3.16563e-16 6.13787e-16 16 3.32967e-16 6.51836e-16 16 2.01681e-16
4.36096e-16 16 -5.35089e-17 -4.89564e-17 16 4.03057e-16 -2.36547e-17 16 6.04903e-16 -3.62535e-17
16 6.3031e-16 -1.075e-16 16 5.26038e-16 -2.48099e-16 16 2.00293e-16 -4.30612e-16 16
3.90884e-16 -4.37366e-16 16 5.81475e-16 -4.4412e-16 16 7.72066e-16 -4.50874e-16 16 8.22145e-16
-4.61982e-16 16 8.26728e-16 -4.745e-16 16 8.65347e-16 -4.83027e-16 16 9.40976e-16 -4.84348e-16
16 8.54717e-16 -5.0532e-16 16 7.02947e-16 -5.34244e-16 16 5.51178e-16 -5.63169e-16 16
8.03357e-16 -4.72647e-16 16 9.69354e-16 -4.51546e-16 16 1.09249e-15 -4.46248e-16 16 1.15794e-15
-4.62604e-16 16 1.10946e-15 -5.70045e-16 16 1.45182e-15 -5.04941e-16 16 1.65263e-15 -4.95408e-16
16 1.72677e-15 -5.09294e-16 16 1.65987e-15 -5.31909e-16 16 1.43491e-15 -6.02764e-16 16
1.53044e-15 -4.06491e-16 16 1.53674e-15 -3.04828e-16 16 1.46787e-15 -2.96306e-16 16 1.33044e-15
-3.55335e-16 16 1.10897e-15 -4.78768e-16 16 8.9536e-16 -2.10371e-16 16 7.50974e-16 -3.54321e-17
16 6.75793e-16 4.58669e-17 16 6.6772e-16 3.6823e-17 16 7.24651e-16 -5.9396e-17 16
6.81409e-16 4.78106e-16 16 6.60668e-16 7.90328e-16 16 6.06113e-16 8.93523e-16 16 4.9267e-16
7.85546e-16 16 3.91687e-16 4.51022e-16 16 2.50025e-16 1.02381e-15 16 1.92216e-16 1.32909e-15
16 1.61365e-16 1.38843e-15 16 1.51889e-16 1.21491e-15 16 2.36049e-16 7.88804e-16 16
1.6581e-16 1.14209e-15 16 1.27984e-16 1.31503e-15 16 1.05694e-16 1.33133e-15 16 1.0319e-16
1.21339e-15 16 1.42263e-16 9.37051e-16 16 -4.00505e-16 1.14572e-15 16 -7.09018e-16 1.23371e-15
16 -7.80787e-16 1.21057e-15 16 -5.96277e-16 1.08101e-15 16 -1.63454e-16 8.36231e-16 16
-6.58514e-16 8.92309e-16 16 -9.6985e-16 8.99814e-16 16 -1.04542e-15 8.56107e-16 16 -8.41964e-16
7.45853e-16 16 -4.29206e-16 5.72428e-16 16 -1.0219e-15 4.74698e-16 16 -1.35294e-15 4.12586e-16
16 -1.41642e-15 3.74952e-16 16 -1.19249e-15 3.50265e-16 16 -6.94398e-16 3.51141e-16 16
-1.31514e-15 3.70994e-16 16 -1.60615e-15 3.46736e-16 16 -1.62698e-15 2.76278e-16 16 -1.38373e-15
1.71478e-16 16 -8.07548e-16 3.74573e-17 16 -1.47479e-15 4.82578e-17 16 -1.77011e-15 -2.27075e-17
16 -1.73124e-15 -1.80546e-16 16 -1.32943e-15 -4.10925e-16 16 -5.22522e-16 -7.03447e-16 16
-8.01382e-16 -9.89906e-16 16 -8.96919e-16 -1.19284e-15 16 -7.99597e-16 -1.33502e-15 16 -4.90084e-16
-1.42167e-15 16 1.57452e-17 -1.42556e-15 16 -1.58823e-16 -1.59638e-15 16 -2.3131e-16 -1.70943e-15
16 -2.06507e-16 -1.77148e-15 16 -1.0262e-16 -1.79098e-15 16 8.20909e-17 -1.76142e-15 16
-3.72522e-16 -2.06038e-15 16 -5.83502e-16 -2.20414e-15 16 -6.24735e-16 -2.19214e-15 16 -5.30337e-16
-2.02004e-15 16 -2.12795e-16 -1.69252e-15 16 -4.11184e-16 -1.7545e-15 16 -5.1508e-16 -1.7778e-15
16 -5.74823e-16 -1.74947e-15 16 -6.22562e-16 -1.66986e-15 16 -5.9753e-16 -1.5572e-15 16
-8.03643e-16 -1.68413e-15 16 -9.16215e-16 -1.73489e-15 16 -9.47481e-16 -1.72175e-15 16 -9.1473e-16
-1.67044e-15 16 -8.06071e-16 -1.56936e-15 16 -8.05679e-16 -1.39899e-15 16 -7.91885e-16 -1.27474e-15
16 -7.89665e-16 -1.21905e-15 16 -8.10995e-16 -1.2502e-15 16 -8.24412e-16 -1.33901e-15 16
-8.04341e-16 -9.5109e-16 16 -8.21972e-16 -7.57154e-16 16 -8.67422e-16 -7.75917e-16 16 -9.08085e-16
-1.00933e-15 16 -9.52842e-16 -1.42744e-15 16 -8.52528e-16 -1.39367e-15 16 -8.28783e-16 -1.4073e-15
16 -8.60071e-16 -1.45814e-15 16 -9.30724e-16 -1.53342e-15 16 -1.06555e-15 -1.64409e-15 16
-1.16768e-15 -1.53688e-15 16 -1.19363e-15 -1.49513e-15 16 -1.18751e-15 -1.47684e-15 16 -1.19431e-15
-1.44285e-15 16 -1.16216e-15 -1.44304e-15 16 -1.34512e-15 -1.2716e-15 16 -1.38302e-15 -1.16465e-15
16 -1.32077e-15 -1.08968e-15 16 -1.19673e-15 -1.01617e-15 16 -9.59348e-16 -9.82312e-16 16
-1.13953e-15 -6.25915e-16 16 -1.17349e-15 -4.10596e-16 16 -1.08647e-15 -3.09495e-16 16 -8.94001e-16
-3.34631e-16 16 -5.68328e-16 -5.18681e-16 16 -8.16344e-16 -2.78271e-16 16 -8.80142e-16 -1.36923e-16
16 -7.80267e-16 -6.51031e-17 16 -5.41209e-16 -9.21201e-17 16 -1.43325e-16 -2.57006e-16 16
-1.42777e-16 1.39776e-17 16 -1.14078e-16 1.61226e-16 16 -5.76098e-17 2.1716e-16 16 1.11753e-17
1.65649e-16 16 9.05164e-17 -3.42025e-17 16 -8.10278e-17 1.22686e-16 16 -1.69314e-16 2.08619e-16
16 -1.82537e-16 2.3072e-16 16 -1.1435e-16 1.8558e-16 16 4.43485e-17 6.545e-17 16
0 0 16 -1.65659e-16 1.64313e-17 16 -1.90384e-16 2.18706e-17 16 -1.90384e-16
2.18706e-17 16 -1.90384e-16 2.18706e-17 16 -7.81813e-17 2.62837e-17 16 -1.14035e-16 -8.91072e-18
16 -9.36684e-17 -3.9864e-17 16 -9.36684e-17 -3.9864e-17 16 -9.36684e-17 -3.9864e-17 16
-2.96491e-17 -8.65645e-17 16 -8.10507e-17 -1.33985e-16 16 -2.62361e-17 -1.67975e-16 16 -2.62361e-17
-1.67975e-16 16 -2.62361e-17 -1.67975e-16 16 6.51702e-17 -2.0006e-16 16 1.51505e-16 -1.5619e-16
16 1.95527e-16 -1.58126e-16 16 1.95527e-16 -1.58126e-16 16 1.95527e-16 -1.58126e-16 16
1.58761e-16 -2.30492e-16 16 2.97552e-16 -2.089e-16 16 2.84705e-16 -2.12866e-16 16 2.84705e-16
-2.12866e-16 16 2.84705e-16 -2.12866e-16 16 1.6515e-16 -2.48235e-16 16 2.01813e-16 -2.09517e-16
16 1.66191e-16 -2.07263e-16 16 1.66191e-16 -2.07263e-16 16 1.66191e-16 -2.07263e-16 16
1.17377e-16 -2.26132e-16 16 1.36887e-16 -2.29005e-16 16 1.26912e-16 -2.07428e-16 16 1.26912e-16
-2.07428e-16 16 1.26912e-16 -2.07428e-16 16 1.03221e-16 -1.44049e-16 16 1.22286e-16 -9.94681e-17
16 1.44147e-16 -9.58094e-17 16 1.44147e-16 -9.58094e-17 16 1.44147e-16 -9.58094e-17 16
1.66469e-16 -1.44201e-16 16 3.3899e-16 -2.12842e-16 16 3.31325e-16 -2.35813e-16 16 3.31325e-16
-2.35813e-16 16 3.31325e-16 -2.35813e-16 16 1.33464e-16 -2.24093e-16 16 1.35205e-16 -2.80564e-16
16 8.99881e-17 -2.80523e-16 16 8.99881e-17 -2.80523e-16 16 8.99881e-17 -2.80523e-16 16
-6.80453e-18 -1.95173e-16 16 -2.30276e-17 -1.34259e-16 16 -1.51303e-17 -8.06893e-17 16 -1.51303e-17
-8.06893e-17 16 -1.51303e-17 -8.06893e-17 16 1.84042e-17 -2.92769e-17 16 1.58362e-16 6.8009e-17
16 1.81688e-16 9.18973e-17 16 1.81688e-16 9.18973e-17 16 1.81688e-16 9.18973e-17 16
7.46851e-17 4.91984e-17 16 7.45102e-17 7.43715e-17 16 5.79332e-17 4.88634e-17 16 5.79332e-17
4.88634e-17 16 5.79332e-17 4.88634e-17 16 1.12336e-17 -2.00603e-18 16 -3.30489e-17 9.31781e-17
16 -2.76082e-17 7.83176e-17 16 -2.76082e-17 7.83176e-17 16 -2.76082e-17 7.83176e-17 16
-8.3023e-18 -5.34772e-17 16 6.80001e-17 -2.77465e-17 16 1.32959e-16 -5.91889e-17 16 1.32959e-16
-5.91889e-17 16 1.32959e-16 -5.91889e-17 16 1.32959e-16 -5.91889e-17 16 1.32959e-16 -5.91889e-17
16 1.32959e-16 -5.91889e-17 16 1.20913e-16 -7.08391e-17 16 9.45435e-17 -9.63419e-17 16
6.81741e-17 -1.21845e-16 16 1.98479e-16 -1.99234e-16 16 2.37185e-16 -2.215e-16 16 2.37185e-16
-2.215e-16 16 2.37185e-16 -2.215e-16 16 1.53593e-16 -1.78712e-16 16 2.53645e-16 -2.7103e-16
16 2.13021e-16 -2.6276e-16 16 2.13021e-16 -2.6276e-16 16 2.13021e-16 -2.6276e-16 16
1.04776e-16 -1.57157e-16 16 3.96163e-17 -1.95898e-16 16 -4.26708e-18 -1.47456e-16 16 -4.26708e-18
-1.47456e-16 16 -4.26708e-18 -1.47456e-16 16 4.12555e-17 -3.11675e-17 16 7.06396e-17 -3.84035e-17
16 7.05309e-17 1.91984e-17 16 7.05309e-17 1.91984e-17 16 7.05309e-17 1.91984e-17 16
6.72996e-17 1.2164e-16 16 1.36078e-16 1.40338e-16 16 1.46203e-16 1.7336e-16 16 1.46203e-16
1.7336e-16 16 1.46203e-16 1.7336e-16 16 1.49689e-16 2.21162e-16 16 2.43988e-16 2.01022e-16
16 2.39536e-16 2.05511e-16 16 2.39536e-16 2.05511e-16 16 2.39536e-16 2.05511e-16 16
2.01195e-16 2.36896e-16 16 2.08288e-16 1.35795e-16 16 1.57119e-16 1.23808e-16 16 1.57119e-16
1.23808e-16 16 1.57119e-16 1.23808e-16 16 9.87692e-17 2.15713e-16 16 -1.19302e-16 1.74768e-16
16 -1.96928e-16 1.5486e-16 16 -1.96928e-16 1.5486e-16 16 -1.96928e-16 1.5486e-16 16
-1.15061e-16 1.83202e-16 16 -5.38731e-16 1.345e-16 16 -5.88566e-16 1.18502e-16 16 -5.88566e-16
1.18502e-16 16 -5.88566e-16 1.18502e-16 16 -2.73458e-16 1.31589e-16 16 -4.96247e-16 6.5118e-17
16 -4.90859e-16 3.02438e-17 16 -4.90859e-16 3.02438e-17 16 -4.90859e-16 3.02438e-17 16
-3.03843e-16 1.68398e-17 16 -4.36222e-16 -2.21483e-16 16 -4.12344e-16 -3.00179e-16 16 -4.12344e-16
-3.00179e-16 16 -4.12344e-16 -3.00179e-16 16 -3.06027e-16 -1.63958e-16 16 -5.52471e-16 -3.9654e-16
16 -5.13662e-16 -4.65009e-16 16 -5.13662e-16 -4.65009e-16 16 -5.13662e-16 -4.65009e-16 16
-2.69223e-16 -3.23419e-16 16 -4.84002e-16 -5.58831e-16 16 -4.72815e-16 -5.91432e-16 16 -4.72815e-16
-5.91432e-16 16 -4.72815e-16 -5.91432e-16 16 -2.36911e-16 -4.29977e-16 16 -4.14604e-16 -5.90409e-16
16 -4.08434e-16 -5.91539e-16 16 -4.08434e-16 -5.91539e-16 16 -4.08434e-16 -5.91539e-16 16
-1.97241e-16 -4.38855e-16 16 -3.50251e-16 -5.47711e-16 16 -3.59786e-16 -5.41228e-16 16 -3.59786e-16
-5.41228e-16 16 -3.59786e-16 -5.41228e-16 16 -2.37301e-16 -4.35442e-16 16 -4.25838e-16 -5.64847e-16
16 -4.40531e-16 -5.54708e-16 16 -4.40531e-16 -5.54708e-16 16 -4.40531e-16 -5.54708e-16 16
-2.92767e-16 -4.46746e-16 16 -2.74849e-16 -5.29587e-16 16 -2.60782e-16 -4.85187e-16 16 -2.60782e-16
-4.85187e-16 16 -2.60782e-16 -4.85187e-16 16 -2.40144e-16 -3.5551e-16 16 -2.02467e-16 -3.97745e-16
16 -2.30597e-16 -3.88635e-16 16 -2.30597e-16 -3.88635e-16 16 -2.30597e-16 -3.88635e-16 16
-2.80435e-16 -3.1083e-16 16 -5.07014e-16 -3.70708e-16 16 -5.31957e-16 -4.01465e-16 16 -5.31957e-16
-4.01465e-16 16 -5.31957e-16 -4.01465e-16 16 -3.45042e-16 -3.83118e-16 16 -4.01122e-16 -5.05076e-16
16 -3.77557e-16 -5.14809e-16 16 -3.77557e-16 -5.14809e-16 16 -3.77557e-16 -5.14809e-16 16
-2.80725e-16 -4.39134e-16 16 -1.19988e-16 -5.98967e-16 16 -6.89093e-17 -5.72977e-16 16 -6.89093e-17
-5.72977e-16 16 -6.89093e-17 -5.72977e-16 16 -1.38564e-16 -3.88263e-16 16 1.67843e-16 -5.23442e-16
16 2.21629e-16 -4.7667e-16 16 2.21629e-16 -4.7667e-16 16 2.21629e-16 -4.7667e-16 16
-3.93333e-18 -2.71619e-16 16 3.87961e-16 -3.91954e-16 16 4.44366e-16 -3.64432e-16 16 4.44366e-16
-3.64432e-16 16 4.44366e-16 -3.64432e-16 16 1.11198e-16 -2.162e-16 16 5.77442e-16 -3.0141e-16
16 6.06841e-16 -2.82873e-16 16 6.06841e-16 -2.82873e-16 16 6.06841e-16 -2.82873e-16 16
1.57731e-16 -1.73082e-16 16 5.75872e-16 -1.9424e-16 16 6.37422e-16 -2.13186e-16 16 7.85813e-16
-2.79307e-16 16 9.34205e-16 -3.45427e-16 16 6.53223e-16 -3.62204e-16 16 0 0
16 -6.35731e-17 3.15439e-17 16 -1.24749e-16 6.31822e-17 16 -1.75235e-16 7.98731e-17 16
-2.20982e-16 8.9937e-17 16 -2.63843e-16 9.99877e-17 16 -2.46573e-16 -5.56395e-18 16 -2.27935e-16
-1.12113e-16 16 -1.96103e-16 -1.84521e-16 16 -1.58421e-16 -2.41792e-16 16 -1.19773e-16 -2.99449e-16
16 -1.43211e-16 -3.94904e-16 16 -1.64696e-16 -4.91044e-16 16 -1.0103e-16 -5.64148e-16 16
3.89394e-19 -6.27038e-16 16 1.02679e-16 -6.89942e-16 16 1.21113e-16 -7.41836e-16 16 1.38761e-16
-7.95276e-16 16 2.00614e-16 -8.14174e-16 16 2.82064e-16 -8.17756e-16 16 3.6186e-16 -8.22846e-16
16 4.26706e-16 -8.42314e-16 16 4.88998e-16 -8.62538e-16 16 4.91665e-16 -8.73834e-16 16
4.67896e-16 -8.81172e-16 16 4.41827e-16 -8.89187e-16 16 4.84541e-16 -8.53237e-16 16 5.26211e-16
-8.17691e-16 16 4.93349e-16 -8.03883e-16 16 4.2744e-16 -7.99712e-16 16 3.61192e-16 -7.95989e-16
16 3.71808e-16 -7.16229e-16 16 3.81918e-16 -6.35116e-16 16 3.72237e-16 -5.8254e-16 16
3.53782e-16 -5.42617e-16 16 3.35018e-16 -5.01766e-16 16 3.76868e-16 -5.15137e-16 16 4.19196e-16
-5.29541e-16 16 4.60221e-16 -5.29276e-16 16 5.00668e-16 -5.22507e-16 16 5.41161e-16 -5.16843e-16
16 5.0888e-16 -5.88452e-16 16 4.72371e-16 -6.59811e-16 16 4.5133e-16 -7.11177e-16 16
4.37147e-16 -7.53678e-16 16 4.18889e-16 -7.95475e-16 16 3.145e-16 -7.39579e-16 16 2.08043e-16
-6.8186e-16 16 1.17379e-16 -6.64078e-16 16 3.37184e-17 -6.64003e-16 16 -5.11173e-17 -6.62106e-16
16 -3.18192e-17 -5.37652e-16 16 -1.18046e-17 -4.12099e-16 16 4.46678e-18 -3.04862e-16 16
1.90785e-17 -2.05745e-16 16 3.42506e-17 -1.06589e-16 16 5.92763e-17 -4.06885e-17 16 8.20161e-17
2.42994e-17 16 1.18902e-16 7.48841e-17 16 1.6206e-16 1.19083e-16 16 2.02471e-16 1.61897e-16
16 1.40371e-16 1.58814e-16 16 7.72736e-17 1.54643e-16 16 3.66418e-17 1.20664e-16 16
5.97065e-18 7.34679e-17 16 -2.53707e-17 2.56893e-17 16 -8.58458e-17 -1.72325e-17 16 -1.45908e-16
-6.29698e-17 16 -1.57384e-16 -9.60686e-17 16 -1.47317e-16 -1.23564e-16 16 -1.36946e-16 -1.53581e-16
16 -1.52798e-16 -1.81396e-16 16 -1.70035e-16 -2.10549e-16 16 -1.87271e-16 -2.39703e-16 16
-1.94813e-16 -2.68313e-16 16 -1.42622e-16 -2.93575e-16 16 -1.07487e-16 -3.10582e-16 16 -7.23516e-17
-3.27589e-16 16 -3.72165e-17 -3.44595e-16 16 -2.08138e-18 -3.61602e-16 16 3.07375e-17 -3.79496e-16
16 5.43053e-17 -4.0841e-16 16 7.60872e-17 -4.36409e-16 16 1.32394e-16 -4.73552e-16 16
2.04008e-16 -5.14747e-16 16 2.73072e-16 -5.54589e-16 16 3.34244e-16 -5.45577e-16 16 3.93103e-16
-5.34308e-16 16 3.59109e-16 -5.20246e-16 16 2.83945e-16 -5.04946e-16 16 2.07271e-16 -4.87553e-16
16 2.48294e-16 -4.24584e-16 16 2.9029e-16 -3.5913e-16 16 2.46937e-16 -2.76928e-16 16
1.65742e-16 -1.87301e-16 16 8.63875e-17 -9.6146e-17 16 1.38996e-16 -1.45145e-17 16 1.91535e-16
6.93055e-17 16 2.07534e-16 1.68892e-16 16 2.07333e-16 2.75468e-16 16 2.07065e-16 3.83096e-16
16 3.3285e-16 4.53983e-16 16 4.5871e-16 5.25892e-16 16 5.10351e-16 5.90311e-16 16
5.29085e-16 6.5141e-16 16 5.47694e-16 7.12878e-16 16 6.68742e-16 7.26395e-16 16 7.88972e-16
7.40583e-16 16 8.20197e-16 7.50695e-16 16 8.1196e-16 7.59e-16 16 8.02993e-16 7.67887e-16
16 7.96453e-16 7.69726e-16 16 7.88666e-16 7.73529e-16 16 7.20682e-16 7.59331e-16 16
6.26008e-16 7.37152e-16 16 5.31098e-16 7.17174e-16 16 4.00577e-16 7.28228e-16 16 2.71806e-16
7.39888e-16 16 1.32742e-16 7.17949e-16 16 -1.08843e-17 6.81114e-16 16 -1.51228e-16 6.45278e-16
16 -2.829e-16 6.03359e-16 16 -4.07839e-16 5.61719e-16 16 -5.101e-16 5.28422e-16 16
-6.02305e-16 4.98823e-16 16 -6.86795e-16 4.6982e-16 16 -7.72362e-16 3.74862e-16 16 -8.53933e-16
2.79617e-16 16 -8.72083e-16 2.05656e-16 16 -8.62114e-16 1.41131e-16 16 -8.48256e-16 7.70084e-17
16 -9.46918e-16 1.55518e-17 16 -1.04331e-15 -4.29946e-17 16 -1.04231e-15 -1.61857e-16 16
-9.98128e-16 -3.07461e-16 16 -9.52148e-16 -4.48601e-16 16 -1.03327e-15 -5.06883e-16 16 -1.10918e-15
-5.62141e-16 16 -1.08275e-15 -6.66884e-16 16 -1.01094e-15 -7.93567e-16 16 -9.34681e-16 -9.15872e-16
16 -9.18166e-16 -1.00693e-15 16 -8.96611e-16 -1.09455e-15 16 -8.7565e-16 -1.16325e-15 16
-8.54952e-16 -1.22357e-15 16 -8.29436e-16 -1.27979e-15 16 -7.78339e-16 -1.29647e-15 16 -7.22731e-16
-1.30988e-15 16 -6.97739e-16 -1.31545e-15 16 -6.86323e-16 -1.31754e-15 16 -6.70517e-16 -1.31635e-15
16 -7.16558e-16 -1.33676e-15 16 -7.59983e-16 -1.35492e-15 16 -7.85545e-16 -1.35218e-15 16
-8.03186e-16 -1.34019e-15 16 -8.18023e-16 -1.32606e-15 16 -8.75556e-16 -1.39006e-15 16 -9.29932e-16
-1.45175e-15 16 -9.6547e-16 -1.45771e-15 16 -9.92655e-16 -1.43895e-15 16 -1.01639e-15 -1.41808e-15
16 -9.65735e-16 -1.40937e-15 16 -9.14635e-16 -1.39789e-15 16 -8.80907e-16 -1.33745e-15 16
-8.5488e-16 -1.2553e-15 16 -8.2869e-16 -1.17126e-15 16 -7.99853e-16 -1.11862e-15 16 -7.7208e-16
-1.06431e-15 16 -7.99608e-16 -1.03595e-15 16 -8.51654e-16 -1.0191e-15 16 -9.0421e-16 -1.00076e-15
16 -9.41372e-16 -1.02728e-15 16 -9.7454e-16 -1.05342e-15 16 -1.0167e-15 -1.10087e-15 16
-1.06285e-15 -1.15778e-15 16 -1.10452e-15 -1.21369e-15 16 -1.06869e-15 -1.2899e-15 16 -1.03079e-15
-1.36449e-15 16 -9.88939e-16 -1.39988e-15 16 -9.45338e-16 -1.41789e-15 16 -9.00134e-16 -1.43409e-15
16 -8.10992e-16 -1.43639e-15 16 -7.23338e-16 -1.43474e-15 16 -6.30935e-16 -1.40092e-15 16
-5.36428e-16 -1.35283e-15 16 -4.44418e-16 -1.30131e-15 16 -3.7745e-16 -1.25251e-15 16 -3.15302e-16
-1.19932e-15 16 -2.27264e-16 -1.12303e-15 16 -1.27747e-16 -1.03649e-15 16 -3.41119e-17 -9.46496e-16
16 -1.39631e-17 -9.44818e-16 16 -9.31954e-19 -9.39972e-16 16 7.53765e-17 -9.03204e-16 16
1.7974e-16 -8.52283e-16 16 2.75872e-16 -7.98738e-16 16 2.65295e-16 -7.86233e-16 16 2.45123e-16
-7.71381e-16 16 2.76613e-16 -7.43057e-16 16 3.31007e-16 -7.08759e-16 16 3.75227e-16 -6.72481e-16
16 3.74221e-16 -6.38317e-16 16 3.64043e-16 -6.03098e-16 16 3.52404e-16 -5.77618e-16 16
3.40119e-16 -5.56456e-16 16 3.20376e-16 -5.35171e-16 16 0 0 16 -2.26278e-16
1.96502e-17 16 -2.72025e-16 2.97141e-17 16 -3.17771e-16 3.9778e-17 16 -3.63517e-16 4.98419e-17
16 -2.02834e-16 5.82988e-17 16 -2.75862e-16 3.42644e-17 16 -2.38179e-16 -2.30062e-17 16
-2.00497e-16 -8.02768e-17 16 -1.62814e-16 -1.37547e-16 16 -5.96439e-17 -2.18173e-16 16 -1.883e-16
-2.57773e-16 16 -8.68809e-17 -3.20663e-16 16 1.45386e-17 -3.83553e-16 16 1.15958e-16 -4.46443e-16
16 2.71842e-16 -5.06076e-16 16 3.60645e-16 -4.38217e-16 16 4.42096e-16 -4.41799e-16 16
5.23547e-16 -4.45382e-16 16 6.04998e-16 -4.48964e-16 16 5.64319e-16 -5.58559e-16 16 7.85287e-16
-5.22342e-16 16 7.61518e-16 -5.2968e-16 16 7.3775e-16 -5.37017e-16 16 7.13981e-16 -5.44355e-16
16 5.29706e-16 -5.98925e-16 16 6.18222e-16 -5.42743e-16 16 5.52313e-16 -5.38572e-16 16
4.86405e-16 -5.34402e-16 16 4.20496e-16 -5.30231e-16 16 3.35131e-16 -5.57888e-16 16 3.73834e-16
-5.82396e-16 16 3.55379e-16 -5.42473e-16 16 3.36924e-16 -5.0255e-16 16 3.18469e-16 -4.62627e-16
16 2.79476e-16 -3.60016e-16 16 2.87732e-16 -2.96321e-16 16 3.2818e-16 -2.89552e-16 16
3.68628e-16 -2.82782e-16 16 4.09076e-16 -2.76013e-16 16 4.49967e-16 -3.47648e-16 16 7.16872e-16
-4.29503e-16 16 7.02689e-16 -4.72005e-16 16 6.88506e-16 -5.14506e-16 16 6.74324e-16 -5.57007e-16
16 3.73885e-16 -5.47019e-16 16 4.18798e-16 -6.32075e-16 16 3.35137e-16 -6.32e-16 16
2.51476e-16 -6.31925e-16 16 1.67815e-16 -6.3185e-16 16 7.02076e-18 -5.0334e-16 16 -2.479e-17
-4.61738e-16 16 -1.01783e-17 -3.62622e-16 16 4.43341e-18 -2.63506e-16 16 1.90451e-17 -1.64389e-16
16 7.21643e-17 -6.9132e-17 16 2.61057e-16 5.49907e-17 16 3.04215e-16 9.91894e-17 16
3.47373e-16 1.43388e-16 16 3.9053e-16 1.87587e-16 16 2.3721e-16 1.31264e-16 16 2.52451e-16
1.93022e-16 16 2.2178e-16 1.45826e-16 16 1.91109e-16 9.86303e-17 16 1.60438e-16 5.14346e-17
16 8.46056e-17 -3.36523e-17 16 1.28483e-17 1.23549e-16 16 2.29148e-17 9.6054e-17 16
3.29813e-17 6.85588e-17 16 4.30479e-17 4.10636e-17 16 7.39268e-17 -1.6231e-16 16 1.44263e-16
-1.08859e-16 16 2.05928e-16 -1.31861e-16 16 2.66857e-16 -1.61353e-16 16 3.27786e-16 -1.90845e-16
16 3.88715e-16 -2.20337e-16 16 4.15113e-16 -2.33114e-16 16 4.4151e-16 -2.45891e-16 16
4.29952e-16 -2.68092e-16 16 3.90762e-16 -3.05995e-16 16 3.51571e-16 -3.43898e-16 16 5.11546e-16
-4.39584e-16 16 5.8316e-16 -4.8078e-16 16 6.54774e-16 -5.21976e-16 16 7.26388e-16 -5.63171e-16
16 6.13438e-16 -5.06174e-16 16 8.02067e-16 -6.52896e-16 16 7.26904e-16 -6.37595e-16 16
6.5174e-16 -6.22295e-16 16 5.76576e-16 -6.06995e-16 16 4.0007e-16 -4.4525e-16 16 3.43017e-16
-5.48885e-16 16 2.61822e-16 -4.59257e-16 16 1.80628e-16 -3.6963e-16 16 9.94341e-17 -2.80002e-16
16 1.53343e-16 -8.87811e-17 16 1.97683e-16 -1.53552e-16 16 1.97482e-16 -4.69756e-17 16
1.97281e-16 5.96009e-17 16 1.9708e-16 1.66177e-16 16 1.92179e-16 3.39604e-16 16 2.86256e-16
3.36867e-16 16 3.0499e-16 3.97966e-16 16 3.23724e-16 4.59065e-16 16 3.42458e-16 5.20164e-16
16 3.51081e-16 6.03138e-16 16 4.97214e-16 5.68617e-16 16 4.88978e-16 5.76922e-16 16
4.80741e-16 5.85227e-16 16 4.72505e-16 5.93533e-16 16 4.13297e-16 6.4228e-16 16 4.71836e-16
5.01281e-16 16 3.77162e-16 4.79103e-16 16 2.82487e-16 4.56925e-16 16 1.87814e-16 4.34746e-16
16 8.29123e-17 5.69116e-16 16 -1.72792e-16 5.26094e-16 16 -3.16419e-16 4.89259e-16 16
-4.60045e-16 4.52424e-16 16 -6.03671e-16 4.15589e-16 16 -5.06291e-16 4.51624e-16 16 -1.09752e-15
3.93264e-16 16 -1.18973e-15 3.63665e-16 16 -1.28194e-15 3.34066e-16 16 -1.37414e-15 3.04467e-16
16 -9.16349e-16 3.18839e-16 16 -1.2568e-15 2.51383e-16 16 -1.24683e-15 1.86858e-16 16
-1.23686e-15 1.22333e-16 16 -1.22689e-15 5.78083e-17 16 -9.43543e-16 2.60048e-17 16 -1.16518e-15
-2.5919e-16 16 -1.121e-15 -4.04795e-16 16 -1.07682e-15 -5.50399e-16 16 -1.03264e-15 -6.96003e-16
16 -8.64615e-16 -5.17148e-16 16 -1.27194e-15 -8.03265e-16 16 -1.20014e-15 -9.29948e-16 16
-1.12833e-15 -1.05663e-15 16 -1.05653e-15 -1.18331e-15 16 -6.75581e-16 -9.92967e-16 16 -1.0094e-15
-1.31689e-15 16 -9.88702e-16 -1.37721e-15 16 -9.68005e-16 -1.43753e-15 16 -9.47307e-16 -1.49785e-15
16 -5.88418e-16 -1.26564e-15 16 -8.61712e-16 -1.50612e-15 16 -8.50295e-16 -1.50821e-15 16
-8.38879e-16 -1.5103e-15 16 -8.27462e-16 -1.51239e-15 16 -5.0745e-16 -1.2829e-15 16 -7.28893e-16
-1.45285e-15 16 -7.46534e-16 -1.44085e-15 16 -7.64176e-16 -1.42886e-15 16 -7.81817e-16 -1.41686e-15
16 -6.00591e-16 -1.25544e-15 16 -8.70695e-16 -1.45974e-15 16 -8.97881e-16 -1.44098e-15 16
-9.25066e-16 -1.42223e-15 16 -9.52251e-16 -1.40347e-15 16 -7.34685e-16 -1.23755e-15 16 -7.20866e-16
-1.40379e-15 16 -6.94839e-16 -1.32164e-15 16 -6.68812e-16 -1.23949e-15 16 -6.42785e-16 -1.15734e-15
16 -6.07027e-16 -9.47314e-16 16 -5.23992e-16 -1.01942e-15 16 -5.76039e-16 -1.00257e-15 16
-6.28085e-16 -9.85709e-16 16 -6.80131e-16 -9.68852e-16 16 -7.6454e-16 -8.48679e-16 16 -1.08233e-15
-9.10058e-16 16 -1.12848e-15 -9.66966e-16 16 -1.17463e-15 -1.02387e-15 16 -1.22078e-15 -1.08078e-15
16 -9.47689e-16 -1.06341e-15 16 -1.05416e-15 -1.23792e-15 16 -1.01056e-15 -1.25593e-15 16
-9.66958e-16 -1.27393e-15 16 -9.23357e-16 -1.29194e-15 16 -7.6972e-16 -1.18126e-15 16 -5.75502e-16
-1.4462e-15 16 -4.80995e-16 -1.39811e-15 16 -3.86488e-16 -1.35002e-15 16 -2.91981e-16 -1.30193e-15
16 -3.79823e-16 -1.01518e-15 16 3.11721e-17 -1.26244e-15 16 1.30689e-16 -1.17591e-15 16
2.30205e-16 -1.08937e-15 16 3.29721e-16 -1.00283e-15 16 8.05806e-18 -6.78529e-16 16 5.45306e-16
-8.85439e-16 16 6.49669e-16 -8.34517e-16 16 7.54033e-16 -7.83596e-16 16 8.58396e-16 -7.32674e-16
16 3.75603e-16 -5.00333e-16 16 1.05005e-15 -6.45958e-16 16 1.10444e-15 -6.1166e-16 16
1.15884e-15 -5.77362e-16 16 1.21323e-15 -5.43064e-16 16 5.46884e-16 -3.71592e-16 16 1.18262e-15
-4.14144e-16 16 1.17033e-15 -3.92982e-16 16 1.15805e-15 -3.7182e-16 16 1.14576e-15 -3.50657e-16
16 6.18775e-16 -3.26766e-16 16 0 0 16 -1.07671e-17 -1.84407e-17 16
-1.07671e-17 -1.84407e-17 16 -1.07671e-17 -1.84407e-17 16 -1.07671e-17 -1.84407e-17 16 -2.11173e-17
4.64565e-18 16 4.08245e-17 4.86309e-18 16 4.08245e-17 4.86309e-18 16 4.08245e-17 4.86309e-18
16 4.08245e-17 4.86309e-18 16 -3.72247e-18 -2.17914e-17 16 2.74971e-16 -2.18455e-17 16
2.74971e-16 -2.18455e-17 16 2.74971e-16 -2.18455e-17 16 2.74971e-16 -2.18455e-17 16 4.30944e-17
-5.08224e-17 16 3.23392e-16 -2.11668e-17 16 3.23392e-16 -2.11668e-17 16 3.23392e-16 -2.11668e-17
16 3.23392e-16 -2.11668e-17 16 8.06935e-17 -5.24761e-17 16 3.46303e-16 2.66781e-17 16
3.46303e-16 2.66781e-17 16 3.46303e-16 2.66781e-17 16 3.46303e-16 2.66781e-17 16 6.97215e-17
-5.58633e-17 16 2.41322e-16 -8.36543e-18 16 2.41322e-16 -8.36543e-18 16 2.41322e-16 -8.36543e-18
16 2.41322e-16 -8.36543e-18 16 3.9297e-17 -5.39381e-17 16 1.68523e-16 -5.50095e-17 16
1.68523e-16 -5.50095e-17 16 1.68523e-16 -5.50095e-17 16 1.68523e-16 -5.50095e-17 16 3.07778e-17
-3.5509e-17 16 7.14282e-17 -7.46303e-17 16 7.14282e-17 -7.46303e-17 16 7.14282e-17 -7.46303e-17
16 7.14282e-17 -7.46303e-17 16 4.94492e-17 -3.23841e-17 16 7.90707e-17 -1.08314e-16 16
7.90707e-17 -1.08314e-16 16 7.90707e-17 -1.08314e-16 16 7.90707e-17 -1.08314e-16 16 4.29021e-17
-5.20033e-17 16 5.53913e-18 -1.29164e-16 16 5.53913e-18 -1.29164e-16 16 5.53913e-18 -1.29164e-16
16 5.53913e-18 -1.29164e-16 16 4.28277e-18 -5.19688e-17 16 -1.17955e-16 -1.32768e-16 16
-1.17955e-16 -1.32768e-16 16 -1.17955e-16 -1.32768e-16 16 -1.17955e-16 -1.32768e-16 16 1.10278e-17
-6.2151e-18 16 -6.61759e-17 3.7757e-18 16 -6.61759e-17 3.7757e-18 16 -6.61759e-17 3.7757e-18
16 -6.61759e-17 3.7757e-18 16 3.09502e-17 1.41878e-17 16 -7.72904e-17 -4.00744e-17 16
-7.72904e-17 -4.00744e-17 16 -7.72904e-17 -4.00744e-17 16 -7.72904e-17 -4.00744e-17 16 1.67919e-17
-7.59858e-18 16 -1.18844e-16 -4.93198e-17 16 -1.18844e-16 -4.93198e-17 16 -1.18844e-16 -4.93198e-17
16 -1.18844e-16 -4.93198e-17 16 -1.18844e-16 -4.93198e-17 16 -1.18844e-16 -4.93198e-17 16
-1.18844e-16 -4.93198e-17 16 -8.7805e-17 -4.28968e-17 16 -3.31831e-17 -3.15938e-17 16 2.14387e-17
-2.02908e-17 16 8.30967e-17 2.94078e-18 16 8.30967e-17 2.94078e-18 16 8.30967e-17 2.94078e-18
16 8.30967e-17 2.94078e-18 16 6.175e-17 -3.98029e-17 16 3.45172e-16 -1.72094e-18 16
3.45172e-16 -1.72094e-18 16 3.45172e-16 -1.72094e-18 16 3.45172e-16 -1.72094e-18 16 9.48082e-17
-5.88195e-17 16 3.60857e-16 -7.79398e-17 16 3.60857e-16 -7.79398e-17 16 3.60857e-16 -7.79398e-17
16 3.60857e-16 -7.79398e-17 16 6.01115e-17 -5.17567e-17 16 6.05966e-17 -1.013e-16 16
6.05966e-17 -1.013e-16 16 6.05966e-17 -1.013e-16 16 6.05966e-17 -1.013e-16 16 2.26309e-17
-1.03832e-17 16 9.29131e-17 1.51762e-17 16 9.29131e-17 1.51762e-17 16 9.29131e-17 1.51762e-17
16 9.29131e-17 1.51762e-17 16 2.25381e-17 3.88143e-17 16 -4.67538e-17 2.23357e-17 16
-4.67538e-17 2.23357e-17 16 -4.67538e-17 2.23357e-17 16 -4.67538e-17 2.23357e-17 16 3.1186e-17
6.70185e-17 16 3.36444e-17 5.08834e-17 16 3.36444e-17 5.08834e-17 16 3.36444e-17 5.08834e-17
16 3.36444e-17 5.08834e-17 16 2.7384e-17 7.08523e-17 16 -2.60382e-17 8.6421e-17 16
-2.60382e-17 8.6421e-17 16 -2.60382e-17 8.6421e-17 16 -2.60382e-17 8.6421e-17 16 -1.63191e-17
6.06144e-17 16 -1.15072e-16 2.94128e-17 16 -1.15072e-16 2.94128e-17 16 -1.15072e-16 2.94128e-17
16 -1.15072e-16 2.94128e-17 16 -8.26194e-17 4.36109e-17 16 -2.0529e-16 -8.63308e-18 16
-2.0529e-16 -8.63308e-18 16 -2.0529e-16 -8.63308e-18 16 -2.0529e-16 -8.63308e-18 16 -1.25183e-16
2.99476e-17 16 -2.29082e-16 -3.26374e-17 16 -2.29082e-16 -3.26374e-17 16 -2.29082e-16 -3.26374e-17
16 -2.29082e-16 -3.26374e-17 16 -1.20581e-16 1.61746e-19 16 -1.60952e-16 -1.11047e-16 16
-1.60952e-16 -1.11047e-16 16 -1.60952e-16 -1.11047e-16 16 -1.60952e-16 -1.11047e-16 16 -1.00187e-16
-6.70516e-17 16 -1.58341e-16 -3.21044e-16 16 -1.58341e-16 -3.21044e-16 16 -1.58341e-16 -3.21044e-16
16 -1.58341e-16 -3.21044e-16 16 -6.70403e-17 -1.25531e-16 16 -2.86355e-17 -3.72438e-16 16
-2.86355e-17 -3.72438e-16 16 -2.86355e-17 -3.72438e-16 16 -2.86355e-17 -3.72438e-16 16 -5.7486e-17
-1.53375e-16 16 -1.60013e-16 -3.78615e-16 16 -1.60013e-16 -3.78615e-16 16 -1.60013e-16 -3.78615e-16
16 -1.60013e-16 -3.78615e-16 16 -5.2216e-17 -1.5434e-16 16 -1.46256e-16 -3.9784e-16 16
-1.46256e-16 -3.9784e-16 16 -1.46256e-16 -3.9784e-16 16 -1.46256e-16 -3.9784e-16 16 -6.03597e-17
-1.48803e-16 16 -2.15943e-16 -3.66156e-16 16 -2.15943e-16 -3.66156e-16 16 -2.15943e-16 -3.66156e-16
16 -2.15943e-16 -3.66156e-16 16 -7.29088e-17 -1.40143e-16 16 -1.85929e-16 -2.66957e-16 16
-1.85929e-16 -2.66957e-16 16 -1.85929e-16 -2.66957e-16 16 -1.85929e-16 -2.66957e-16 16 -6.08944e-17
-1.02221e-16 16 -3.1301e-16 -2.02826e-16 16 -3.1301e-16 -2.02826e-16 16 -3.1301e-16 -2.02826e-16
16 -3.1301e-16 -2.02826e-16 16 -8.49198e-17 -9.444e-17 16 -4.27009e-16 -3.87313e-16 16
-4.27009e-16 -3.87313e-16 16 -4.27009e-16 -3.87313e-16 16 -4.27009e-16 -3.87313e-16 16 -1.06224e-16
-1.20709e-16 16 -3.15767e-16 -3.62554e-16 16 -3.15767e-16 -3.62554e-16 16 -3.15767e-16 -3.62554e-16
16 -3.15767e-16 -3.62554e-16 16 -8.60967e-17 -1.29023e-16 16 -2.72834e-16 -3.37765e-16 16
-2.72834e-16 -3.37765e-16 16 -2.72834e-16 -3.37765e-16 16 -2.72834e-16 -3.37765e-16 16 -4.24706e-17
-1.06824e-16 16 -1.26686e-16 -2.43536e-16 16 -1.26686e-16 -2.43536e-16 16 -1.26686e-16 -2.43536e-16
16 -1.26686e-16 -2.43536e-16 16 3.46781e-18 -6.68767e-17 16 -5.1913e-17 -2.13535e-16 16
-5.1913e-17 -2.13535e-16 16 -5.1913e-17 -2.13535e-16 16 -5.1913e-17 -2.13535e-16 16 5.16437e-17
-4.33705e-17 16 2.09578e-16 -1.73959e-16 16 2.09578e-16 -1.73959e-16 16 2.09578e-16 -1.73959e-16
16 2.09578e-16 -1.73959e-16 16 7.67533e-17 -2.75378e-17 16 2.50089e-16 -1.47915e-16 16
3.96971e-16 -2.13338e-16 16 3.86374e-16 -2.0597e-16 16 3.75777e-16 -1.98602e-16 16 2.66065e-16
-9.66872e-17 16 0 0 16 -2.4548e-16 2.06699e-17 16 -2.91227e-16 3.07338e-17
16 -3.1737e-16 3.64851e-17 16 -3.1737e-16 3.64851e-17 16 -1.30479e-16 4.38359e-17 16
-2.15282e-16 2.33367e-17 16 -1.776e-16 -3.3934e-17 16 -1.56065e-16 -6.66632e-17 16 -1.56065e-16
-6.66632e-17 16 -4.94304e-17 -1.4445e-16 16 -2.02559e-16 -1.81574e-16 16 -1.01139e-16 -2.44464e-16
16 -4.31797e-17 -2.80404e-16 16 -4.31797e-17 -2.80404e-16 16 1.09072e-16 -3.33846e-16 16
1.98657e-16 -2.58388e-16 16 2.80108e-16 -2.61971e-16 16 3.26656e-16 -2.64018e-16 16 3.26656e-16
-2.64018e-16 16 2.65418e-16 -3.84556e-16 16 5.12417e-16 -3.43706e-16 16 4.88648e-16 -3.51044e-16
16 4.75065e-16 -3.55237e-16 16 4.75065e-16 -3.55237e-16 16 2.75927e-16 -4.1415e-16 16
3.80867e-16 -3.52435e-16 16 3.14959e-16 -3.48264e-16 16 2.77293e-16 -3.45881e-16 16 2.77293e-16
-3.45881e-16 16 1.95984e-16 -3.77311e-16 16 2.40766e-16 -4.08672e-16 16 2.22311e-16 -3.68749e-16
16 2.11765e-16 -3.45933e-16 16 2.11765e-16 -3.45933e-16 16 1.72302e-16 -2.40365e-16 16
1.77135e-16 -1.70615e-16 16 2.17583e-16 -1.63846e-16 16 2.40698e-16 -1.59977e-16 16 2.40698e-16
-1.59977e-16 16 2.77878e-16 -2.40581e-16 16 5.74681e-16 -3.26622e-16 16 5.60498e-16 -3.69123e-16
16 5.52392e-16 -3.93412e-16 16 5.52392e-16 -3.93412e-16 16 2.22824e-16 -3.73891e-16 16
2.81413e-16 -4.68002e-16 16 1.97752e-16 -4.67927e-16 16 1.49941e-16 -4.67884e-16 16 1.49941e-16
-4.67884e-16 16 -1.12823e-17 -3.2572e-16 16 -4.80308e-17 -2.90236e-16 16 -3.34191e-17 -1.91119e-16
16 -2.50687e-17 -1.34476e-16 16 -2.50687e-17 -1.34476e-16 16 3.07884e-17 -4.88404e-17 16
2.35182e-16 8.37835e-17 16 2.7834e-16 1.27982e-16 16 3.03004e-16 1.53241e-16 16 3.03004e-16
1.53241e-16 16 1.24774e-16 8.21192e-17 16 1.44899e-16 1.55465e-16 16 1.14228e-16 1.0827e-16
16 9.66999e-17 8.1298e-17 16 9.66999e-17 8.1298e-17 16 1.89143e-17 -3.43317e-18 16
5.67195e-18 2.58177e-17 16 -7.57034e-18 5.50685e-17 16 -2.08126e-17 8.43193e-17 16 -3.40549e-17
1.1357e-16 16 -4.72972e-17 1.42821e-16 16 -5.61438e-17 1.58658e-16 16 -4.74279e-17 1.34851e-16
16 -4.57269e-17 1.30205e-16 16 -4.57269e-17 1.30205e-16 16 -1.35698e-17 -8.932e-17 16
8.49788e-17 -3.26445e-17 16 1.72305e-16 -7.49134e-17 16 2.22211e-16 -9.90695e-17 16 2.22211e-16
-9.90695e-17 16 1.14301e-16 -2.03433e-16 16 2.83674e-16 -3.04915e-16 16 3.55288e-16 -3.46111e-16
16 3.96215e-16 -3.69654e-16 16 3.96215e-16 -3.69654e-16 16 2.56979e-16 -2.98384e-16 16
4.73666e-16 -4.62339e-16 16 3.98502e-16 -4.47038e-16 16 3.55548e-16 -4.38295e-16 16 3.55548e-16
-4.38295e-16 16 1.75247e-16 -2.62395e-16 16 1.20761e-16 -3.86586e-16 16 3.95671e-17 -2.96958e-16
16 -6.83409e-18 -2.45738e-16 16 -6.83409e-18 -2.45738e-16 16 6.89911e-17 -5.20399e-17 16
1.18069e-16 -1.35036e-16 16 1.17868e-16 -2.84598e-17 16 1.17753e-16 3.2447e-17 16 1.17753e-16
3.2447e-17 16 1.12371e-16 2.03079e-16 16 2.14461e-16 1.93553e-16 16 2.33195e-16 2.54652e-16
16 2.43902e-16 2.89569e-16 16 2.43902e-16 2.89569e-16 16 2.49708e-16 3.69191e-16 16
4.1226e-16 3.30116e-16 16 4.04024e-16 3.38421e-16 16 3.99317e-16 3.43167e-16 16 3.99317e-16
3.43167e-16 16 3.35453e-16 3.95444e-16 16 4.10288e-16 2.41807e-16 16 3.15614e-16 2.19629e-16
16 2.61509e-16 2.06954e-16 16 2.61509e-16 2.06954e-16 16 1.64319e-16 3.60037e-16 16
-1.03307e-16 3.16356e-16 16 -2.46933e-16 2.79521e-16 16 -3.29014e-16 2.58471e-16 16 -3.29014e-16
2.58471e-16 16 -1.92651e-16 3.0568e-16 16 -8.36963e-16 2.4426e-16 16 -9.29168e-16 2.14661e-16
16 -9.81862e-16 1.97746e-16 16 -9.81862e-16 1.97746e-16 16 -4.57001e-16 2.19545e-16 16
-8.34727e-16 1.51778e-16 16 -8.24758e-16 8.72529e-17 16 -8.19061e-16 5.03779e-17 16 -8.19061e-16
5.03779e-17 16 -5.07557e-16 2.80514e-17 16 -7.57464e-16 -2.71991e-16 16 -7.13283e-16 -4.17596e-16
16 -6.88035e-16 -5.00806e-16 16 -6.88035e-16 -5.00806e-16 16 -5.10948e-16 -2.73908e-16 16
-9.69237e-16 -5.76983e-16 16 -8.97432e-16 -7.03666e-16 16 -8.56397e-16 -7.76063e-16 16 -8.56397e-16
-7.76063e-16 16 -4.49244e-16 -5.40222e-16 16 -8.2077e-16 -8.92187e-16 16 -8.00073e-16 -9.52506e-16
16 -7.88244e-16 -9.86977e-16 16 -7.88244e-16 -9.86977e-16 16 -3.95307e-16 -7.18048e-16 16
-6.98883e-16 -9.83882e-16 16 -6.87467e-16 -9.85973e-16 16 -6.80943e-16 -9.87168e-16 16 -6.80943e-16
-9.87168e-16 16 -3.29168e-16 -7.32848e-16 16 -5.72287e-16 -9.22149e-16 16 -5.89929e-16 -9.10154e-16
16 -6.00011e-16 -9.03299e-16 16 -6.00011e-16 -9.03299e-16 16 -3.95993e-16 -7.27097e-16 16
-6.91935e-16 -9.55129e-16 16 -7.1912e-16 -9.3637e-16 16 -7.34656e-16 -9.25649e-16 16 -7.34656e-16
-9.25649e-16 16 -4.88531e-16 -7.45819e-16 16 -4.7601e-16 -9.38489e-16 16 -4.49983e-16 -8.56339e-16
16 -4.35109e-16 -8.09391e-16 16 -4.35109e-16 -8.09391e-16 16 -4.00735e-16 -5.93393e-16 16
-3.03332e-16 -6.74964e-16 16 -3.55378e-16 -6.58108e-16 16 -3.85122e-16 -6.48474e-16 16 -3.85122e-16
-6.48474e-16 16 -4.68136e-16 -5.18878e-16 16 -8.14818e-16 -5.80733e-16 16 -8.60968e-16 -6.37641e-16
16 -8.87343e-16 -6.70163e-16 16 -8.87343e-16 -6.70163e-16 16 -5.76006e-16 -6.39602e-16 16
-6.9844e-16 -8.30755e-16 16 -6.54839e-16 -8.48764e-16 16 -6.29922e-16 -8.59056e-16 16 -6.29922e-16
-8.59056e-16 16 -4.68633e-16 -7.33007e-16 16 -2.63809e-16 -1.03125e-15 16 -1.69302e-16 -9.83157e-16
16 -1.15292e-16 -9.55675e-16 16 -1.15292e-16 -9.55675e-16 16 -2.31313e-16 -6.48004e-16 16
2.12812e-16 -9.30772e-16 16 3.12329e-16 -8.44234e-16 16 3.69201e-16 -7.94778e-16 16 3.69201e-16
-7.94778e-16 16 -6.5097e-18 -4.53233e-16 16 5.76782e-16 -6.87567e-16 16 6.81145e-16 -6.36645e-16
16 7.40787e-16 -6.07544e-16 16 7.40787e-16 -6.07544e-16 16 1.85842e-16 -3.60639e-16 16
9.26238e-16 -5.25402e-16 16 9.80633e-16 -4.91103e-16 16 1.01172e-15 -4.71503e-16 16 1.01172e-15
-4.71503e-16 16 2.63654e-16 -2.88628e-16 16 9.68312e-16 -3.37957e-16 16 9.56027e-16 -3.16795e-16
16 1.01259e-15 -3.33034e-16 16 1.16099e-15 -3.99155e-16 16 5.94187e-16 -3.83085e-16 16
0 0 16 -1.84812e-17 3.33278e-17 16 -6.54315e-17 9.94191e-17 16 -1.11214e-16
1.11142e-16 16 -1.5696e-16 1.21205e-16 16 -1.69922e-16 1.72632e-16 16 -2.1924e-16 1.2975e-16
16 -2.29886e-16 5.68344e-17 16 -1.93634e-16 -8.99398e-19 16 -1.55952e-16 -5.817e-17 16
-1.13783e-17 -1.08684e-16 16 8.89492e-17 -3.15013e-16 16 1.66963e-16 -4.58927e-16 16 2.6769e-16
-5.24215e-16 16 3.6911e-16 -5.87105e-16 16 4.26905e-16 -5.87459e-16 16 7.47478e-16 -6.87628e-16
16 7.82418e-16 -7.3548e-16 16 8.62492e-16 -7.40373e-16 16 9.43943e-16 -7.43955e-16 16
6.69878e-16 -6.99974e-16 16 8.69415e-16 -5.86461e-16 16 8.39545e-16 -5.87257e-16 16 8.15596e-16
-5.94401e-16 16 7.91828e-16 -6.01739e-16 16 5.53146e-16 -7.16173e-16 16 6.18048e-16 -7.02289e-16
16 6.09241e-16 -6.30808e-16 16 5.45023e-16 -6.24645e-16 16 4.79114e-16 -6.20475e-16 16
3.36921e-16 -5.76262e-16 16 3.13075e-16 -4.52227e-16 16 3.39091e-16 -3.52022e-16 16 3.21952e-16
-3.10314e-16 16 3.03497e-16 -2.70391e-16 16 2.79061e-16 -2.84734e-16 16 3.59949e-16 -1.75431e-16
16 3.91794e-16 -1.39008e-16 16 4.31987e-16 -1.31361e-16 16 4.72434e-16 -1.24592e-16 16
4.12689e-16 -2.12101e-16 16 4.88755e-16 -8.90281e-17 16 4.41199e-16 -1.05731e-16 16 4.26028e-16
-1.47468e-16 16 4.11846e-16 -1.8997e-16 16 2.96006e-16 -3.66328e-16 16 3.40238e-16 -3.08067e-16
16 2.90545e-16 -3.30135e-16 16 2.0789e-16 -3.30716e-16 16 1.24229e-16 -3.30641e-16 16
-1.08916e-17 -4.27116e-16 16 1.06403e-16 -2.97098e-16 16 1.31128e-16 -2.62239e-16 16 1.46039e-16
-1.65025e-16 16 1.60651e-16 -6.59085e-17 16 5.87357e-18 -7.23933e-17 16 2.38073e-16 3.08315e-16
16 2.98873e-16 3.16478e-16 16 3.42553e-16 3.5961e-16 16 3.85711e-16 4.03809e-16 16
2.13111e-16 6.5266e-17 16 5.52402e-16 6.83732e-17 16 5.85325e-16 1.34992e-17 16 5.56536e-16
-3.39238e-17 16 5.25865e-16 -8.11196e-17 16 2.81804e-16 -2.26174e-16 16 5.84858e-16 -2.55036e-16
16 5.86011e-16 -3.20544e-16 16 5.95814e-16 -3.49164e-16 16 6.05881e-16 -3.76659e-16 16
4.07174e-16 -4.22671e-16 16 5.72869e-16 -3.63194e-16 16 6.09793e-16 -4.06673e-16 16 6.32307e-16
-4.61674e-16 16 6.86584e-16 -4.91868e-16 16 7.43962e-16 -5.19641e-16 16 7.7391e-16 -5.34137e-16
16 8.03859e-16 -5.48633e-16 16 8.28744e-16 -5.65559e-16 16 8.12119e-16 -6.02406e-16 16
7.95494e-16 -6.39253e-16 16 1.05415e-15 -5.99692e-16 16 1.09416e-15 -6.26861e-16 16 1.16484e-15
-6.67642e-16 16 1.23646e-15 -7.08837e-16 16 1.09359e-15 -7.71482e-16 16 1.14463e-15 -6.09312e-16
16 1.07941e-15 -5.36231e-16 16 1.00454e-15 -5.1922e-16 16 9.29378e-16 -5.0392e-16 16
7.4841e-16 -5.88948e-16 16 5.6922e-16 -3.66712e-16 16 4.7995e-16 -2.65067e-16 16 3.98516e-16
-1.75084e-16 16 3.17322e-16 -8.54568e-17 16 3.36017e-16 -1.30229e-16 16 2.99373e-16 2.87312e-16
16 2.79966e-16 3.91467e-16 16 2.79196e-16 4.97972e-16 16 2.78995e-16 6.04548e-16 16
2.05911e-16 3.92131e-16 16 1.13831e-16 8.31164e-16 16 1.51279e-16 9.20781e-16 16 1.70567e-16
9.82724e-16 16 1.89301e-16 1.04382e-15 16 2.5535e-16 7.52585e-16 16 2.07126e-16 1.022e-15
16 2.16417e-16 1.07229e-15 16 2.08699e-16 1.08184e-15 16 2.00463e-16 1.09015e-15 16
2.26439e-16 8.92601e-16 16 -1.84843e-16 1.04026e-15 16 -2.5263e-16 1.02853e-15 16 -3.46508e-16
1.00666e-15 16 -4.41182e-16 9.84482e-16 16 -1.54382e-16 8.01323e-16 16 -5.38614e-16 8.23951e-16
16 -6.33318e-16 7.59195e-16 16 -7.75496e-16 7.21533e-16 16 -9.19123e-16 6.84699e-16 16
-6.60385e-16 5.49085e-16 16 -1.1079e-15 4.64891e-16 16 -1.17616e-15 4.16057e-16 16 -1.26766e-15
3.85889e-16 16 -1.35986e-15 3.5629e-16 16 -1.02518e-15 3.4873e-16 16 -1.46962e-15 3.5311e-16
16 -1.45353e-15 3.17069e-16 16 -1.44338e-15 2.53387e-16 16 -1.43341e-15 1.88862e-16 16
-1.01397e-15 7.40788e-17 16 -1.46669e-15 5.19738e-17 16 -1.35903e-15 -5.6094e-17 16 -1.31297e-15
-2.00587e-16 16 -1.26879e-15 -3.46192e-16 16 -6.73021e-16 -5.98043e-16 16 -8.47927e-16 -8.40674e-16
16 -7.51266e-16 -9.68805e-16 16 -6.78725e-16 -1.09553e-15 16 -6.0692e-16 -1.22221e-15 16
-2.21239e-16 -1.26009e-15 16 -3.5301e-16 -1.40494e-15 16 -3.72977e-16 -1.48191e-15 16 -3.53484e-16
-1.54273e-15 16 -3.32787e-16 -1.60304e-15 16 -1.93479e-16 -1.59836e-15 16 -5.29933e-16 -1.81503e-15
16 -5.57709e-16 -1.8167e-15 16 -5.47453e-16 -1.81878e-15 16 -5.36037e-16 -1.82087e-15 16
-3.03238e-16 -1.5846e-15 16 -4.63093e-16 -1.62908e-15 16 -5.22283e-16 -1.62785e-15 16 -5.41154e-16
-1.61617e-15 16 -5.58796e-16 -1.60418e-15 16 -5.45577e-16 -1.51939e-15 16 -7.11495e-16 -1.61996e-15
16 -7.72408e-16 -1.6517e-15 16 -8.00592e-16 -1.63444e-15 16 -8.27777e-16 -1.61568e-15 16
-7.56723e-16 -1.53739e-15 16 -7.5214e-16 -1.39755e-15 16 -7.36611e-16 -1.33749e-15 16 -7.10895e-16
-1.25599e-15 16 -6.84868e-16 -1.17384e-15 16 -6.87365e-16 -1.21533e-15 16 -6.69464e-16 -9.25213e-16
16 -6.57227e-16 -8.90592e-16 16 -7.07371e-16 -8.73209e-16 16 -7.59417e-16 -8.56353e-16 16
-8.06192e-16 -1.15406e-15 16 -7.39857e-16 -1.13902e-15 16 -7.62292e-16 -1.17293e-15 16 -8.0774e-16
-1.22915e-15 16 -8.5389e-16 -1.28606e-15 16 -9.64167e-16 -1.38185e-15 16 -1.04568e-15 -1.29274e-15
16 -1.07333e-15 -1.25092e-15 16 -1.03184e-15 -1.26716e-15 16 -9.88235e-16 -1.28517e-15 16
-9.52915e-16 -1.2903e-15 16 -1.07586e-15 -1.13986e-15 16 -1.04199e-15 -1.04429e-15 16 -9.49282e-16
-9.94793e-16 16 -8.54775e-16 -9.46704e-16 16 -6.56941e-16 -9.08908e-16 16 -7.66588e-16 -6.36659e-16
16 -6.91969e-16 -5.84237e-16 16 -5.93189e-16 -4.98708e-16 16 -4.93673e-16 -4.12169e-16 16
-2.30605e-16 -5.21314e-16 16 -3.94519e-16 -3.53908e-16 16 -3.38724e-16 -3.77219e-16 16 -2.35798e-16
-3.28495e-16 16 -1.31435e-16 -2.77574e-16 16 1.85196e-16 -3.82719e-16 16 1.91334e-16 -1.90285e-16
16 2.12074e-16 -2.03055e-16 16 2.65472e-16 -1.7015e-16 16 3.19867e-16 -1.35852e-16 16
3.92303e-16 -2.70886e-16 16 2.68686e-16 -1.53706e-16 16 2.70276e-16 -1.40262e-16 16 2.58401e-16
-1.19328e-16 16 2.46116e-16 -9.81657e-17 16 3.57482e-16 -1.79183e-16 16 0 0
16 -2.91012e-17 1.47406e-17 16 -5.01771e-17 2.8268e-17 16 -1.12223e-17 5.02232e-17 16
2.77325e-17 7.21784e-17 16 4.95169e-17 1.13894e-16 16 4.27961e-17 6.79128e-17 16 1.07954e-16
2.54592e-17 16 2.39969e-16 1.90596e-17 16 3.71984e-16 1.26601e-17 16 5.27322e-16 -1.18527e-17
16 6.31991e-16 -1.47726e-16 16 7.24827e-16 -2.10567e-16 16 7.96778e-16 -2.73291e-16 16
8.68729e-16 -3.36014e-16 16 9.27223e-16 -3.61093e-16 16 1.16066e-15 -4.15538e-16 16 1.21396e-15
-4.21035e-16 16 1.19878e-15 -4.31192e-16 16 1.1836e-15 -4.41349e-16 16 9.96148e-16 -4.19952e-16
16 1.10808e-15 -3.55494e-16 16 1.09015e-15 -3.59926e-16 16 1.08642e-15 -3.57289e-16 16
1.08269e-15 -3.54653e-16 16 9.40604e-16 -4.20958e-16 16 9.44057e-16 -4.22168e-16 16 8.77111e-16
-4.25068e-16 16 8.07642e-16 -4.45172e-16 16 7.38172e-16 -4.65277e-16 16 6.24247e-16 -4.50643e-16
16 5.95116e-16 -3.70055e-16 16 5.54169e-16 -3.4239e-16 16 4.58494e-16 -3.44553e-16 16
3.62819e-16 -3.46717e-16 16 2.97218e-16 -3.63252e-16 16 3.63492e-16 -2.99593e-16 16 3.83339e-16
-3.01442e-16 16 3.53059e-16 -3.24262e-16 16 3.22779e-16 -3.47082e-16 16 2.62919e-16 -4.13858e-16
16 3.08738e-16 -3.60805e-16 16 3.03402e-16 -4.00922e-16 16 3.19592e-16 -4.35239e-16 16
3.35781e-16 -4.69556e-16 16 2.77412e-16 -5.88174e-16 16 2.65215e-16 -5.49309e-16 16 1.98657e-16
-5.55768e-16 16 1.73716e-16 -5.78124e-16 16 1.48775e-16 -6.0048e-16 16 6.71865e-17 -6.71283e-16
16 1.42039e-16 -5.42801e-16 16 1.25711e-16 -4.4789e-16 16 3.40955e-17 -3.63213e-16 16
-5.75199e-17 -2.78535e-16 16 -2.04965e-16 -2.5125e-16 16 -5.07383e-17 1.92056e-18 16 -2.54465e-17
4.20123e-17 16 -4.36282e-17 7.21104e-17 16 -6.18099e-17 1.02208e-16 16 -1.83366e-16 -9.23827e-17
16 -1.52238e-18 -1.07958e-16 16 5.25425e-18 -1.71214e-16 16 1.03152e-16 -2.73552e-16 16
2.0105e-16 -3.7589e-16 16 1.14171e-16 -5.13197e-16 16 2.97021e-16 -5.20388e-16 16 3.01676e-16
-5.33101e-16 16 3.0633e-16 -5.45815e-16 16 3.29119e-16 -5.54998e-16 16 3.93318e-16 -5.5612e-16
16 4.67961e-16 -5.57424e-16 16 5.42604e-16 -5.58729e-16 16 6.17247e-16 -5.60033e-16 16
6.91889e-16 -5.61337e-16 16 5.8445e-16 -5.84743e-16 16 7.43679e-16 -5.69094e-16 16 8.54921e-16
-5.79598e-16 16 1.02436e-15 -5.1281e-16 16 1.1938e-15 -4.46021e-16 16 1.26819e-15 -4.55225e-16
16 1.45789e-15 -4.50057e-16 16 1.53118e-15 -4.73015e-16 16 1.60857e-15 -4.51596e-16 16
1.68596e-15 -4.30176e-16 16 1.63147e-15 -4.49004e-16 16 1.63076e-15 -3.5477e-16 16 1.5598e-15
-3.43996e-16 16 1.49908e-15 -3.44236e-16 16 1.43836e-15 -3.44476e-16 16 1.30753e-15 -3.98448e-16
16 1.16858e-15 -2.30848e-16 16 1.0914e-15 -1.46783e-16 16 1.02399e-15 -7.62499e-17 16
9.5658e-16 -5.7171e-18 16 9.43403e-16 -7.91522e-18 16 9.24429e-16 2.86615e-16 16 8.87931e-16
3.90933e-16 16 7.63113e-16 4.89757e-16 16 6.38295e-16 5.88581e-16 16 5.23873e-16 4.98395e-16
16 4.72648e-16 7.82673e-16 16 4.5827e-16 8.42595e-16 16 3.6332e-16 8.99655e-16 16
2.68371e-16 9.56714e-16 16 2.51542e-16 8.03034e-16 16 2.16262e-16 9.61807e-16 16 1.98641e-16
9.75456e-16 16 1.58184e-16 1.00211e-15 16 1.17727e-16 1.02876e-15 16 1.11958e-16 9.23254e-16
16 -1.78159e-16 1.00176e-15 16 -2.57537e-16 9.78944e-16 16 -2.99697e-16 9.54565e-16 16
-3.41857e-16 9.30185e-16 16 -1.76847e-16 8.09675e-16 16 -4.73755e-16 8.13366e-16 16 -5.71936e-16
7.71942e-16 16 -5.59534e-16 7.19352e-16 16 -5.47132e-16 6.66762e-16 16 -3.6011e-16 5.61468e-16
16 -6.70609e-16 5.02153e-16 16 -7.4363e-16 4.67188e-16 16 -7.69969e-16 4.19167e-16 16
-7.96308e-16 3.71146e-16 16 -5.9391e-16 3.44453e-16 16 -8.59031e-16 3.1673e-16 16 -8.69632e-16
2.48243e-16 16 -9.30285e-16 1.70117e-16 16 -9.90938e-16 9.19909e-17 16 -7.73828e-16 -1.05146e-17
16 -1.03994e-15 -8.79009e-17 16 -9.99307e-16 -2.41675e-16 16 -9.673e-16 -4.15328e-16 16
-9.35293e-16 -5.88981e-16 16 -5.65302e-16 -8.14481e-16 16 -6.46444e-16 -1.01085e-15 16 -5.57599e-16
-1.14788e-15 16 -4.2729e-16 -1.3101e-15 16 -2.96981e-16 -1.47231e-15 16 -2.8849e-18 -1.56546e-15
16 -6.73552e-17 -1.67398e-15 16 -4.39165e-17 -1.73545e-15 16 -1.38069e-17 -1.79974e-15 16
1.63026e-17 -1.86402e-15 16 1.13843e-16 -1.88737e-15 16 -7.80045e-17 -2.01895e-15 16 -1.01747e-16
-2.01162e-15 16 -2.11042e-16 -1.98139e-15 16 -3.20336e-16 -1.95117e-15 16 -2.43461e-16 -1.79127e-15
16 -3.39937e-16 -1.81154e-15 16 -3.85693e-16 -1.78863e-15 16 -4.9986e-16 -1.73918e-15 16
-6.14027e-16 -1.68973e-15 16 -6.6748e-16 -1.61271e-15 16 -7.72707e-16 -1.6575e-15 16 -8.02617e-16
-1.64249e-15 16 -8.39158e-16 -1.63661e-15 16 -8.75698e-16 -1.63072e-15 16 -8.48908e-16 -1.58332e-15
16 -8.34062e-16 -1.46269e-15 16 -8.23933e-16 -1.39821e-15 16 -8.52487e-16 -1.37672e-15 16
-8.81041e-16 -1.35522e-15 16 -9.02993e-16 -1.38184e-15 16 -9.23585e-16 -1.20314e-15 16 -9.71226e-16
-1.21007e-15 16 -1.00815e-15 -1.27488e-15 16 -1.04507e-15 -1.33969e-15 16 -1.08541e-15 -1.5586e-15
16 -1.06768e-15 -1.57595e-15 16 -1.10391e-15 -1.62881e-15 16 -1.11598e-15 -1.67179e-15 16
-1.12806e-15 -1.71478e-15 16 -1.19367e-15 -1.78729e-15 16 -1.21364e-15 -1.75068e-15 16 -1.19507e-15
-1.74445e-15 16 -1.23741e-15 -1.67925e-15 16 -1.27975e-15 -1.61404e-15 16 -1.2896e-15 -1.57736e-15
16 -1.31611e-15 -1.47547e-15 16 -1.24314e-15 -1.40943e-15 16 -1.22258e-15 -1.29971e-15 16
-1.20202e-15 -1.19e-15 16 -1.08688e-15 -1.11337e-15 16 -1.10936e-15 -9.09126e-16 16 -1.01819e-15
-8.12863e-16 16 -9.47316e-16 -6.92937e-16 16 -8.76445e-16 -5.73012e-16 16 -6.94438e-16 -5.85669e-16
16 -7.43769e-16 -4.521e-16 16 -6.42403e-16 -3.87223e-16 16 -5.4833e-16 -2.88388e-16 16
-4.54256e-16 -1.89553e-16 16 -2.27672e-16 -2.05743e-16 16 -1.96763e-16 -6.82115e-17 16 -1.40983e-16
-1.94655e-17 16 -8.18339e-17 6.44362e-17 16 -2.26846e-17 1.48338e-16 16 4.52716e-17 1.08477e-16
16 -3.64766e-17 1.88838e-16 16 -4.93882e-17 2.10627e-16 16 -6.38236e-17 2.33941e-16 16
-7.82591e-17 2.57255e-16 16 -1.71799e-17 2.18004e-16 
